Jugador,Temporada,Equipo,Pos,Edad,Partidos,Minutos,Goles,Asistencias,G+A,Penales,Amarillas,2a Amarillas,Rojas,Tiros,Tiros a puerta,Faltas hechas,Faltas recibidas,Intercepciones,Entradas ganadas,Goles recibidos,Tiros a puerta recibidos,Victorias,Empates,Derrotas,Partidos sin goles,Tiros a puerta parados (%),Penaltis parados (%)
Thibaut Courtois,,,,,,,,,,,,,,,,,,,,,,,,,,,
Andriy Lunin,,,,,,,,,,,,,,,,,,,,,,,,,,,
Fran González,,,,,,,,,,,,,,,,,,,,,,,,,,,
Dean Huijsen,,,,,,,,,,,,,,,,,,,,,,,,,,,
Ibrahima Konaté,,,,,,,,,,,,,,,,,,,,,,,,,,,
Éder Militão,,,,,,,,,,,,,,,,,,,,,,,,,,,
Raúl Asencio,21/22,Alcorcón,FW,23.0,15.0,510.0,2.0,2.0,4.0,,3.0,0.0,0.0,12.0,5.0,11.0,10.0,2.0,3.0,,,,,,,,
Antonio Rüdiger,,,,,,,,,,,,,,,,,,,,,,,,,,,
Marc Cucurella,,,,,,,,,,,,,,,,,,,,,,,,,,,
Álvaro Carreras,,,,,,,,,,,,,,,,,,,,,,,,,,,
Ferland Mendy,,,,,,,,,,,,,,,,,,,,,,,,,,,
Trent Alexander-Arnold,,,,,,,,,,,,,,,,,,,,,,,,,,,
Denzel Dumfries,,,,,,,,,,,,,,,,,,,,,,,,,,,
David Jiménez,,,,,,,,,,,,,,,,,,,,,,,,,,,
Aurélien Tchouaméni,,,,,,,,,,,,,,,,,,,,,,,,,,,
Federico Valverde,,,,,,,,,,,,,,,,,,,,,,,,,,,
Eduardo Camavinga,,,,,,,,,,,,,,,,,,,,,,,,,,,
Thiago Pinar,,,,,,,,,,,,,,,,,,,,,,,,,,,
Manuel Ángel,,,,,,,,,,,,,,,,,,,,,,,,,,,
Jude Bellingham,,,,,,,,,,,,,,,,,,,,,,,,,,,
Arda Güler,,,,,,,,,,,,,,,,,,,,,,,,,,,
Bernardo Silva,,,,,,,,,,,,,,,,,,,,,,,,,,,
César Palacios,,,,,,,,,,,,,,,,,,,,,,,,,,,
Vinicius Júnior,,,,,,,,,,,,,,,,,,,,,,,,,,,
Rodrygo,,,,,,,,,,,,,,,,,,,,,,,,,,,
Franco Mastantuono,,,,,,,,,,,,,,,,,,,,,,,,,,,
Brahim Díaz,,,,,,,,,,,,,,,,,,,,,,,,,,,
Kylian Mbappé,,,,,,,,,,,,,,,,,,,,,,,,,,,
Endrick,,,,,,,,,,,,,,,,,,,,,,,,,,,
Gonzalo García,,,,,,,,,,,,,,,,,,,,,,,,,,,
Joan García,23/24,Espanyol,GK,22.0,14.0,1260.0,0.0,0.0,0.0,,1.0,0.0,0.0,0.0,0.0,0.0,2.0,0.0,0.0,7.0,41.0,4.0,10.0,0.0,6.0,82.9,
Marc-André ter Stegen,,,,,,,,,,,,,,,,,,,,,,,,,,,
Áron Yaakobishvili,25/26,FC Andorra,GK,19.0,21.0,1890.0,0.0,0.0,0.0,,1.0,0.0,0.0,1.0,0.0,0.0,2.0,0.0,2.0,29.0,98.0,7.0,6.0,8.0,3.0,70.4,
Wojciech Szczęsny,,,,,,,,,,,,,,,,,,,,,,,,,,,
Pau Cubarsí,,,,,,,,,,,,,,,,,,,,,,,,,,,
Eric García,,,,,,,,,,,,,,,,,,,,,,,,,,,
Gerard Martín,,,,,,,,,,,,,,,,,,,,,,,,,,,
Ronald Araújo,,,,,,,,,,,,,,,,,,,,,,,,,,,
Andreas Christensen,,,,,,,,,,,,,,,,,,,,,,,,,,,
Alvaro Cortes,,,,,,,,,,,,,,,,,,,,,,,,,,,
Alejandro Balde,,,,,,,,,,,,,,,,,,,,,,,,,,,
Jules Koundé,,,,,,,,,,,,,,,,,,,,,,,,,,,
Héctor Fort,,,,,,,,,,,,,,,,,,,,,,,,,,,
Xavi Espart,,,,,,,,,,,,,,,,,,,,,,,,,,,
Marc Bernal,,,,,,,,,,,,,,,,,,,,,,,,,,,
Marc Casado,,,,,,,,,,,,,,,,,,,,,,,,,,,
Tomas Marques,,,,,,,,,,,,,,,,,,,,,,,,,,,
Pedri,,,,,,,,,,,,,,,,,,,,,,,,,,,
Frenkie de Jong,,,,,,,,,,,,,,,,,,,,,,,,,,,
Gavi,,,,,,,,,,,,,,,,,,,,,,,,,,,
Fermin López,,,,,,,,,,,,,,,,,,,,,,,,,,,
Dani Olmo,,,,,,,,,,,,,,,,,,,,,,,,,,,
Toni Fernández,,,,,,,,,,,,,,,,,,,,,,,,,,,
Raphinha,,,,,,,,,,,,,,,,,,,,,,,,,,,
Anthony Gordon,,,,,,,,,,,,,,,,,,,,,,,,,,,
Lamine Yamal,,,,,,,,,,,,,,,,,,,,,,,,,,,
Roony Bardghji,,,,,,,,,,,,,,,,,,,,,,,,,,,
Ferrán Torres,,,,,,,,,,,,,,,,,,,,,,,,,,,
Jan Oblak,,,,,,,,,,,,,,,,,,,,,,,,,,,
Juan Musso,,,,,,,,,,,,,,,,,,,,,,,,,,,
Dávid Hancko,,,,,,,,,,,,,,,,,,,,,,,,,,,
Marc Pubill,22/23,Levante,DF,19.0,24.0,1516.0,1.0,0.0,1.0,,4.0,0.0,0.0,16.0,4.0,29.0,19.0,15.0,26.0,,,,,,,,
Marc Pubill,24/25,Almería,DF,21.0,36.0,2819.0,1.0,4.0,5.0,,6.0,0.0,0.0,31.0,11.0,40.0,60.0,19.0,26.0,,,,,,,,
Robin Le Normand,,,,,,,,,,,,,,,,,,,,,,,,,,,
José María Giménez,,,,,,,,,,,,,,,,,,,,,,,,,,,
Matteo Ruggeri,,,,,,,,,,,,,,,,,,,,,,,,,,,
Alejandro Grimaldo,,,,,,,,,,,,,,,,,,,,,,,,,,,
Marcos Llorente,,,,,,,,,,,,,,,,,,,,,,,,,,,
Nahuel Molina,,,,,,,,,,,,,,,,,,,,,,,,,,,
Morten Hjulmand,,,,,,,,,,,,,,,,,,,,,,,,,,,
Pablo Barrios,,,,,,,,,,,,,,,,,,,,,,,,,,,
Rodrigo Mendoza,23/24,Elche,"MF,FW",18.0,23.0,1015.0,1.0,0.0,1.0,,3.0,0.0,0.0,31.0,4.0,26.0,16.0,14.0,9.0,,,,,,,,
Rodrigo Mendoza,24/25,Elche,"MF,FW",19.0,21.0,853.0,1.0,2.0,3.0,,2.0,0.0,0.0,19.0,4.0,15.0,21.0,4.0,11.0,,,,,,,,
Johnny Cardoso,,,,,,,,,,,,,,,,,,,,,,,,,,,
Obed Vargas,,,,,,,,,,,,,,,,,,,,,,,,,,,
Koke,,,,,,,,,,,,,,,,,,,,,,,,,,,
Thomas Lemar,,,,,,,,,,,,,,,,,,,,,,,,,,,
Álex Baena,21/22,Girona,"MF,FW",20.0,38.0,2807.0,5.0,6.0,11.0,,16.0,1.0,1.0,76.0,31.0,78.0,69.0,22.0,24.0,,,,,,,,
Ademola Lookman,,,,,,,,,,,,,,,,,,,,,,,,,,,
Thiago Almada,,,,,,,,,,,,,,,,,,,,,,,,,,,
Carlos Martín,23/24,Mirandés,"FW,MF",21.0,40.0,2866.0,15.0,3.0,18.0,,3.0,0.0,0.0,79.0,34.0,29.0,48.0,15.0,16.0,,,,,,,,
Giuliano Simeone,22/23,Zaragoza,FW,19.0,36.0,2804.0,9.0,3.0,12.0,,6.0,1.0,1.0,83.0,30.0,36.0,64.0,13.0,12.0,,,,,,,,
Julián Álvarez,,,,,,,,,,,,,,,,,,,,,,,,,,,
Alexander Sørloth,,,,,,,,,,,,,,,,,,,,,,,,,,,
Luiz Lúcio Reis Júnior,,,,,,,,,,,,,,,,,,,,,,,,,,,
Arnau Tenas,,,,,,,,,,,,,,,,,,,,,,,,,,,
Diego Conde,23/24,Leganés,GK,24.0,40.0,3519.0,0.0,0.0,0.0,,0.0,0.0,0.0,0.0,0.0,0.0,6.0,0.0,0.0,26.0,104.0,18.0,14.0,7.0,18.0,75.0,
Renato Veiga,,,,,,,,,,,,,,,,,,,,,,,,,,,
Logan Costa,,,,,,,,,,,,,,,,,,,,,,,,,,,
Pau Navarro,23/24,Villarreal B,"MF,DF",18.0,13.0,996.0,1.0,0.0,1.0,,1.0,0.0,0.0,4.0,2.0,18.0,6.0,14.0,10.0,,,,,,,,
Juan Foyth,,,,,,,,,,,,,,,,,,,,,,,,,,,
Willy Kambwala,,,,,,,,,,,,,,,,,,,,,,,,,,,
Carlos Romero,22/23,Villarreal B,"DF,MF",20.0,24.0,967.0,0.0,2.0,2.0,,3.0,0.0,0.0,8.0,1.0,8.0,5.0,12.0,20.0,,,,,,,,
Carlos Romero,23/24,Villarreal B,"MF,DF",21.0,22.0,1712.0,0.0,4.0,4.0,,4.0,0.0,0.0,29.0,6.0,21.0,17.0,13.0,16.0,,,,,,,,
Sergi Cardona,21/22,Las Palmas,DF,22.0,37.0,3067.0,0.0,1.0,1.0,,10.0,0.0,0.0,20.0,5.0,58.0,63.0,71.0,60.0,,,,,,,,
Sergi Cardona,22/23,Las Palmas,DF,23.0,39.0,3123.0,0.0,2.0,2.0,,11.0,0.0,0.0,19.0,4.0,47.0,50.0,57.0,65.0,,,,,,,,
Santiago Mouriño,23/24,Zaragoza,DF,21.0,28.0,2142.0,1.0,0.0,1.0,,9.0,1.0,1.0,17.0,4.0,44.0,43.0,31.0,40.0,,,,,,,,
Alex Freeman,,,,,,,,,,,,,,,,,,,,,,,,,,,
Pape Gueye,,,,,,,,,,,,,,,,,,,,,,,,,,,
Santi Comesaña,,,,,,,,,,,,,,,,,,,,,,,,,,,
Carlos Macià,,,,,,,,,,,,,,,,,,,,,,,,,,,
Daniel Requena,22/23,Villarreal B,MF,18.0,1.0,12.0,0.0,0.0,0.0,,0.0,0.0,0.0,0.0,0.0,0.0,2.0,0.0,0.0,,,,,,,,
Daniel Requena,23/24,Villarreal B,"MF,FW",19.0,38.0,1366.0,1.0,0.0,1.0,,7.0,0.0,0.0,23.0,9.0,35.0,24.0,23.0,28.0,,,,,,,,
Daniel Requena,25/26,Córdoba,MF,21.0,36.0,2587.0,2.0,0.0,2.0,,11.0,0.0,0.0,37.0,7.0,65.0,49.0,40.0,61.0,,,,,,,,
Alberto Moleiro,21/22,Las Palmas,"MF,FW",17.0,35.0,1905.0,3.0,1.0,4.0,,2.0,0.0,0.0,39.0,12.0,24.0,33.0,5.0,20.0,,,,,,,,
Alberto Moleiro,22/23,Las Palmas,MF,18.0,40.0,2692.0,0.0,8.0,8.0,,4.0,0.0,0.0,61.0,16.0,30.0,41.0,8.0,16.0,,,,,,,,
Thiago Fernández,,,,,,,,,,,,,,,,,,,,,,,,,,,
Ilias Akhomach,23/24,Villarreal B,MF,19.0,2.0,156.0,0.0,0.0,0.0,,0.0,0.0,0.0,6.0,0.0,2.0,7.0,1.0,1.0,,,,,,,,
Tajon Buchanan,,,,,,,,,,,,,,,,,,,,,,,,,,,
Nicolas Pépé,,,,,,,,,,,,,,,,,,,,,,,,,,,
Georges Mikautadze,,,,,,,,,,,,,,,,,,,,,,,,,,,
Tani Oluwaseyi,,,,,,,,,,,,,,,,,,,,,,,,,,,
Ayoze Pérez,,,,,,,,,,,,,,,,,,,,,,,,,,,
Gerard Moreno,,,,,,,,,,,,,,,,,,,,,,,,,,,
Hugo López,,,,,,,,,,,,,,,,,,,,,,,,,,,
Álex Forés,22/23,Villarreal B,FW,21.0,32.0,981.0,2.0,1.0,3.0,,1.0,0.0,0.0,27.0,15.0,10.0,11.0,2.0,2.0,,,,,,,,
Álex Forés,23/24,Villarreal B,FW,22.0,39.0,2834.0,16.0,1.0,17.0,,2.0,0.0,0.0,73.0,33.0,19.0,24.0,2.0,6.0,,,,,,,,
Álex Forés,24/25,Levante,FW,23.0,18.0,402.0,5.0,1.0,6.0,,2.0,0.0,0.0,24.0,13.0,3.0,2.0,0.0,2.0,,,,,,,,
Álex Remiro,,,,,,,,,,,,,,,,,,,,,,,,,,,
Unai Marrero,21/22,Real Sociedad B,GK,19.0,2.0,173.0,0.0,0.0,0.0,,0.0,0.0,0.0,0.0,0.0,0.0,0.0,0.0,0.0,1.0,5.0,1.0,0.0,0.0,1.0,80.0,
Jon Martin,,,,,,,,,,,,,,,,,,,,,,,,,,,
Igor Zubeldia,,,,,,,,,,,,,,,,,,,,,,,,,,,
Jon Pacheco,21/22,Real Sociedad B,DF,20.0,2.0,180.0,0.0,0.0,0.0,,1.0,0.0,0.0,0.0,0.0,2.0,2.0,2.0,5.0,,,,,,,,
Kazunari Kita,25/26,Real Sociedad B,DF,19.0,31.0,2384.0,0.0,0.0,0.0,,6.0,0.0,1.0,6.0,0.0,41.0,15.0,50.0,26.0,,,,,,,,
Sergio Gómez,,,,,,,,,,,,,,,,,,,,,,,,,,,
Javi López,22/23,Burgos,MF,21.0,2.0,2.0,0.0,0.0,0.0,,0.0,0.0,0.0,0.0,0.0,1.0,0.0,0.0,0.0,,,,,,,,
Javi López,22/23,Alavés,DF,20.0,30.0,1263.0,0.0,0.0,0.0,,2.0,0.0,0.0,8.0,1.0,18.0,23.0,11.0,6.0,,,,,,,,
Javi López,23/24,Burgos,MF,22.0,4.0,57.0,0.0,0.0,0.0,,1.0,0.0,0.0,0.0,0.0,2.0,1.0,1.0,0.0,,,,,,,,
Aihen Muñoz,,,,,,,,,,,,,,,,,,,,,,,,,,,
Jon Aramburu,,,,,,,,,,,,,,,,,,,,,,,,,,,
Álvaro Odriozola,,,,,,,,,,,,,,,,,,,,,,,,,,,
Iñaki Rupérez,,,,,,,,,,,,,,,,,,,,,,,,,,,
Jon Gorrotxategi,24/25,Mirandés,MF,22.0,42.0,3691.0,4.0,2.0,6.0,,2.0,0.0,0.0,35.0,6.0,47.0,73.0,55.0,68.0,,,,,,,,
Beñat Turrientes,21/22,Real Sociedad B,MF,19.0,20.0,1746.0,0.0,1.0,1.0,,4.0,0.0,0.0,28.0,7.0,14.0,48.0,12.0,21.0,,,,,,,,
Luka Sučić,,,,,,,,,,,,,,,,,,,,,,,,,,,
Carlos Soler,,,,,,,,,,,,,,,,,,,,,,,,,,,
Yangel Herrera,,,,,,,,,,,,,,,,,,,,,,,,,,,
Arsen Zakharyan,,,,,,,,,,,,,,,,,,,,,,,,,,,
Pablo Marín,21/22,Real Sociedad B,MF,18.0,1.0,11.0,0.0,0.0,0.0,,0.0,0.0,0.0,0.0,0.0,0.0,0.0,0.0,0.0,,,,,,,,
Mikel Goti,25/26,Córdoba,MF,23.0,16.0,824.0,1.0,0.0,1.0,,2.0,0.0,0.0,26.0,8.0,16.0,11.0,5.0,13.0,,,,,,,,
Ander Barrenetxea,,,,,,,,,,,,,,,,,,,,,,,,,,,
Gonçalo Guedes,,,,,,,,,,,,,,,,,,,,,,,,,,,
Takefusa Kubo,,,,,,,,,,,,,,,,,,,,,,,,,,,
Mikel Oyarzabal,,,,,,,,,,,,,,,,,,,,,,,,,,,
Orri Steinn Óskarsson,,,,,,,,,,,,,,,,,,,,,,,,,,,
Jon Karrikaburu,21/22,Real Sociedad B,FW,18.0,36.0,2121.0,11.0,1.0,12.0,,5.0,0.0,0.0,65.0,27.0,32.0,29.0,1.0,7.0,,,,,,,,
Jon Karrikaburu,22/23,Leganés,"FW,MF",19.0,19.0,1069.0,3.0,0.0,3.0,,3.0,0.0,0.0,28.0,10.0,21.0,24.0,0.0,7.0,,,,,,,,
Jon Karrikaburu,23/24,FC Andorra,FW,20.0,21.0,1332.0,3.0,0.0,3.0,,4.0,0.0,0.0,41.0,11.0,29.0,26.0,4.0,6.0,,,,,,,,
Jon Karrikaburu,24/25,Racing Sant,FW,21.0,41.0,1997.0,8.0,4.0,12.0,,3.0,0.0,0.0,66.0,31.0,41.0,63.0,4.0,12.0,,,,,,,,
Carlos Fernández,24/25,Cádiz,"FW,MF",28.0,32.0,1607.0,1.0,1.0,2.0,,5.0,0.0,0.0,30.0,12.0,41.0,25.0,6.0,13.0,,,,,,,,
Carlos Fernández,25/26,Mirandés,FW,29.0,35.0,2648.0,16.0,2.0,18.0,,9.0,0.0,0.0,66.0,27.0,55.0,40.0,6.0,6.0,,,,,,,,
Unai Simón,,,,,,,,,,,,,,,,,,,,,,,,,,,
Julen Agirrezabala,,,,,,,,,,,,,,,,,,,,,,,,,,,
Alex Padilla,,,,,,,,,,,,,,,,,,,,,,,,,,,
Daniel Vivian,,,,,,,,,,,,,,,,,,,,,,,,,,,
Aymeric Laporte,,,,,,,,,,,,,,,,,,,,,,,,,,,
Aitor Paredes,,,,,,,,,,,,,,,,,,,,,,,,,,,
Yeray Álvarez,,,,,,,,,,,,,,,,,,,,,,,,,,,
Unai Egiluz,,,,,,,,,,,,,,,,,,,,,,,,,,,
Adama Boiro,,,,,,,,,,,,,,,,,,,,,,,,,,,
Yuri Berchiche,,,,,,,,,,,,,,,,,,,,,,,,,,,
Jesús Areso,22/23,Burgos,"DF,MF",23.0,37.0,2578.0,0.0,5.0,5.0,,4.0,0.0,0.0,5.0,2.0,28.0,13.0,17.0,22.0,,,,,,,,
Hugo Rincón,24/25,Mirandés,"DF,MF",21.0,39.0,3287.0,2.0,4.0,6.0,,8.0,0.0,0.0,24.0,8.0,61.0,76.0,26.0,52.0,,,,,,,,
Andoni Gorosabel,,,,,,,,,,,,,,,,,,,,,,,,,,,
Mikel Vesga,,,,,,,,,,,,,,,,,,,,,,,,,,,
Mikel Jauregizar,,,,,,,,,,,,,,,,,,,,,,,,,,,
Beñat Prados,22/23,Mirandés,"MF,DF",21.0,39.0,2557.0,0.0,2.0,2.0,,9.0,0.0,1.0,13.0,1.0,48.0,37.0,45.0,43.0,,,,,,,,
Alejandro Rego,,,,,,,,,,,,,,,,,,,,,,,,,,,
Selton Sánchez,,,,,,,,,,,,,,,,,,,,,,,,,,,
Iñigo Ruiz de Galarreta,,,,,,,,,,,,,,,,,,,,,,,,,,,
Unai Vencedor Paris,23/24,Eibar,MF,22.0,38.0,1358.0,2.0,3.0,5.0,,4.0,0.0,0.0,8.0,3.0,22.0,23.0,11.0,20.0,,,,,,,,
Unai Vencedor Paris,24/25,Racing Sant,MF,23.0,38.0,2737.0,0.0,2.0,2.0,,5.0,0.0,0.0,13.0,2.0,50.0,44.0,45.0,45.0,,,,,,,,
Beñat Gerenabarrena,25/26,Castellón,MF,22.0,37.0,2611.0,2.0,1.0,3.0,,8.0,1.0,1.0,22.0,5.0,51.0,65.0,54.0,52.0,,,,,,,,
Oihan Sancet,,,,,,,,,,,,,,,,,,,,,,,,,,,
Peio Canales,25/26,Racing Sant,MF,20.0,35.0,2849.0,6.0,9.0,15.0,,4.0,0.0,1.0,60.0,17.0,26.0,57.0,25.0,25.0,,,,,,,,
Nico Williams,,,,,,,,,,,,,,,,,,,,,,,,,,,
Álvaro djaló,,,,,,,,,,,,,,,,,,,,,,,,,,,
Álex Berenguer,,,,,,,,,,,,,,,,,,,,,,,,,,,
Nicolás Serrano,22/23,Mirandés,"MF,FW",19.0,16.0,871.0,0.0,1.0,1.0,,1.0,0.0,0.0,24.0,5.0,13.0,15.0,1.0,5.0,,,,,,,,
Nicolás Serrano,23/24,Racing Ferrol,MF,20.0,14.0,1018.0,4.0,2.0,6.0,,1.0,0.0,0.0,35.0,15.0,14.0,15.0,5.0,13.0,,,,,,,,
Nicolás Serrano,24/25,Sporting Gijón,"MF,FW",21.0,18.0,1109.0,2.0,1.0,3.0,,2.0,0.0,0.0,35.0,15.0,18.0,18.0,16.0,9.0,,,,,,,,
Iñaki Williams,,,,,,,,,,,,,,,,,,,,,,,,,,,
Roberto Navarro,21/22,Real Sociedad B,"FW,MF",19.0,24.0,1652.0,1.0,3.0,4.0,,0.0,0.0,0.0,38.0,13.0,11.0,30.0,11.0,12.0,,,,,,,,
Gorka Guruzeta,21/22,Amorebieta,FW,24.0,37.0,2532.0,13.0,1.0,14.0,,4.0,0.0,0.0,103.0,36.0,53.0,35.0,8.0,17.0,,,,,,,,
Maroan Sannadi,,,,,,,,,,,,,,,,,,,,,,,,,,,
Álvaro Vallés,21/22,Las Palmas,GK,24.0,14.0,1260.0,0.0,0.0,0.0,,0.0,0.0,0.0,0.0,0.0,0.0,2.0,0.0,0.0,13.0,48.0,9.0,4.0,1.0,6.0,72.9,
Álvaro Vallés,22/23,Las Palmas,GK,25.0,34.0,3060.0,0.0,0.0,0.0,,2.0,0.0,0.0,1.0,1.0,1.0,4.0,0.0,0.0,23.0,97.0,14.0,15.0,5.0,19.0,76.3,
Pau López,,,,,,,,,,,,,,,,,,,,,,,,,,,
Natan,,,,,,,,,,,,,,,,,,,,,,,,,,,
Valentín Gómez,24/25,Almería,MF,20.0,1.0,4.0,0.0,0.0,0.0,,0.0,0.0,0.0,0.0,0.0,0.0,0.0,0.0,0.0,,,,,,,,
Diego Llorente,,,,,,,,,,,,,,,,,,,,,,,,,,,
Marc Bartra,,,,,,,,,,,,,,,,,,,,,,,,,,,
Fran,,,,,,,,,,,,,,,,,,,,,,,,,,,
Junior Firpo,,,,,,,,,,,,,,,,,,,,,,,,,,,
Ángel Ortíz,,,,,,,,,,,,,,,,,,,,,,,,,,,
Héctor Bellerín,,,,,,,,,,,,,,,,,,,,,,,,,,,
Facundo Bernal,,,,,,,,,,,,,,,,,,,,,,,,,,,
Marc Roca,,,,,,,,,,,,,,,,,,,,,,,,,,,
Nelson Deossa,,,,,,,,,,,,,,,,,,,,,,,,,,,
Pablo Fornals,,,,,,,,,,,,,,,,,,,,,,,,,,,
Álvaro Fidalgo,,,,,,,,,,,,,,,,,,,,,,,,,,,
Giovani Lo Celso,,,,,,,,,,,,,,,,,,,,,,,,,,,
Isco,,,,,,,,,,,,,,,,,,,,,,,,,,,
Abde Ezzalzouli,,,,,,,,,,,,,,,,,,,,,,,,,,,
Rodrigo Riquelme,21/22,Mirandés,MF,21.0,35.0,2099.0,7.0,12.0,19.0,,2.0,0.0,0.0,77.0,25.0,26.0,51.0,8.0,16.0,,,,,,,,
Antony,,,,,,,,,,,,,,,,,,,,,,,,,,,
Pablo Garcia,,,,,,,,,,,,,,,,,,,,,,,,,,,
Aitor Ruibal,,,,,,,,,,,,,,,,,,,,,,,,,,,
Iker Losada,23/24,Racing Ferrol,"MF,FW",21.0,42.0,3364.0,9.0,7.0,16.0,,0.0,0.0,0.0,82.0,24.0,11.0,43.0,16.0,10.0,,,,,,,,
Cucho,,,,,,,,,,,,,,,,,,,,,,,,,,,
Gonzalo Petit,25/26,Mirandés,"FW,MF",18.0,19.0,780.0,4.0,1.0,5.0,,0.0,0.0,1.0,17.0,5.0,11.0,13.0,2.0,7.0,,,,,,,,
Gonzalo Petit,25/26,Granada,FW,18.0,16.0,804.0,3.0,0.0,3.0,,1.0,0.0,0.0,16.0,6.0,8.0,10.0,0.0,5.0,,,,,,,,
Ionuț Radu,,,,,,,,,,,,,,,,,,,,,,,,,,,
Iván Villar,21/22,Leganés,GK,24.0,10.0,900.0,0.0,0.0,0.0,,0.0,0.0,0.0,0.0,0.0,0.0,1.0,0.0,0.0,17.0,40.0,2.0,3.0,5.0,1.0,57.5,
Javi Rodríguez,,,,,,,,,,,,,,,,,,,,,,,,,,,
Carl Starfelt,,,,,,,,,,,,,,,,,,,,,,,,,,,
Yoel Lago,,,,,,,,,,,,,,,,,,,,,,,,,,,
Unai Núñez,,,,,,,,,,,,,,,,,,,,,,,,,,,
Carlos Dominguez,,,,,,,,,,,,,,,,,,,,,,,,,,,
Manu Fernández,,,,,,,,,,,,,,,,,,,,,,,,,,,
Marcos Alonso,,,,,,,,,,,,,,,,,,,,,,,,,,,
Manu Sánchez,,,,,,,,,,,,,,,,,,,,,,,,,,,
Javi Galán,,,,,,,,,,,,,,,,,,,,,,,,,,,
Sergio Carreira,21/22,Mirandés,"DF,MF",20.0,38.0,3004.0,1.0,3.0,4.0,,4.0,0.0,0.0,13.0,6.0,17.0,25.0,23.0,23.0,,,,,,,,
Sergio Carreira,22/23,Villarreal B,"DF,MF",21.0,31.0,2207.0,2.0,1.0,3.0,,1.0,0.0,0.0,15.0,2.0,12.0,16.0,10.0,20.0,,,,,,,,
Sergio Carreira,23/24,Elche,"DF,MF",22.0,20.0,1486.0,0.0,1.0,1.0,,1.0,0.0,0.0,4.0,0.0,13.0,14.0,17.0,16.0,,,,,,,,
Javi Rueda,24/25,Albacete,DF,22.0,31.0,2168.0,4.0,1.0,5.0,,7.0,0.0,0.0,23.0,10.0,23.0,35.0,36.0,30.0,,,,,,,,
Álvaro Núñez,23/24,Amorebieta,"DF,MF",23.0,39.0,3153.0,2.0,2.0,4.0,,8.0,0.0,0.0,26.0,6.0,32.0,37.0,28.0,32.0,,,,,,,,
Álvaro Núñez,24/25,Elche,"DF,MF",24.0,37.0,2990.0,2.0,6.0,8.0,,4.0,0.0,0.0,26.0,9.0,25.0,44.0,31.0,26.0,,,,,,,,
Damián Rodríguez,25/26,Racing Sant,MF,22.0,20.0,937.0,0.0,1.0,1.0,,5.0,0.0,0.0,8.0,1.0,14.0,9.0,11.0,8.0,,,,,,,,
Ilaix Moriba,,,,,,,,,,,,,,,,,,,,,,,,,,,
Miguel Román,,,,,,,,,,,,,,,,,,,,,,,,,,,
Aleix Febas,21/22,Málaga,MF,25.0,19.0,1405.0,2.0,1.0,3.0,,2.0,0.0,0.0,13.0,7.0,15.0,56.0,13.0,19.0,,,,,,,,
Aleix Febas,22/23,Málaga,MF,26.0,41.0,3209.0,0.0,1.0,1.0,,7.0,0.0,0.0,21.0,5.0,38.0,127.0,20.0,55.0,,,,,,,,
Aleix Febas,23/24,Elche,MF,27.0,39.0,2517.0,0.0,2.0,2.0,,4.0,0.0,0.0,13.0,1.0,29.0,105.0,15.0,52.0,,,,,,,,
Aleix Febas,24/25,Elche,MF,28.0,37.0,3075.0,1.0,0.0,1.0,,10.0,0.0,0.0,14.0,7.0,30.0,119.0,28.0,63.0,,,,,,,,
Hugo Sotelo,,,,,,,,,,,,,,,,,,,,,,,,,,,
Carlos Dotor,24/25,Oviedo,MF,23.0,6.0,191.0,0.0,0.0,0.0,,1.0,0.0,0.0,1.0,0.0,6.0,5.0,2.0,2.0,,,,,,,,
Carlos Dotor,24/25,Sporting Gijón,MF,23.0,13.0,473.0,2.0,0.0,2.0,,1.0,0.0,0.0,9.0,4.0,8.0,6.0,2.0,4.0,,,,,,,,
Carlos Dotor,25/26,Málaga,"MF,FW",24.0,35.0,2362.0,1.0,4.0,5.0,,6.0,0.0,1.0,29.0,7.0,47.0,47.0,25.0,24.0,,,,,,,,
Matías Vecino,,,,,,,,,,,,,,,,,,,,,,,,,,,
Williot Swedberg,,,,,,,,,,,,,,,,,,,,,,,,,,,
Hugo Álvarez,,,,,,,,,,,,,,,,,,,,,,,,,,,
Ferran Jutglà,,,,,,,,,,,,,,,,,,,,,,,,,,,
Jones El-Abdellaoui,,,,,,,,,,,,,,,,,,,,,,,,,,,
Carles Pérez,,,,,,,,,,,,,,,,,,,,,,,,,,,
Pablo Durán,,,,,,,,,,,,,,,,,,,,,,,,,,,
Borja Iglesias,,,,,,,,,,,,,,,,,,,,,,,,,,,
Iago Aspas,,,,,,,,,,,,,,,,,,,,,,,,,,,
Odysseas Vlachodimos,,,,,,,,,,,,,,,,,,,,,,,,,,,
Kike Salas,22/23,Tenerife,DF,20.0,7.0,405.0,0.0,0.0,0.0,,2.0,0.0,0.0,2.0,0.0,5.0,0.0,3.0,2.0,,,,,,,,
Arouna Sangante,,,,,,,,,,,,,,,,,,,,,,,,,,,
Castrin,22/23,Lugo,DF,19.0,7.0,362.0,0.0,0.0,0.0,,1.0,0.0,0.0,0.0,0.0,5.0,1.0,3.0,6.0,,,,,,,,
Marcão,,,,,,,,,,,,,,,,,,,,,,,,,,,
Fábio Cardoso,,,,,,,,,,,,,,,,,,,,,,,,,,,
Tanguy Nianzou,,,,,,,,,,,,,,,,,,,,,,,,,,,
Federico Gattoni,,,,,,,,,,,,,,,,,,,,,,,,,,,
Joaquín Martínez Gauna,,,,,,,,,,,,,,,,,,,,,,,,,,,
Gabriel Suazo,,,,,,,,,,,,,,,,,,,,,,,,,,,
Adrià Pedrosa,,,,,,,,,,,,,,,,,,,,,,,,,,,
Carmona,,,,,,,,,,,,,,,,,,,,,,,,,,,
Juanlu Sánchez,22/23,Mirandés,"MF,DF",18.0,37.0,2781.0,2.0,5.0,7.0,,4.0,0.0,0.0,24.0,8.0,31.0,32.0,30.0,56.0,,,,,,,,
Iglesias,,,,,,,,,,,,,,,,,,,,,,,,,,,
Lucien Agoume,,,,,,,,,,,,,,,,,,,,,,,,,,,
Djibril Sow,,,,,,,,,,,,,,,,,,,,,,,,,,,
Jon Guridi,22/23,Alavés,"MF,FW",27.0,38.0,2729.0,1.0,1.0,2.0,,5.0,0.0,0.0,28.0,9.0,43.0,27.0,19.0,34.0,,,,,,,,
Manu Bueno,,,,,,,,,,,,,,,,,,,,,,,,,,,
Joan Jordán,,,,,,,,,,,,,,,,,,,,,,,,,,,
Patrik Mercado,,,,,,,,,,,,,,,,,,,,,,,,,,,
Ruben Vargas,,,,,,,,,,,,,,,,,,,,,,,,,,,
Chidera Ejuke,,,,,,,,,,,,,,,,,,,,,,,,,,,
Alfon,22/23,Racing Sant,FW,23.0,8.0,223.0,0.0,0.0,0.0,,0.0,0.0,0.0,2.0,1.0,4.0,8.0,0.0,2.0,,,,,,,,
Peque,22/23,Racing Sant,"FW,MF",19.0,23.0,580.0,1.0,2.0,3.0,,3.0,0.0,0.0,5.0,2.0,13.0,18.0,0.0,7.0,,,,,,,,
Peque,23/24,Racing Sant,MF,20.0,40.0,2834.0,18.0,3.0,21.0,,6.0,0.0,0.0,69.0,36.0,53.0,107.0,10.0,34.0,,,,,,,,
Akor Adams,,,,,,,,,,,,,,,,,,,,,,,,,,,
Isaac Romero,,,,,,,,,,,,,,,,,,,,,,,,,,,
Rafa Mir,,,,,,,,,,,,,,,,,,,,,,,,,,,
Stole Dimitrievski,,,,,,,,,,,,,,,,,,,,,,,,,,,
Cristian,21/22,Alcorcón,GK,23.0,3.0,270.0,0.0,0.0,0.0,,0.0,0.0,0.0,0.0,0.0,0.0,0.0,0.0,0.0,6.0,17.0,0.0,1.0,2.0,0.0,64.7,
Cristian,24/25,Albacete,GK,26.0,6.0,540.0,0.0,0.0,0.0,,0.0,0.0,0.0,0.0,0.0,0.0,1.0,0.0,0.0,11.0,37.0,2.0,1.0,3.0,1.0,70.3,
César Tárrega,23/24,Valladolid,DF,21.0,16.0,1309.0,1.0,0.0,1.0,,4.0,1.0,1.0,6.0,1.0,24.0,13.0,22.0,20.0,,,,,,,,
Justin Kluivert,,,,,,,,,,,,,,,,,,,,,,,,,,,
Copete,21/22,Ponferradina,DF,21.0,28.0,2353.0,1.0,2.0,3.0,,10.0,0.0,2.0,10.0,3.0,27.0,26.0,51.0,28.0,,,,,,,,
Cenk Özkacar,,,,,,,,,,,,,,,,,,,,,,,,,,,
Mouctar Diakhaby,,,,,,,,,,,,,,,,,,,,,,,,,,,
Iker Córdoba,25/26,Mirandés,DF,19.0,23.0,1402.0,0.0,0.0,0.0,,8.0,1.0,2.0,5.0,1.0,27.0,7.0,11.0,17.0,,,,,,,,
José Luis Gayà,,,,,,,,,,,,,,,,,,,,,,,,,,,
Jesús Vázquez,,,,,,,,,,,,,,,,,,,,,,,,,,,
Dimitri Foulquier,,,,,,,,,,,,,,,,,,,,,,,,,,,
José Luis García Vayá,22/23,Levante,MF,23.0,39.0,3169.0,1.0,2.0,3.0,,11.0,1.0,1.0,39.0,12.0,54.0,38.0,41.0,54.0,,,,,,,,
Guido Rodríguez,,,,,,,,,,,,,,,,,,,,,,,,,,,
Aliou Dieng,,,,,,,,,,,,,,,,,,,,,,,,,,,
Javier Guerra,,,,,,,,,,,,,,,,,,,,,,,,,,,
Filip Ugrinic,,,,,,,,,,,,,,,,,,,,,,,,,,,
André Almeida,,,,,,,,,,,,,,,,,,,,,,,,,,,
Arnaut Danjuma,,,,,,,,,,,,,,,,,,,,,,,,,,,
Ryunosuke Sato,,,,,,,,,,,,,,,,,,,,,,,,,,,
Sergi Canós,25/26,Valladolid,MF,28.0,21.0,994.0,2.0,1.0,3.0,,3.0,0.0,0.0,28.0,8.0,22.0,10.0,8.0,17.0,,,,,,,,
Diego López,,,,,,,,,,,,,,,,,,,,,,,,,,,
Luis Rioja,22/23,Alavés,"MF,FW",28.0,38.0,3140.0,10.0,4.0,14.0,,6.0,0.0,1.0,61.0,18.0,24.0,47.0,29.0,31.0,,,,,,,,
Dani Raba,22/23,Leganés,"FW,MF",26.0,31.0,1676.0,4.0,3.0,7.0,,10.0,0.0,0.0,39.0,15.0,51.0,73.0,6.0,15.0,,,,,,,,
Dani Raba,23/24,Leganés,"MF,FW",27.0,34.0,2155.0,8.0,7.0,15.0,,9.0,0.0,0.0,67.0,27.0,76.0,71.0,16.0,33.0,,,,,,,,
Hugo Duro,,,,,,,,,,,,,,,,,,,,,,,,,,,
Umar Sadiq,21/22,Almería,FW,24.0,36.0,3036.0,18.0,9.0,27.0,,6.0,0.0,0.0,111.0,44.0,59.0,45.0,3.0,13.0,,,,,,,,
Alberto Marí,24/25,Zaragoza,FW,23.0,27.0,706.0,3.0,1.0,4.0,,2.0,0.0,0.0,28.0,10.0,26.0,16.0,1.0,8.0,,,,,,,,
Alberto Marí,25/26,Mirandés,FW,24.0,19.0,956.0,1.0,2.0,3.0,,4.0,0.0,0.0,37.0,8.0,27.0,24.0,4.0,7.0,,,,,,,,
Marko Dmitrović,,,,,,,,,,,,,,,,,,,,,,,,,,,
Fortuño,,,,,,,,,,,,,,,,,,,,,,,,,,,
Pol Tristán,,,,,,,,,,,,,,,,,,,,,,,,,,,
Clemens Riedel,,,,,,,,,,,,,,,,,,,,,,,,,,,
Miguel Ángel Rubio,21/22,Burgos,DF,23.0,28.0,2172.0,3.0,0.0,3.0,,4.0,0.0,0.0,22.0,8.0,26.0,13.0,35.0,14.0,,,,,,,,
Miguel Ángel Rubio,22/23,Granada,DF,24.0,32.0,2633.0,1.0,1.0,2.0,,10.0,1.0,1.0,13.0,2.0,29.0,16.0,55.0,32.0,,,,,,,,
Miguel Ángel Rubio,24/25,Granada,DF,26.0,30.0,2610.0,3.0,1.0,4.0,,7.0,0.0,0.0,19.0,7.0,37.0,13.0,23.0,21.0,,,,,,,,
Pablo Ramón,,,,,,,,,,,,,,,,,,,,,,,,,,,
Leandro Cabrera,23/24,Espanyol,DF,32.0,37.0,3100.0,1.0,1.0,2.0,,6.0,0.0,0.0,15.0,3.0,37.0,11.0,32.0,30.0,,,,,,,,
Quilindschy Hartman,,,,,,,,,,,,,,,,,,,,,,,,,,,
José Salinas,22/23,Mirandés,"DF,MF",21.0,41.0,3681.0,2.0,3.0,5.0,,7.0,0.0,0.0,28.0,7.0,52.0,54.0,24.0,34.0,,,,,,,,
José Salinas,23/24,Elche,"DF,MF",22.0,21.0,986.0,0.0,0.0,0.0,,1.0,0.0,0.0,5.0,1.0,12.0,15.0,3.0,14.0,,,,,,,,
José Salinas,24/25,Elche,"DF,MF",23.0,39.0,3352.0,2.0,3.0,5.0,,10.0,0.0,0.0,39.0,12.0,56.0,47.0,26.0,28.0,,,,,,,,
Roger Hinojo,25/26,Cultural Leonesa,DF,20.0,37.0,3010.0,1.0,1.0,2.0,,6.0,0.0,0.0,19.0,3.0,29.0,16.0,24.0,34.0,,,,,,,,
Omar El Hilali,23/24,Espanyol,DF,19.0,36.0,2874.0,0.0,4.0,4.0,,10.0,0.0,0.0,9.0,0.0,49.0,29.0,33.0,64.0,,,,,,,,
Rubén,23/24,Mirandés,DF,22.0,21.0,1595.0,0.0,0.0,0.0,,2.0,0.0,0.0,13.0,1.0,4.0,16.0,22.0,21.0,,,,,,,,
Rubén,23/24,Espanyol,MF,22.0,5.0,125.0,0.0,0.0,0.0,,0.0,0.0,0.0,0.0,0.0,2.0,2.0,0.0,6.0,,,,,,,,
Rubén,24/25,Granada,DF,23.0,32.0,1978.0,1.0,1.0,2.0,,2.0,1.0,1.0,12.0,2.0,19.0,21.0,31.0,25.0,,,,,,,,
Urko González,21/22,Real Sociedad B,DF,20.0,35.0,3022.0,0.0,1.0,1.0,,4.0,0.0,0.0,6.0,1.0,15.0,37.0,36.0,29.0,,,,,,,,
Gabriel Moscardo,,,,,,,,,,,,,,,,,,,,,,,,,,,
Pol Lozano,21/22,Girona,MF,21.0,27.0,1883.0,1.0,2.0,3.0,,6.0,0.0,0.0,10.0,2.0,48.0,23.0,23.0,22.0,,,,,,,,
Pol Lozano,22/23,Granada,MF,22.0,14.0,988.0,0.0,0.0,0.0,,3.0,0.0,0.0,7.0,2.0,24.0,16.0,15.0,8.0,,,,,,,,
Pol Lozano,23/24,Espanyol,MF,23.0,22.0,1530.0,0.0,1.0,1.0,,6.0,0.0,0.0,10.0,3.0,34.0,16.0,11.0,23.0,,,,,,,,
Edu Expósito,21/22,Eibar,MF,24.0,40.0,3294.0,8.0,6.0,14.0,,3.0,0.0,0.0,87.0,35.0,30.0,61.0,17.0,21.0,,,,,,,,
Edu Expósito,23/24,Espanyol,MF,26.0,21.0,1138.0,1.0,4.0,5.0,,3.0,0.0,0.0,32.0,11.0,21.0,16.0,14.0,16.0,,,,,,,,
José Gragera,21/22,Sporting Gijón,MF,20.0,37.0,2420.0,1.0,1.0,2.0,,6.0,0.0,0.0,15.0,3.0,44.0,33.0,53.0,32.0,,,,,,,,
José Gragera,22/23,Sporting Gijón,"MF,DF",21.0,17.0,1195.0,2.0,0.0,2.0,,1.0,0.0,0.0,15.0,6.0,33.0,8.0,21.0,31.0,,,,,,,,
José Gragera,23/24,Espanyol,MF,22.0,30.0,1807.0,1.0,0.0,1.0,,9.0,0.0,0.0,11.0,2.0,69.0,21.0,35.0,42.0,,,,,,,,
José Gragera,25/26,Dep. La Coruña,MF,24.0,11.0,542.0,0.0,0.0,0.0,,1.0,0.0,0.0,5.0,1.0,18.0,11.0,10.0,9.0,,,,,,,,
Rafael Bauza,23/24,Espanyol,MF,18.0,3.0,89.0,0.0,0.0,0.0,,0.0,0.0,0.0,0.0,0.0,1.0,1.0,3.0,1.0,,,,,,,,
Rafael Bauza,25/26,Mirandés,MF,20.0,38.0,3254.0,4.0,3.0,7.0,,12.0,0.0,0.0,61.0,21.0,82.0,44.0,28.0,32.0,,,,,,,,
Álex Calatrava,24/25,Castellón,"MF,FW",24.0,32.0,2227.0,6.0,11.0,17.0,,7.0,0.0,0.0,82.0,20.0,52.0,46.0,10.0,31.0,,,,,,,,
Álex Calatrava,25/26,Castellón,"FW,MF",25.0,41.0,3477.0,14.0,8.0,22.0,,5.0,0.0,0.0,125.0,49.0,65.0,63.0,16.0,43.0,,,,,,,,
Javi Hernández,21/22,Leganés,DF,23.0,39.0,3500.0,3.0,1.0,4.0,,10.0,0.0,0.0,44.0,16.0,60.0,53.0,41.0,32.0,,,,,,,,
Javi Puado,23/24,Espanyol,"MF,FW",25.0,34.0,2795.0,13.0,2.0,15.0,,6.0,0.0,0.0,68.0,25.0,35.0,19.0,11.0,16.0,,,,,,,,
Pere Milla,23/24,Elche,"FW,MF",30.0,1.0,10.0,0.0,0.0,0.0,,0.0,0.0,0.0,0.0,0.0,2.0,1.0,0.0,0.0,,,,,,,,
Pere Milla,23/24,Espanyol,"FW,MF",30.0,38.0,2502.0,4.0,3.0,7.0,,4.0,0.0,0.0,46.0,15.0,29.0,60.0,14.0,30.0,,,,,,,,
Tyrhys Dolan,,,,,,,,,,,,,,,,,,,,,,,,,,,
Jofre,22/23,Mirandés,"MF,FW",21.0,27.0,615.0,1.0,0.0,1.0,,0.0,0.0,1.0,9.0,3.0,8.0,17.0,4.0,3.0,,,,,,,,
Jofre,23/24,Espanyol,MF,22.0,35.0,1841.0,3.0,4.0,7.0,,2.0,0.0,0.0,37.0,10.0,24.0,51.0,7.0,14.0,,,,,,,,
Antoniu,23/24,Espanyol,MF,20.0,6.0,241.0,0.0,0.0,0.0,,3.0,0.0,0.0,0.0,0.0,6.0,3.0,4.0,6.0,,,,,,,,
Roberto Férnandez,21/22,Málaga,FW,19.0,32.0,1369.0,2.0,1.0,3.0,,0.0,0.0,0.0,31.0,12.0,27.0,18.0,1.0,5.0,,,,,,,,
Marcos Fernández,25/26,Ceuta,FW,22.0,35.0,2981.0,14.0,2.0,16.0,,10.0,0.0,1.0,84.0,33.0,69.0,40.0,12.0,17.0,,,,,,,,
Kike García,,,,,,,,,,,,,,,,,,,,,,,,,,,
Pablo Cuñat,23/24,Amorebieta,GK,21.0,26.0,2340.0,0.0,0.0,0.0,,1.0,0.0,0.0,0.0,0.0,0.0,4.0,0.0,0.0,29.0,108.0,4.0,9.0,13.0,7.0,73.1,
Pablo Cuñat,24/25,Cartagena,GK,22.0,35.0,3150.0,0.0,0.0,0.0,,2.0,0.0,0.0,0.0,0.0,3.0,2.0,0.0,0.0,65.0,216.0,5.0,4.0,26.0,6.0,69.9,
Dani Martín,,,,,,,,,,,,,,,,,,,,,,,,,,,
Adrián de la Fuente,22/23,Villarreal B,DF,23.0,35.0,3012.0,2.0,0.0,2.0,,11.0,1.0,1.0,29.0,9.0,35.0,47.0,45.0,16.0,,,,,,,,
Adrián de la Fuente,23/24,Levante,DF,24.0,35.0,2591.0,5.0,2.0,7.0,,9.0,0.0,0.0,32.0,12.0,39.0,21.0,44.0,18.0,,,,,,,,
Adrián de la Fuente,24/25,Levante,DF,25.0,32.0,2529.0,2.0,1.0,3.0,,12.0,1.0,1.0,28.0,8.0,43.0,28.0,34.0,25.0,,,,,,,,
Jorge Cabello,23/24,Levante,DF,19.0,6.0,510.0,0.0,0.0,0.0,,0.0,0.0,0.0,1.0,0.0,2.0,6.0,1.0,7.0,,,,,,,,
Jorge Cabello,24/25,Levante,DF,20.0,20.0,1464.0,0.0,0.0,0.0,,5.0,0.0,0.0,0.0,0.0,9.0,11.0,12.0,5.0,,,,,,,,
Jorge Cabello,25/26,Mirandés,DF,21.0,22.0,1878.0,0.0,0.0,0.0,,2.0,0.0,0.0,4.0,1.0,27.0,28.0,23.0,20.0,,,,,,,,
Unai Elgezabal,21/22,Burgos,"MF,DF",28.0,39.0,3270.0,1.0,1.0,2.0,,12.0,0.0,0.0,23.0,6.0,45.0,29.0,40.0,34.0,,,,,,,,
Unai Elgezabal,22/23,Burgos,"MF,DF",29.0,39.0,3327.0,1.0,0.0,1.0,,12.0,0.0,0.0,25.0,7.0,29.0,27.0,33.0,29.0,,,,,,,,
Unai Elgezabal,23/24,Burgos,"DF,MF",30.0,35.0,2767.0,1.0,0.0,1.0,,11.0,0.0,0.0,19.0,4.0,31.0,17.0,33.0,26.0,,,,,,,,
Unai Elgezabal,24/25,Levante,DF,31.0,40.0,3600.0,0.0,0.0,0.0,,9.0,0.0,0.0,10.0,2.0,25.0,23.0,29.0,30.0,,,,,,,,
Jeremy Toljan,,,,,,,,,,,,,,,,,,,,,,,,,,,
Xavi Grande,23/24,Levante,"DF,MF",18.0,8.0,608.0,0.0,0.0,0.0,,0.0,0.0,0.0,2.0,1.0,6.0,3.0,3.0,6.0,,,,,,,,
Xavi Grande,24/25,Levante,DF,19.0,16.0,624.0,0.0,0.0,0.0,,0.0,0.0,0.0,0.0,0.0,5.0,3.0,11.0,3.0,,,,,,,,
Nacho Pérez,,,,,,,,,,,,,,,,,,,,,,,,,,,
Kervin Arriaga,24/25,Zaragoza,"MF,DF",26.0,17.0,1314.0,1.0,0.0,1.0,,8.0,0.0,0.0,13.0,4.0,27.0,29.0,7.0,24.0,,,,,,,,
Oriol Rey,21/22,Mirandés,MF,23.0,31.0,2038.0,0.0,0.0,0.0,,7.0,0.0,0.0,19.0,2.0,42.0,25.0,9.0,21.0,,,,,,,,
Oriol Rey,22/23,Mirandés,MF,24.0,41.0,3317.0,0.0,2.0,2.0,,6.0,0.0,0.0,26.0,3.0,62.0,40.0,21.0,47.0,,,,,,,,
Oriol Rey,23/24,Levante,MF,25.0,36.0,2918.0,1.0,1.0,2.0,,8.0,0.0,0.0,21.0,7.0,44.0,21.0,32.0,32.0,,,,,,,,
Oriol Rey,24/25,Levante,MF,26.0,39.0,3231.0,0.0,3.0,3.0,,10.0,0.0,0.0,11.0,3.0,46.0,24.0,31.0,26.0,,,,,,,,
Enzo Bardeli,,,,,,,,,,,,,,,,,,,,,,,,,,,
Olasagasti,21/22,Real Sociedad B,MF,20.0,33.0,2769.0,4.0,3.0,7.0,,5.0,0.0,0.0,29.0,12.0,28.0,50.0,34.0,28.0,,,,,,,,
Edgar Alcañiz,22/23,Levante,MF,17.0,1.0,10.0,0.0,0.0,0.0,,0.0,0.0,0.0,0.0,0.0,0.0,0.0,0.0,0.0,,,,,,,,
Edgar Alcañiz,23/24,Levante,MF,18.0,2.0,12.0,0.0,0.0,0.0,,0.0,0.0,0.0,0.0,0.0,0.0,0.0,0.0,0.0,,,,,,,,
Carlos Álvarez,23/24,Levante,MF,19.0,29.0,1885.0,3.0,2.0,5.0,,4.0,0.0,0.0,24.0,9.0,28.0,44.0,10.0,24.0,,,,,,,,
Carlos Álvarez,24/25,Levante,"MF,FW",20.0,42.0,3386.0,7.0,11.0,18.0,,4.0,0.0,0.0,47.0,17.0,26.0,107.0,13.0,36.0,,,,,,,,
Brugui,21/22,Mirandés,"MF,FW",24.0,40.0,2268.0,8.0,2.0,10.0,,2.0,0.0,0.0,67.0,24.0,34.0,50.0,13.0,16.0,,,,,,,,
Brugui,22/23,Levante,"FW,MF",25.0,20.0,995.0,2.0,0.0,2.0,,1.0,0.0,1.0,33.0,11.0,14.0,21.0,5.0,6.0,,,,,,,,
Brugui,23/24,Levante,"MF,FW",26.0,36.0,1853.0,6.0,3.0,9.0,,1.0,0.0,1.0,45.0,12.0,24.0,22.0,16.0,21.0,,,,,,,,
Brugui,24/25,Levante,"FW,MF",27.0,37.0,2449.0,11.0,4.0,15.0,,4.0,0.0,0.0,65.0,26.0,41.0,27.0,3.0,18.0,,,,,,,,
Paco Cortés,23/24,Levante,FW,15.0,1.0,45.0,0.0,0.0,0.0,,0.0,0.0,0.0,1.0,0.0,0.0,1.0,0.0,0.0,,,,,,,,
Paco Cortés,25/26,Cultural Leonesa,FW,17.0,7.0,148.0,2.0,0.0,2.0,,1.0,0.0,0.0,11.0,3.0,0.0,3.0,1.0,0.0,,,,,,,,
Kareem Tunde,,,,,,,,,,,,,,,,,,,,,,,,,,,
Víctor García,23/24,Alcorcón,"MF,DF",25.0,37.0,2764.0,3.0,3.0,6.0,,9.0,2.0,2.0,36.0,14.0,48.0,45.0,37.0,40.0,,,,,,,,
Víctor García,24/25,Eldense,"MF,DF",26.0,40.0,3163.0,4.0,4.0,8.0,,6.0,0.0,0.0,70.0,21.0,54.0,37.0,32.0,29.0,,,,,,,,
Tay Abed,,,,,,,,,,,,,,,,,,,,,,,,,,,
Carlos Espí,23/24,Levante,FW,18.0,2.0,38.0,1.0,0.0,1.0,,1.0,0.0,0.0,2.0,1.0,0.0,0.0,1.0,0.0,,,,,,,,
Carlos Espí,24/25,Levante,FW,19.0,36.0,510.0,6.0,2.0,8.0,,0.0,0.0,0.0,36.0,14.0,22.0,6.0,1.0,5.0,,,,,,,,
Karl Etta Eyong,24/25,Cádiz,FW,20.0,1.0,3.0,0.0,0.0,0.0,,0.0,0.0,0.0,0.0,0.0,0.0,0.0,0.0,0.0,,,,,,,,
Iván Romero,22/23,Tenerife,"FW,MF",21.0,34.0,2371.0,4.0,4.0,8.0,,6.0,0.0,0.0,51.0,17.0,50.0,62.0,11.0,33.0,,,,,,,,
Iván Romero,23/24,Levante,"FW,MF",22.0,20.0,865.0,1.0,0.0,1.0,,0.0,0.0,0.0,18.0,4.0,19.0,16.0,6.0,10.0,,,,,,,,
Iván Romero,24/25,Levante,FW,23.0,35.0,1865.0,9.0,4.0,13.0,,1.0,0.0,0.0,55.0,20.0,30.0,53.0,6.0,8.0,,,,,,,,
Augusto Batalla,,,,,,,,,,,,,,,,,,,,,,,,,,,
Dani Cárdenas,22/23,Levante,GK,25.0,34.0,3060.0,0.0,1.0,1.0,,3.0,0.0,0.0,0.0,0.0,0.0,6.0,1.0,1.0,21.0,105.0,15.0,15.0,4.0,17.0,80.0,
Nobel Mendy,,,,,,,,,,,,,,,,,,,,,,,,,,,
Jozhua Vertrouwd,24/25,Castellón,DF,19.0,33.0,2633.0,1.0,2.0,3.0,,4.0,0.0,0.0,7.0,2.0,29.0,17.0,30.0,34.0,,,,,,,,
Luiz Felipe,,,,,,,,,,,,,,,,,,,,,,,,,,,
Florian Lejeune,,,,,,,,,,,,,,,,,,,,,,,,,,,
Pelayo Fernandez,25/26,Cádiz,DF,22.0,10.0,807.0,1.0,0.0,1.0,,1.0,0.0,0.0,6.0,1.0,13.0,4.0,15.0,10.0,,,,,,,,
Pep Chavarría,21/22,Zaragoza,DF,23.0,36.0,3086.0,0.0,0.0,0.0,,7.0,0.0,0.0,15.0,1.0,33.0,38.0,41.0,32.0,,,,,,,,
Pep Chavarría,22/23,Zaragoza,DF,24.0,2.0,180.0,0.0,0.0,0.0,,0.0,0.0,0.0,1.0,1.0,2.0,3.0,3.0,5.0,,,,,,,,
Andrei Ratiu,21/22,Huesca,"DF,MF",23.0,34.0,2357.0,1.0,2.0,3.0,,8.0,0.0,0.0,17.0,3.0,32.0,16.0,37.0,49.0,,,,,,,,
Andrei Ratiu,22/23,Huesca,"DF,MF",24.0,38.0,3345.0,1.0,5.0,6.0,,4.0,0.0,0.0,17.0,6.0,28.0,21.0,32.0,38.0,,,,,,,,
Iván Balliu,,,,,,,,,,,,,,,,,,,,,,,,,,,
Pedro Díaz,21/22,Sporting Gijón,MF,23.0,42.0,3223.0,4.0,2.0,6.0,,3.0,0.0,0.0,69.0,19.0,40.0,44.0,35.0,36.0,,,,,,,,
Pedro Díaz,22/23,Sporting Gijón,MF,24.0,33.0,2410.0,4.0,5.0,9.0,,3.0,0.0,0.0,41.0,13.0,29.0,24.0,24.0,32.0,,,,,,,,
Unai López,,,,,,,,,,,,,,,,,,,,,,,,,,,
Óscar Valentín,,,,,,,,,,,,,,,,,,,,,,,,,,,
Pathé Ciss,,,,,,,,,,,,,,,,,,,,,,,,,,,
Samu Becerra,,,,,,,,,,,,,,,,,,,,,,,,,,,
Randy Nteka,,,,,,,,,,,,,,,,,,,,,,,,,,,
Álvaro García,22/23,Ibiza,"DF,MF",22.0,6.0,367.0,0.0,0.0,0.0,,2.0,0.0,0.0,1.0,0.0,8.0,6.0,18.0,8.0,,,,,,,,
Jorge de Frutos,22/23,Levante,"MF,FW",25.0,39.0,3027.0,3.0,5.0,8.0,,6.0,0.0,1.0,63.0,17.0,34.0,47.0,13.0,33.0,,,,,,,,
Francisco Pérez,,,,,,,,,,,,,,,,,,,,,,,,,,,
Isaac Palazón Camacho,,,,,,,,,,,,,,,,,,,,,,,,,,,
Alexandre Alemão,23/24,Oviedo,FW,25.0,33.0,1455.0,5.0,1.0,6.0,,2.0,0.0,0.0,46.0,10.0,38.0,37.0,3.0,10.0,,,,,,,,
Alexandre Alemão,24/25,Oviedo,FW,26.0,40.0,2971.0,14.0,4.0,18.0,,3.0,0.0,0.0,99.0,36.0,74.0,61.0,7.0,23.0,,,,,,,,
Sergio Camello,21/22,Mirandés,FW,20.0,36.0,2884.0,15.0,3.0,18.0,,6.0,0.0,0.0,98.0,46.0,23.0,34.0,10.0,7.0,,,,,,,,
Raúl de Tomás,,,,,,,,,,,,,,,,,,,,,,,,,,,
Etienne Eto'o,25/26,Mirandés,FW,22.0,6.0,108.0,0.0,0.0,0.0,,1.0,0.0,0.0,4.0,1.0,4.0,2.0,0.0,0.0,,,,,,,,
Leo Román,23/24,Oviedo,GK,23.0,42.0,3780.0,0.0,0.0,0.0,,2.0,0.0,0.0,0.0,0.0,0.0,2.0,0.0,0.0,39.0,154.0,17.0,13.0,12.0,11.0,74.7,
Álvaro Ferllo,,,,,,,,,,,,,,,,,,,,,,,,,,,
Germán Parreño,21/22,Ibiza,GK,28.0,32.0,2880.0,0.0,0.0,0.0,,4.0,0.0,0.0,0.0,0.0,1.0,1.0,2.0,1.0,45.0,129.0,7.0,14.0,11.0,8.0,65.1,
Germán Parreño,22/23,Ibiza,GK,29.0,5.0,441.0,0.0,0.0,0.0,,2.0,0.0,0.0,0.0,0.0,0.0,1.0,0.0,0.0,7.0,24.0,1.0,2.0,2.0,2.0,70.8,
Germán Parreño,24/25,Dep. La Coruña,GK,31.0,5.0,450.0,0.0,0.0,0.0,,0.0,0.0,0.0,0.0,0.0,0.0,0.0,0.0,0.0,11.0,26.0,0.0,0.0,5.0,0.0,57.7,
Germán Parreño,25/26,Dep. La Coruña,GK,32.0,20.0,1800.0,0.0,0.0,0.0,,1.0,0.0,0.0,0.0,0.0,0.0,3.0,1.0,0.0,23.0,85.0,9.0,5.0,6.0,6.0,72.9,
Eric Puerto,,,,,,,,,,,,,,,,,,,,,,,,,,,
Lucas Noubi,25/26,Dep. La Coruña,DF,20.0,28.0,2064.0,1.0,0.0,1.0,,5.0,0.0,1.0,15.0,3.0,28.0,16.0,23.0,19.0,,,,,,,,
Barcia,23/24,Mirandés,DF,22.0,40.0,3330.0,2.0,0.0,2.0,,5.0,0.0,0.0,15.0,6.0,28.0,14.0,45.0,36.0,,,,,,,,
Barcia,25/26,Las Palmas,DF,24.0,34.0,3015.0,1.0,1.0,2.0,,7.0,0.0,1.0,20.0,9.0,43.0,38.0,56.0,25.0,,,,,,,,
Bright Ede,,,,,,,,,,,,,,,,,,,,,,,,,,,
Arnau Comas,24/25,Eibar,DF,24.0,9.0,676.0,0.0,0.0,0.0,,1.0,0.0,0.0,1.0,0.0,10.0,8.0,4.0,13.0,,,,,,,,
Arnau Comas,25/26,Dep. La Coruña,DF,25.0,24.0,1578.0,0.0,0.0,0.0,,7.0,0.0,0.0,2.0,0.0,19.0,10.0,18.0,16.0,,,,,,,,
Giacomo Quagliata,25/26,Dep. La Coruña,"DF,MF",25.0,38.0,2864.0,2.0,1.0,3.0,,9.0,0.0,0.0,31.0,10.0,35.0,44.0,30.0,17.0,,,,,,,,
Adrià Altimira,22/23,FC Andorra,"DF,FW",21.0,36.0,2472.0,1.0,3.0,4.0,,4.0,0.0,1.0,19.0,7.0,28.0,45.0,23.0,21.0,,,,,,,,
Adrià Altimira,23/24,Villarreal B,"DF,MF",22.0,27.0,2270.0,0.0,1.0,1.0,,3.0,0.0,0.0,15.0,3.0,33.0,49.0,18.0,35.0,,,,,,,,
Adrià Altimira,25/26,Dep. La Coruña,"DF,MF",24.0,22.0,1876.0,1.0,5.0,6.0,,6.0,0.0,0.0,25.0,2.0,31.0,31.0,22.0,32.0,,,,,,,,
Miguel Loureiro,22/23,Lugo,"DF,MF",25.0,40.0,3351.0,1.0,1.0,2.0,,10.0,0.0,0.0,13.0,1.0,45.0,29.0,63.0,65.0,,,,,,,,
Miguel Loureiro,23/24,Huesca,DF,26.0,40.0,3294.0,3.0,0.0,3.0,,8.0,0.0,0.0,21.0,8.0,42.0,21.0,42.0,71.0,,,,,,,,
Miguel Loureiro,24/25,Huesca,DF,27.0,31.0,2647.0,3.0,1.0,4.0,,8.0,0.0,1.0,21.0,5.0,45.0,23.0,56.0,38.0,,,,,,,,
Miguel Loureiro,25/26,Dep. La Coruña,DF,28.0,38.0,3299.0,0.0,0.0,0.0,,8.0,0.0,0.0,27.0,5.0,42.0,17.0,32.0,23.0,,,,,,,,
Ximo Navarro,24/25,Dep. La Coruña,DF,34.0,30.0,2447.0,4.0,2.0,6.0,,4.0,0.0,1.0,21.0,8.0,19.0,32.0,55.0,35.0,,,,,,,,
Ximo Navarro,25/26,Dep. La Coruña,DF,35.0,24.0,1546.0,0.0,0.0,0.0,,3.0,0.0,0.0,15.0,3.0,16.0,23.0,27.0,29.0,,,,,,,,
Lorenzo Amatucci,25/26,Las Palmas,MF,21.0,40.0,3329.0,0.0,4.0,4.0,,5.0,0.0,0.0,28.0,7.0,74.0,98.0,48.0,81.0,,,,,,,,
Riki Rodríguez,21/22,Burgos,MF,23.0,15.0,390.0,0.0,0.0,0.0,,0.0,0.0,0.0,4.0,0.0,2.0,8.0,9.0,2.0,,,,,,,,
Riki Rodríguez,22/23,Albacete,MF,24.0,37.0,3027.0,1.0,1.0,2.0,,10.0,0.0,1.0,27.0,7.0,40.0,41.0,33.0,36.0,,,,,,,,
Riki Rodríguez,23/24,Albacete,MF,25.0,39.0,3247.0,0.0,3.0,3.0,,6.0,0.0,0.0,30.0,4.0,44.0,32.0,43.0,36.0,,,,,,,,
Riki Rodríguez,24/25,Albacete,MF,26.0,36.0,2857.0,1.0,2.0,3.0,,5.0,0.0,0.0,33.0,9.0,28.0,36.0,24.0,31.0,,,,,,,,
Riki Rodríguez,25/26,Dep. La Coruña,MF,27.0,15.0,798.0,0.0,0.0,0.0,,2.0,0.0,0.0,3.0,1.0,9.0,11.0,8.0,6.0,,,,,,,,
Riki Rodríguez,25/26,Albacete,MF,27.0,16.0,1324.0,0.0,1.0,1.0,,1.0,0.0,0.0,18.0,4.0,13.0,21.0,15.0,10.0,,,,,,,,
Diego Villares,24/25,Dep. La Coruña,MF,28.0,40.0,3143.0,4.0,1.0,5.0,,3.0,0.0,1.0,20.0,7.0,32.0,34.0,36.0,39.0,,,,,,,,
Diego Villares,25/26,Dep. La Coruña,MF,29.0,36.0,2450.0,2.0,0.0,2.0,,5.0,0.0,0.0,15.0,7.0,30.0,20.0,46.0,28.0,,,,,,,,
Noé Carrillo,,,,,,,,,,,,,,,,,,,,,,,,,,,
Teun Gijselhart,,,,,,,,,,,,,,,,,,,,,,,,,,,
Charlie Patiño,,,,,,,,,,,,,,,,,,,,,,,,,,,
José Ángel Jurado,,,,,,,,,,,,,,,,,,,,,,,,,,,
Mario Soriano,23/24,Eibar,MF,21.0,41.0,3031.0,3.0,4.0,7.0,,4.0,0.0,0.0,54.0,25.0,32.0,28.0,12.0,30.0,,,,,,,,
Mario Soriano,24/25,Dep. La Coruña,"MF,FW",22.0,42.0,3364.0,5.0,4.0,9.0,,4.0,0.0,0.0,60.0,13.0,21.0,37.0,22.0,27.0,,,,,,,,
Mario Soriano,25/26,Dep. La Coruña,MF,23.0,42.0,3600.0,6.0,8.0,14.0,,3.0,0.0,0.0,56.0,16.0,22.0,51.0,30.0,35.0,,,,,,,,
Jonathan Asp Jensen,,,,,,,,,,,,,,,,,,,,,,,,,,,
Jairo Noriega,,,,,,,,,,,,,,,,,,,,,,,,,,,
Yeremay Hernández,24/25,Dep. La Coruña,MF,21.0,39.0,3035.0,15.0,5.0,20.0,,2.0,0.0,0.0,111.0,48.0,21.0,76.0,12.0,28.0,,,,,,,,
Yeremay Hernández,25/26,Dep. La Coruña,"MF,FW",22.0,38.0,2997.0,11.0,10.0,21.0,,7.0,1.0,1.0,101.0,35.0,33.0,78.0,19.0,36.0,,,,,,,,
Rubén López,25/26,Dep. La Coruña,MF,20.0,5.0,78.0,0.0,0.0,0.0,,2.0,0.0,0.0,0.0,0.0,4.0,1.0,2.0,6.0,,,,,,,,
David Mella,24/25,Dep. La Coruña,MF,19.0,33.0,2628.0,6.0,5.0,11.0,,2.0,1.0,1.0,59.0,24.0,15.0,53.0,17.0,20.0,,,,,,,,
David Mella,25/26,Dep. La Coruña,"MF,DF",20.0,25.0,1577.0,5.0,1.0,6.0,,2.0,0.0,0.0,25.0,12.0,11.0,21.0,15.0,12.0,,,,,,,,
Luismi Cruz,,,,,,,,,,,,,,,,,,,,,,,,,,,
Diego Gómez,24/25,Dep. La Coruña,MF,20.0,17.0,540.0,0.0,1.0,1.0,,2.0,0.0,0.0,6.0,2.0,18.0,21.0,2.0,11.0,,,,,,,,
Bil Nsongo,25/26,Dep. La Coruña,FW,20.0,17.0,917.0,6.0,1.0,7.0,,3.0,0.0,0.0,28.0,14.0,19.0,18.0,0.0,6.0,,,,,,,,
Zakaria Eddahchouri,24/25,Dep. La Coruña,FW,24.0,16.0,1054.0,4.0,0.0,4.0,,1.0,0.0,0.0,26.0,9.0,19.0,14.0,2.0,3.0,,,,,,,,
Zakaria Eddahchouri,25/26,Dep. La Coruña,FW,25.0,36.0,1517.0,12.0,4.0,16.0,,7.0,0.0,0.0,58.0,27.0,36.0,20.0,4.0,6.0,,,,,,,,
Mohamed Bouldini,21/22,CF Fuenlabrada,FW,25.0,17.0,1431.0,7.0,1.0,8.0,,5.0,1.0,1.0,31.0,17.0,53.0,28.0,2.0,13.0,,,,,,,,
Mohamed Bouldini,22/23,Levante,FW,26.0,36.0,2007.0,8.0,2.0,10.0,,8.0,0.0,0.0,49.0,15.0,65.0,48.0,2.0,11.0,,,,,,,,
Mohamed Bouldini,23/24,Levante,FW,27.0,36.0,2067.0,8.0,0.0,8.0,,10.0,0.0,0.0,48.0,20.0,64.0,27.0,6.0,18.0,,,,,,,,
Mohamed Bouldini,24/25,Levante,FW,28.0,2.0,82.0,0.0,0.0,0.0,,0.0,0.0,0.0,5.0,2.0,0.0,1.0,0.0,0.0,,,,,,,,
Mohamed Bouldini,24/25,Dep. La Coruña,FW,28.0,20.0,648.0,1.0,0.0,1.0,,2.0,0.0,0.0,14.0,3.0,31.0,6.0,2.0,4.0,,,,,,,,
Mohamed Bouldini,25/26,Granada,FW,29.0,14.0,270.0,0.0,1.0,1.0,,3.0,0.0,0.0,5.0,1.0,12.0,3.0,0.0,1.0,,,,,,,,
Mohamed Bouldini,25/26,Dep. La Coruña,FW,29.0,2.0,43.0,0.0,0.0,0.0,,0.0,0.0,0.0,1.0,0.0,2.0,2.0,0.0,0.0,,,,,,,,
Kevin Sánchez,24/25,Dep. La Coruña,FW,19.0,4.0,139.0,0.0,0.0,0.0,,0.0,0.0,0.0,1.0,0.0,1.0,1.0,1.0,0.0,,,,,,,,
Sergio Herrera,,,,,,,,,,,,,,,,,,,,,,,,,,,
Aitor Fernández,,,,,,,,,,,,,,,,,,,,,,,,,,,
Enzo Boyomo,22/23,Albacete,DF,20.0,37.0,3122.0,1.0,2.0,3.0,,10.0,0.0,1.0,17.0,2.0,49.0,12.0,39.0,38.0,,,,,,,,
Enzo Boyomo,23/24,Valladolid,DF,21.0,38.0,2975.0,1.0,0.0,1.0,,5.0,0.0,1.0,11.0,2.0,29.0,8.0,30.0,46.0,,,,,,,,
Jorge Herrando,,,,,,,,,,,,,,,,,,,,,,,,,,,
Catena,,,,,,,,,,,,,,,,,,,,,,,,,,,
Abel Bretones,22/23,Oviedo,"DF,MF",21.0,39.0,2878.0,0.0,2.0,2.0,,7.0,0.0,0.0,28.0,8.0,36.0,35.0,22.0,61.0,,,,,,,,
Abel Bretones,23/24,Oviedo,DF,22.0,39.0,3246.0,1.0,3.0,4.0,,9.0,0.0,0.0,26.0,4.0,35.0,50.0,36.0,62.0,,,,,,,,
Valentin Rosier,,,,,,,,,,,,,,,,,,,,,,,,,,,
Iñigo Arguibide,,,,,,,,,,,,,,,,,,,,,,,,,,,
Lucas Torró,,,,,,,,,,,,,,,,,,,,,,,,,,,
Iker Muñoz,,,,,,,,,,,,,,,,,,,,,,,,,,,
Jon Moncayola,,,,,,,,,,,,,,,,,,,,,,,,,,,
Asier Osambela,,,,,,,,,,,,,,,,,,,,,,,,,,,
Aimar Oroz,,,,,,,,,,,,,,,,,,,,,,,,,,,
Moi Gómez,,,,,,,,,,,,,,,,,,,,,,,,,,,
Raúl Moro,22/23,Oviedo,MF,19.0,16.0,566.0,0.0,1.0,1.0,,3.0,0.0,0.0,11.0,3.0,4.0,6.0,2.0,4.0,,,,,,,,
Raúl Moro,23/24,Valladolid,"MF,FW",20.0,30.0,1541.0,2.0,4.0,6.0,,3.0,0.0,0.0,31.0,12.0,6.0,29.0,5.0,5.0,,,,,,,,
Rubén García,,,,,,,,,,,,,,,,,,,,,,,,,,,
Kike Barja,,,,,,,,,,,,,,,,,,,,,,,,,,,
Iker Benito,23/24,FC Andorra,"FW,MF",20.0,38.0,2307.0,2.0,0.0,2.0,,3.0,0.0,0.0,34.0,9.0,28.0,35.0,16.0,18.0,,,,,,,,
Iker Benito,24/25,Mirandés,"DF,MF",21.0,21.0,1410.0,1.0,2.0,3.0,,2.0,0.0,0.0,23.0,5.0,16.0,22.0,13.0,8.0,,,,,,,,
Raúl García,21/22,Valladolid,DF,32.0,6.0,273.0,0.0,1.0,1.0,,0.0,0.0,1.0,0.0,0.0,3.0,3.0,2.0,2.0,,,,,,,,
Ante Budimir,,,,,,,,,,,,,,,,,,,,,,,,,,,
David Soria,,,,,,,,,,,,,,,,,,,,,,,,,,,
Jiri Letacek,,,,,,,,,,,,,,,,,,,,,,,,,,,
Abdel Abqar,22/23,Alavés,DF,23.0,35.0,2851.0,1.0,0.0,1.0,,10.0,0.0,1.0,13.0,4.0,37.0,17.0,41.0,27.0,,,,,,,,
Zaid Romero,,,,,,,,,,,,,,,,,,,,,,,,,,,
Juan Berrocal,21/22,Sporting Gijón,DF,22.0,28.0,1982.0,0.0,0.0,0.0,,8.0,0.0,0.0,4.0,0.0,28.0,2.0,19.0,12.0,,,,,,,,
Juan Berrocal,22/23,Eibar,DF,23.0,33.0,2725.0,1.0,0.0,1.0,,11.0,0.0,0.0,7.0,2.0,37.0,10.0,31.0,19.0,,,,,,,,
Juan Berrocal,23/24,Eibar,DF,24.0,34.0,2875.0,1.0,0.0,1.0,,10.0,2.0,4.0,9.0,3.0,34.0,13.0,39.0,15.0,,,,,,,,
Sebastián Boselli,,,,,,,,,,,,,,,,,,,,,,,,,,,
Djené,,,,,,,,,,,,,,,,,,,,,,,,,,,
Jean Ives Valou,,,,,,,,,,,,,,,,,,,,,,,,,,,
Davinchi,,,,,,,,,,,,,,,,,,,,,,,,,,,
Kiko Femenía,,,,,,,,,,,,,,,,,,,,,,,,,,,
Ismael Bekhoucha,,,,,,,,,,,,,,,,,,,,,,,,,,,
Mario Martín,,,,,,,,,,,,,,,,,,,,,,,,,,,
Yvan Neyou,22/23,Leganés,MF,25.0,21.0,981.0,0.0,1.0,1.0,,2.0,0.0,1.0,6.0,3.0,16.0,19.0,16.0,11.0,,,,,,,,
Yvan Neyou,23/24,Leganés,MF,26.0,35.0,2588.0,1.0,0.0,1.0,,12.0,0.0,1.0,19.0,6.0,47.0,36.0,31.0,44.0,,,,,,,,
Ramón Terrats,21/22,Girona,"MF,DF",20.0,18.0,1056.0,0.0,0.0,0.0,,4.0,0.0,0.0,6.0,0.0,16.0,19.0,6.0,10.0,,,,,,,,
Ramón Terrats,22/23,Villarreal B,MF,21.0,5.0,444.0,0.0,0.0,0.0,,2.0,0.0,0.0,4.0,0.0,8.0,10.0,2.0,5.0,,,,,,,,
Javier Muñoz,21/22,Eibar,MF,26.0,38.0,3179.0,2.0,2.0,4.0,,12.0,0.0,0.0,36.0,7.0,40.0,27.0,46.0,44.0,,,,,,,,
Javier Muñoz,22/23,Eibar,MF,27.0,37.0,2293.0,0.0,2.0,2.0,,8.0,1.0,3.0,38.0,6.0,31.0,14.0,10.0,26.0,,,,,,,,
Coba da Costa,,,,,,,,,,,,,,,,,,,,,,,,,,,
Juanmi,,,,,,,,,,,,,,,,,,,,,,,,,,,
Álex Sancris,23/24,Burgos,"MF,FW",26.0,40.0,2144.0,4.0,5.0,9.0,,6.0,0.0,0.0,39.0,14.0,23.0,25.0,15.0,29.0,,,,,,,,
Álex Sancris,24/25,Burgos,MF,27.0,36.0,2915.0,7.0,11.0,18.0,,10.0,0.0,0.0,62.0,26.0,39.0,31.0,27.0,30.0,,,,,,,,
Christantus Uche,,,,,,,,,,,,,,,,,,,,,,,,,,,
Martin Satriano,,,,,,,,,,,,,,,,,,,,,,,,,,,
Borja Mayoral,,,,,,,,,,,,,,,,,,,,,,,,,,,
Antonio Sivera,22/23,Alavés,GK,25.0,41.0,3690.0,0.0,0.0,0.0,,3.0,0.0,0.0,0.0,0.0,2.0,3.0,0.0,0.0,32.0,112.0,19.0,13.0,9.0,17.0,71.4,
Jesús Owono,22/23,Alavés,GK,21.0,1.0,90.0,0.0,0.0,0.0,,0.0,0.0,0.0,0.0,0.0,0.0,0.0,0.0,0.0,1.0,4.0,0.0,1.0,0.0,0.0,75.0,
Jesús Owono,25/26,FC Andorra,GK,24.0,20.0,1755.0,0.0,0.0,0.0,,4.0,0.0,0.0,0.0,0.0,1.0,2.0,0.0,2.0,22.0,76.0,9.0,4.0,6.0,6.0,71.1,
Adrian Rodríguez,,,,,,,,,,,,,,,,,,,,,,,,,,,
Moussa Diarra,22/23,Málaga,DF,20.0,1.0,90.0,0.0,0.0,0.0,,1.0,0.0,0.0,1.0,0.0,2.0,1.0,0.0,2.0,,,,,,,,
Ville Koski,,,,,,,,,,,,,,,,,,,,,,,,,,,
Nikola Maraš,22/23,Alavés,DF,26.0,20.0,1605.0,0.0,0.0,0.0,,2.0,0.0,0.0,8.0,2.0,15.0,10.0,15.0,13.0,,,,,,,,
Nikola Maraš,23/24,Levante,DF,27.0,8.0,675.0,0.0,0.0,0.0,,1.0,0.0,0.0,1.0,0.0,10.0,5.0,3.0,10.0,,,,,,,,
Nikola Maraš,24/25,Sporting Gijón,DF,28.0,27.0,2019.0,0.0,1.0,1.0,,5.0,0.0,0.0,11.0,2.0,23.0,15.0,21.0,16.0,,,,,,,,
Nikola Maraš,25/26,Mirandés,DF,29.0,7.0,512.0,1.0,0.0,1.0,,2.0,0.0,0.0,2.0,1.0,2.0,5.0,3.0,6.0,,,,,,,,
Facundo Garcés,,,,,,,,,,,,,,,,,,,,,,,,,,,
Youssef Lekhedim,,,,,,,,,,,,,,,,,,,,,,,,,,,
Nahuel Tenaglia,22/23,Alavés,DF,26.0,34.0,2830.0,3.0,1.0,4.0,,9.0,0.0,0.0,35.0,9.0,41.0,30.0,45.0,46.0,,,,,,,,
Jonny Castro,,,,,,,,,,,,,,,,,,,,,,,,,,,
Hugo Novoa,23/24,Villarreal B,MF,20.0,11.0,577.0,0.0,2.0,2.0,,0.0,0.0,0.0,8.0,1.0,5.0,6.0,1.0,7.0,,,,,,,,
Hugo Novoa,25/26,Mirandés,"DF,MF",22.0,30.0,1907.0,0.0,3.0,3.0,,5.0,0.0,0.0,9.0,5.0,33.0,19.0,11.0,35.0,,,,,,,,
Antonio Blanco,22/23,Alavés,MF,22.0,17.0,1309.0,0.0,0.0,0.0,,10.0,0.0,0.0,5.0,1.0,37.0,24.0,18.0,19.0,,,,,,,,
Carlos Protesoni,,,,,,,,,,,,,,,,,,,,,,,,,,,
Tomás Mendes,,,,,,,,,,,,,,,,,,,,,,,,,,,
Pablo Ibáñez,,,,,,,,,,,,,,,,,,,,,,,,,,,
Carles Aleñá,,,,,,,,,,,,,,,,,,,,,,,,,,,
Ander Guevara,,,,,,,,,,,,,,,,,,,,,,,,,,,
Selu Diallo,25/26,Cultural Leonesa,"MF,FW",21.0,34.0,1646.0,0.0,2.0,2.0,,3.0,0.0,1.0,21.0,5.0,28.0,17.0,11.0,16.0,,,,,,,,
Denis Suárez,,,,,,,,,,,,,,,,,,,,,,,,,,,
Abde Rebbach,22/23,Alavés,"MF,FW",23.0,19.0,860.0,2.0,1.0,3.0,,2.0,0.0,0.0,27.0,12.0,19.0,17.0,5.0,6.0,,,,,,,,
Abde Rebbach,24/25,Granada,"MF,FW",25.0,19.0,1274.0,3.0,2.0,5.0,,3.0,0.0,0.0,28.0,10.0,29.0,30.0,7.0,13.0,,,,,,,,
Ángel Pérez,25/26,Huesca,"MF,DF",22.0,18.0,1157.0,1.0,1.0,2.0,,3.0,0.0,0.0,25.0,6.0,18.0,22.0,13.0,7.0,,,,,,,,
Toni Martínez,,,,,,,,,,,,,,,,,,,,,,,,,,,
Lucas Boyé,23/24,Elche,FW,27.0,3.0,213.0,1.0,0.0,1.0,,1.0,0.0,0.0,9.0,2.0,5.0,5.0,0.0,1.0,,,,,,,,
Lucas Boyé,24/25,Granada,FW,28.0,33.0,2588.0,10.0,5.0,15.0,,3.0,0.0,0.0,86.0,28.0,82.0,58.0,5.0,14.0,,,,,,,,
Aitor Mañas,,,,,,,,,,,,,,,,,,,,,,,,,,,
Mariano,,,,,,,,,,,,,,,,,,,,,,,,,,,
Alejandro Iturbe,,,,,,,,,,,,,,,,,,,,,,,,,,,
Matías Dituro,23/24,Elche,GK,36.0,21.0,1890.0,0.0,0.0,0.0,,1.0,0.0,0.0,0.0,0.0,0.0,2.0,1.0,0.0,24.0,72.0,8.0,5.0,8.0,6.0,66.7,
Matías Dituro,24/25,Elche,GK,37.0,38.0,3420.0,0.0,0.0,0.0,,0.0,0.0,0.0,0.0,0.0,0.0,2.0,0.0,0.0,33.0,115.0,20.0,10.0,8.0,16.0,71.3,
David Affengruber,24/25,Elche,DF,23.0,40.0,3203.0,0.0,2.0,2.0,,3.0,0.0,0.0,12.0,5.0,30.0,27.0,56.0,51.0,,,,,,,,
Víctor Chust,24/25,Cádiz,DF,24.0,40.0,3441.0,3.0,1.0,4.0,,8.0,0.0,0.0,8.0,4.0,35.0,5.0,42.0,35.0,,,,,,,,
Matia Barzic,24/25,Eldense,DF,20.0,14.0,1253.0,0.0,0.0,0.0,,4.0,0.0,0.0,1.0,0.0,18.0,8.0,18.0,9.0,,,,,,,,
Matia Barzic,24/25,Elche,DF,20.0,8.0,444.0,0.0,0.0,0.0,,3.0,0.0,0.0,2.0,1.0,10.0,2.0,4.0,4.0,,,,,,,,
Matia Barzic,25/26,Cultural Leonesa,DF,21.0,34.0,2847.0,2.0,0.0,2.0,,15.0,1.0,1.0,15.0,5.0,38.0,20.0,26.0,20.0,,,,,,,,
John Donald,23/24,Elche,"MF,DF",22.0,20.0,1704.0,1.0,0.0,1.0,,5.0,0.0,0.0,10.0,2.0,32.0,12.0,26.0,22.0,,,,,,,,
John Donald,24/25,Elche,"DF,MF",23.0,19.0,869.0,2.0,0.0,2.0,,0.0,0.0,0.0,9.0,3.0,12.0,10.0,15.0,15.0,,,,,,,,
Bambo Diaby,24/25,Elche,DF,26.0,22.0,1076.0,0.0,1.0,1.0,,5.0,1.0,1.0,3.0,1.0,15.0,21.0,13.0,18.0,,,,,,,,
Bambo Diaby,25/26,Granada,DF,27.0,8.0,492.0,0.0,0.0,0.0,,2.0,0.0,0.0,3.0,0.0,5.0,7.0,4.0,4.0,,,,,,,,
Pedro Bigas,23/24,Elche,DF,32.0,38.0,3134.0,1.0,1.0,2.0,,6.0,0.0,0.0,27.0,3.0,25.0,18.0,33.0,14.0,,,,,,,,
Pedro Bigas,24/25,Elche,DF,33.0,33.0,2565.0,2.0,2.0,4.0,,4.0,0.0,0.0,24.0,9.0,26.0,21.0,26.0,23.0,,,,,,,,
Buba Sangaré,23/24,Levante,DF,15.0,2.0,94.0,0.0,0.0,0.0,,0.0,0.0,0.0,0.0,0.0,0.0,3.0,3.0,4.0,,,,,,,,
Marc Aguado,22/23,FC Andorra,MF,22.0,36.0,2789.0,0.0,0.0,0.0,,4.0,0.0,0.0,5.0,3.0,26.0,41.0,48.0,43.0,,,,,,,,
Marc Aguado,23/24,Zaragoza,MF,23.0,35.0,2411.0,0.0,2.0,2.0,,7.0,0.0,0.0,2.0,0.0,23.0,32.0,44.0,50.0,,,,,,,,
Marc Aguado,24/25,Elche,MF,24.0,13.0,538.0,0.0,1.0,1.0,,2.0,0.0,0.0,2.0,0.0,8.0,3.0,10.0,8.0,,,,,,,,
Marc Aguado,24/25,Zaragoza,MF,24.0,17.0,1025.0,0.0,0.0,0.0,,2.0,0.0,0.0,0.0,0.0,15.0,13.0,21.0,18.0,,,,,,,,
Federico Redondo,,,,,,,,,,,,,,,,,,,,,,,,,,,
Martim Neto,,,,,,,,,,,,,,,,,,,,,,,,,,,
Gonzalo Villar,24/25,Granada,MF,26.0,37.0,2335.0,2.0,1.0,3.0,,9.0,0.0,1.0,30.0,7.0,53.0,71.0,5.0,42.0,,,,,,,,
Germán Valera,21/22,Real Sociedad B,"MF,FW",19.0,20.0,811.0,1.0,0.0,1.0,,1.0,0.0,0.0,13.0,3.0,12.0,25.0,8.0,3.0,,,,,,,,
Germán Valera,22/23,FC Andorra,FW,20.0,38.0,2361.0,2.0,1.0,3.0,,3.0,0.0,0.0,44.0,16.0,33.0,64.0,16.0,26.0,,,,,,,,
Germán Valera,23/24,Zaragoza,MF,21.0,38.0,2210.0,1.0,1.0,2.0,,2.0,0.0,0.0,29.0,7.0,27.0,60.0,17.0,20.0,,,,,,,,
Germán Valera,24/25,Elche,MF,22.0,16.0,1112.0,3.0,3.0,6.0,,4.0,1.0,1.0,8.0,4.0,21.0,22.0,10.0,11.0,,,,,,,,
Lucas Cepeda,,,,,,,,,,,,,,,,,,,,,,,,,,,
Tete Morente,23/24,Elche,MF,26.0,39.0,3241.0,8.0,2.0,10.0,,4.0,0.0,0.0,102.0,29.0,49.0,44.0,37.0,34.0,,,,,,,,
Yago Santiago,24/25,Elche,"MF,FW",21.0,18.0,1365.0,2.0,3.0,5.0,,2.0,0.0,0.0,23.0,12.0,6.0,14.0,4.0,10.0,,,,,,,,
Rafa Núñez,,,,,,,,,,,,,,,,,,,,,,,,,,,
Grady Diangana,,,,,,,,,,,,,,,,,,,,,,,,,,,
Adam Boayar,23/24,Elche,FW,17.0,8.0,229.0,1.0,0.0,1.0,,1.0,0.0,0.0,7.0,3.0,7.0,8.0,1.0,4.0,,,,,,,,
Adam Boayar,24/25,Elche,FW,18.0,3.0,87.0,1.0,0.0,1.0,,1.0,0.0,0.0,4.0,3.0,2.0,2.0,2.0,1.0,,,,,,,,
Ali Houary,24/25,Elche,FW,18.0,1.0,7.0,0.0,0.0,0.0,,0.0,0.0,0.0,0.0,0.0,1.0,1.0,0.0,0.0,,,,,,,,
Ali Houary,25/26,Mirandés,"MF,FW",19.0,15.0,777.0,0.0,1.0,1.0,,3.0,1.0,1.0,17.0,5.0,12.0,10.0,8.0,13.0,,,,,,,,
Abiel Osorio,,,,,,,,,,,,,,,,,,,,,,,,,,,
Simon Eriksson,25/26,Racing Sant,GK,19.0,6.0,540.0,0.0,0.0,0.0,,0.0,0.0,0.0,0.0,0.0,0.0,2.0,0.0,0.0,6.0,16.0,5.0,1.0,0.0,1.0,62.5,
Facundo González,25/26,Racing Sant,DF,22.0,27.0,1982.0,1.0,0.0,1.0,,4.0,0.0,0.0,12.0,2.0,22.0,18.0,20.0,14.0,,,,,,,,
Manu Hernando,23/24,Amorebieta,DF,25.0,22.0,1920.0,2.0,0.0,2.0,,5.0,0.0,0.0,9.0,3.0,21.0,13.0,32.0,22.0,,,,,,,,
Manu Hernando,23/24,Racing Sant,DF,25.0,18.0,1618.0,1.0,0.0,1.0,,4.0,0.0,0.0,8.0,4.0,20.0,4.0,24.0,19.0,,,,,,,,
Manu Hernando,24/25,Racing Sant,DF,26.0,27.0,1859.0,0.0,0.0,0.0,,3.0,1.0,2.0,8.0,2.0,20.0,13.0,17.0,16.0,,,,,,,,
Manu Hernando,25/26,Racing Sant,DF,27.0,25.0,1954.0,1.0,2.0,3.0,,2.0,0.0,0.0,18.0,6.0,15.0,1.0,30.0,13.0,,,,,,,,
Jorge Salinas,24/25,Racing Sant,DF,17.0,1.0,90.0,0.0,0.0,0.0,,0.0,0.0,0.0,0.0,0.0,0.0,1.0,1.0,0.0,,,,,,,,
Jorge Salinas,25/26,Racing Sant,DF,18.0,33.0,2607.0,0.0,7.0,7.0,,9.0,0.0,1.0,26.0,6.0,41.0,29.0,33.0,59.0,,,,,,,,
Álvaro Mantilla,,,,,,,,,,,,,,,,,,,,,,,,,,,
Maguette Gueye,24/25,Racing Sant,MF,21.0,27.0,1159.0,0.0,0.0,0.0,,8.0,0.0,0.0,12.0,1.0,30.0,15.0,10.0,12.0,,,,,,,,
Maguette Gueye,25/26,Racing Sant,MF,22.0,32.0,1874.0,2.0,0.0,2.0,,7.0,0.0,0.0,26.0,6.0,40.0,27.0,17.0,28.0,,,,,,,,
Gustavo Puerta,25/26,Racing Sant,MF,22.0,32.0,2664.0,3.0,1.0,4.0,,13.0,0.0,1.0,32.0,10.0,71.0,63.0,34.0,32.0,,,,,,,,
Sergio Martínez,25/26,Racing Sant,MF,18.0,10.0,386.0,0.0,0.0,0.0,,2.0,0.0,0.0,3.0,1.0,6.0,2.0,5.0,2.0,,,,,,,,
Íñigo Sainz-Maza,22/23,Racing Sant,MF,24.0,35.0,2775.0,0.0,2.0,2.0,,12.0,1.0,3.0,14.0,2.0,58.0,63.0,40.0,66.0,,,,,,,,
Íñigo Sainz-Maza,23/24,Racing Sant,MF,25.0,35.0,2295.0,0.0,1.0,1.0,,5.0,0.0,1.0,11.0,1.0,32.0,30.0,28.0,44.0,,,,,,,,
Íñigo Sainz-Maza,24/25,Racing Sant,MF,26.0,9.0,248.0,0.0,0.0,0.0,,0.0,0.0,0.0,1.0,0.0,7.0,3.0,4.0,12.0,,,,,,,,
Íñigo Sainz-Maza,25/26,Racing Sant,MF,27.0,20.0,594.0,0.0,0.0,0.0,,1.0,0.0,0.0,1.0,0.0,7.0,11.0,10.0,14.0,,,,,,,,
Sergio Canales,,,,,,,,,,,,,,,,,,,,,,,,,,,
Iñigo Vicente,21/22,Mirandés,"MF,FW",23.0,35.0,2152.0,6.0,4.0,10.0,,9.0,0.0,0.0,46.0,18.0,23.0,21.0,16.0,25.0,,,,,,,,
Iñigo Vicente,22/23,Racing Sant,MF,24.0,40.0,2867.0,7.0,7.0,14.0,,5.0,0.0,0.0,57.0,18.0,20.0,45.0,21.0,26.0,,,,,,,,
Iñigo Vicente,23/24,Racing Sant,MF,25.0,40.0,3473.0,3.0,12.0,15.0,,8.0,0.0,0.0,46.0,17.0,40.0,77.0,34.0,47.0,,,,,,,,
Iñigo Vicente,24/25,Racing Sant,MF,26.0,40.0,3325.0,3.0,10.0,13.0,,11.0,1.0,1.0,41.0,16.0,41.0,53.0,18.0,36.0,,,,,,,,
Iñigo Vicente,25/26,Racing Sant,MF,27.0,41.0,3254.0,9.0,20.0,29.0,,9.0,0.0,0.0,54.0,28.0,41.0,51.0,21.0,42.0,,,,,,,,
Andrés Martín,21/22,Tenerife,MF,22.0,16.0,650.0,2.0,2.0,4.0,,1.0,0.0,0.0,21.0,5.0,6.0,14.0,7.0,10.0,,,,,,,,
Andrés Martín,23/24,Racing Sant,MF,24.0,23.0,1303.0,6.0,3.0,9.0,,3.0,0.0,1.0,53.0,19.0,13.0,22.0,16.0,10.0,,,,,,,,
Andrés Martín,23/24,Zaragoza,DF,21.0,11.0,752.0,0.0,0.0,0.0,,1.0,0.0,0.0,0.0,0.0,5.0,7.0,19.0,22.0,,,,,,,,
Andrés Martín,24/25,Racing Sant,MF,25.0,41.0,3339.0,16.0,17.0,33.0,,6.0,0.0,0.0,110.0,52.0,28.0,73.0,19.0,25.0,,,,,,,,
Andrés Martín,25/26,Racing Sant,MF,26.0,41.0,3435.0,23.0,9.0,32.0,,8.0,0.0,0.0,122.0,52.0,30.0,61.0,31.0,17.0,,,,,,,,
Suleiman Camara,,,,,,,,,,,,,,,,,,,,,,,,,,,
Yeray Cabanzón,22/23,Racing Sant,MF,19.0,11.0,370.0,2.0,1.0,3.0,,0.0,0.0,0.0,11.0,6.0,3.0,7.0,1.0,5.0,,,,,,,,
Yeray Cabanzón,23/24,Racing Sant,MF,20.0,9.0,211.0,0.0,0.0,0.0,,2.0,0.0,0.0,13.0,5.0,5.0,2.0,2.0,5.0,,,,,,,,
Yeray Cabanzón,25/26,Racing Sant,MF,22.0,10.0,165.0,0.0,0.0,0.0,,0.0,0.0,0.0,8.0,2.0,8.0,3.0,0.0,6.0,,,,,,,,
Yeray Cabanzón,25/26,FC Andorra,"FW,MF",22.0,17.0,866.0,2.0,4.0,6.0,,3.0,0.0,0.0,51.0,17.0,14.0,17.0,6.0,14.0,,,,,,,,
Giorgi Guliashvili,25/26,Racing Sant,FW,23.0,17.0,1117.0,6.0,2.0,8.0,,2.0,0.0,0.0,31.0,19.0,13.0,12.0,0.0,5.0,,,,,,,,
Asier Villalibre,22/23,Alavés,FW,24.0,16.0,938.0,4.0,2.0,6.0,,3.0,0.0,0.0,28.0,13.0,15.0,14.0,0.0,3.0,,,,,,,,
Asier Villalibre,25/26,Racing Sant,FW,27.0,31.0,1334.0,16.0,2.0,18.0,,3.0,0.0,0.0,41.0,32.0,19.0,23.0,0.0,1.0,,,,,,,,
Juan Carlos Arana,,,,,,,,,,,,,,,,,,,,,,,,,,,
Alfonso Herrero,21/22,Burgos,GK,27.0,28.0,2489.0,0.0,0.0,0.0,,1.0,0.0,0.0,0.0,0.0,0.0,7.0,0.0,0.0,29.0,110.0,9.0,7.0,12.0,8.0,73.6,
Alfonso Herrero,22/23,Mirandés,GK,28.0,33.0,2893.0,0.0,0.0,0.0,,1.0,0.0,1.0,0.0,0.0,1.0,7.0,0.0,0.0,40.0,107.0,10.0,12.0,10.0,9.0,62.6,
Alfonso Herrero,24/25,Málaga,GK,30.0,41.0,3690.0,0.0,0.0,0.0,,2.0,0.0,0.0,0.0,0.0,2.0,10.0,0.0,1.0,44.0,187.0,12.0,16.0,13.0,16.0,76.5,
Alfonso Herrero,25/26,Málaga,GK,31.0,42.0,3780.0,0.0,0.0,0.0,,0.0,0.0,0.0,0.0,0.0,0.0,10.0,0.0,2.0,52.0,191.0,21.0,10.0,11.0,11.0,72.8,
Carlos López,24/25,Málaga,GK,19.0,1.0,90.0,0.0,0.0,0.0,,0.0,0.0,0.0,0.0,0.0,0.0,0.0,0.0,0.0,2.0,6.0,0.0,1.0,0.0,0.0,66.7,
Fernando Calero,23/24,Espanyol,DF,27.0,23.0,1791.0,3.0,0.0,3.0,,9.0,0.0,1.0,8.0,6.0,26.0,8.0,38.0,38.0,,,,,,,,
Diego Murillo,22/23,Málaga,DF,21.0,1.0,1.0,0.0,0.0,0.0,,0.0,0.0,0.0,0.0,0.0,0.0,0.0,0.0,0.0,,,,,,,,
Diego Murillo,24/25,Málaga,DF,23.0,10.0,776.0,1.0,0.0,1.0,,1.0,0.0,0.0,7.0,1.0,10.0,13.0,4.0,14.0,,,,,,,,
Diego Murillo,25/26,Málaga,DF,24.0,36.0,3107.0,2.0,0.0,2.0,,10.0,0.0,1.0,14.0,4.0,37.0,37.0,46.0,33.0,,,,,,,,
Einar Galilea,24/25,Málaga,DF,30.0,27.0,1989.0,0.0,1.0,1.0,,2.0,0.0,1.0,12.0,3.0,17.0,11.0,27.0,20.0,,,,,,,,
Einar Galilea,25/26,Málaga,DF,31.0,24.0,1817.0,2.0,0.0,2.0,,6.0,1.0,1.0,11.0,5.0,14.0,9.0,14.0,14.0,,,,,,,,
Álex Pastor,,,,,,,,,,,,,,,,,,,,,,,,,,,
Ángel Recio,25/26,Málaga,DF,,9.0,652.0,0.0,0.0,0.0,,1.0,0.0,0.0,2.0,1.0,10.0,8.0,3.0,4.0,,,,,,,,
Moussa Diarra,22/23,Málaga,DF,20.0,1.0,90.0,0.0,0.0,0.0,,1.0,0.0,0.0,1.0,0.0,2.0,1.0,0.0,2.0,,,,,,,,
Dani Sánchez,24/25,Málaga,DF,24.0,24.0,1968.0,2.0,3.0,5.0,,6.0,0.0,0.0,16.0,6.0,23.0,24.0,23.0,25.0,,,,,,,,
Dani Sánchez,25/26,Málaga,DF,25.0,15.0,682.0,0.0,1.0,1.0,,0.0,0.0,0.0,8.0,2.0,3.0,4.0,7.0,8.0,,,,,,,,
Rafita Garrido,,,,,,,,,,,,,,,,,,,,,,,,,,,
Carlos Puga,,,,,,,,,,,,,,,,,,,,,,,,,,,
Izan Merino,24/25,Málaga,MF,18.0,25.0,1193.0,0.0,2.0,2.0,,1.0,0.0,1.0,12.0,3.0,14.0,6.0,8.0,12.0,,,,,,,,
Izan Merino,25/26,Málaga,MF,19.0,34.0,2650.0,0.0,1.0,1.0,,6.0,0.0,0.0,19.0,6.0,16.0,17.0,15.0,10.0,,,,,,,,
Juanpe Jiménez,,,,,,,,,,,,,,,,,,,,,,,,,,,
Ramón Enríquez,21/22,Málaga,MF,20.0,26.0,1269.0,1.0,0.0,1.0,,4.0,0.0,0.0,6.0,4.0,19.0,16.0,12.0,6.0,,,,,,,,
Ramón Enríquez,22/23,Málaga,MF,21.0,20.0,941.0,0.0,0.0,0.0,,3.0,0.0,0.0,5.0,1.0,17.0,12.0,9.0,12.0,,,,,,,,
Ramón Enríquez,24/25,Málaga,MF,23.0,11.0,440.0,0.0,1.0,1.0,,1.0,0.0,0.0,0.0,0.0,5.0,5.0,6.0,6.0,,,,,,,,
Ramón Enríquez,25/26,Málaga,MF,24.0,8.0,216.0,0.0,1.0,1.0,,0.0,0.0,1.0,0.0,0.0,0.0,5.0,1.0,5.0,,,,,,,,
Pablo Arriaza,,,,,,,,,,,,,,,,,,,,,,,,,,,
Dani Lorenzo,21/22,Málaga,MF,18.0,6.0,340.0,0.0,0.0,0.0,,0.0,0.0,0.0,2.0,1.0,3.0,3.0,2.0,12.0,,,,,,,,
Dani Lorenzo,22/23,Málaga,MF,19.0,7.0,166.0,1.0,0.0,1.0,,1.0,0.0,0.0,3.0,1.0,3.0,7.0,3.0,2.0,,,,,,,,
Dani Lorenzo,24/25,Málaga,"MF,FW",21.0,12.0,471.0,1.0,0.0,1.0,,1.0,0.0,0.0,6.0,3.0,11.0,14.0,4.0,8.0,,,,,,,,
Dani Lorenzo,25/26,Málaga,MF,22.0,33.0,2516.0,4.0,1.0,5.0,,5.0,0.0,0.0,32.0,10.0,34.0,47.0,27.0,31.0,,,,,,,,
Rafa Rodríguez,22/23,Málaga,MF,19.0,1.0,14.0,0.0,0.0,0.0,,1.0,0.0,0.0,0.0,0.0,2.0,0.0,0.0,0.0,,,,,,,,
Rafa Rodríguez,24/25,Málaga,MF,21.0,6.0,61.0,2.0,0.0,2.0,,0.0,0.0,0.0,6.0,2.0,0.0,0.0,1.0,1.0,,,,,,,,
Rafa Rodríguez,25/26,Málaga,"MF,FW",22.0,38.0,1297.0,5.0,4.0,9.0,,5.0,0.0,0.0,38.0,13.0,32.0,26.0,7.0,12.0,,,,,,,,
Aarón Ochoa,24/25,Málaga,"MF,FW",17.0,26.0,1012.0,0.0,0.0,0.0,,2.0,0.0,0.0,13.0,5.0,15.0,28.0,4.0,11.0,,,,,,,,
Aarón Ochoa,25/26,Málaga,"MF,FW",18.0,24.0,730.0,2.0,3.0,5.0,,6.0,0.0,0.0,17.0,8.0,13.0,11.0,3.0,10.0,,,,,,,,
Joaquín Muñoz,21/22,Huesca,"MF,FW",22.0,30.0,1663.0,4.0,2.0,6.0,,10.0,0.0,0.0,38.0,14.0,24.0,39.0,11.0,19.0,,,,,,,,
Joaquín Muñoz,22/23,Huesca,"FW,MF",23.0,22.0,1100.0,3.0,2.0,5.0,,4.0,0.0,0.0,21.0,7.0,13.0,17.0,5.0,12.0,,,,,,,,
Joaquín Muñoz,23/24,Huesca,"FW,MF",24.0,35.0,2026.0,0.0,4.0,4.0,,2.0,0.0,0.0,36.0,9.0,20.0,45.0,8.0,19.0,,,,,,,,
Joaquín Muñoz,24/25,Huesca,"MF,FW",25.0,35.0,1680.0,7.0,3.0,10.0,,5.0,0.0,0.0,37.0,16.0,17.0,39.0,8.0,12.0,,,,,,,,
Joaquín Muñoz,25/26,Málaga,"MF,FW",26.0,38.0,2452.0,5.0,6.0,11.0,,4.0,0.0,0.0,69.0,20.0,24.0,44.0,25.0,21.0,,,,,,,,
Julen Lobete,21/22,Real Sociedad B,"FW,MF",20.0,23.0,1467.0,1.0,0.0,1.0,,3.0,0.0,0.0,37.0,14.0,19.0,38.0,3.0,7.0,,,,,,,,
Julen Lobete,23/24,FC Andorra,"FW,MF",22.0,41.0,2712.0,4.0,3.0,7.0,,2.0,0.0,0.0,59.0,15.0,38.0,73.0,8.0,20.0,,,,,,,,
Julen Lobete,24/25,Málaga,"FW,MF",23.0,36.0,2276.0,3.0,2.0,5.0,,3.0,0.0,0.0,51.0,18.0,29.0,91.0,10.0,14.0,,,,,,,,
Julen Lobete,25/26,Málaga,MF,24.0,29.0,926.0,2.0,3.0,5.0,,3.0,0.0,0.0,34.0,15.0,22.0,33.0,9.0,11.0,,,,,,,,
David Larrubia,24/25,Málaga,"MF,FW",22.0,36.0,2787.0,4.0,2.0,6.0,,2.0,0.0,0.0,62.0,23.0,30.0,50.0,19.0,64.0,,,,,,,,
David Larrubia,25/26,Málaga,"MF,FW",23.0,39.0,3246.0,10.0,3.0,13.0,,4.0,0.0,0.0,90.0,36.0,28.0,65.0,26.0,71.0,,,,,,,,
Haitam Abaida,21/22,Málaga,FW,19.0,4.0,90.0,0.0,1.0,1.0,,0.0,0.0,1.0,2.0,0.0,1.0,2.0,1.0,1.0,,,,,,,,
Haitam Abaida,22/23,Málaga,MF,20.0,4.0,103.0,1.0,0.0,1.0,,0.0,0.0,0.0,3.0,1.0,0.0,7.0,0.0,2.0,,,,,,,,
Haitam Abaida,24/25,Málaga,FW,22.0,2.0,22.0,0.0,0.0,0.0,,0.0,0.0,0.0,0.0,0.0,1.0,0.0,0.0,1.0,,,,,,,,
Haitam Abaida,25/26,Málaga,FW,23.0,9.0,112.0,1.0,0.0,1.0,,0.0,0.0,0.0,2.0,1.0,0.0,4.0,1.0,0.0,,,,,,,,
Chupe,,,,,,,,,,,,,,,,,,,,,,,,,,,
Adrian Niño,25/26,Málaga,FW,21.0,30.0,1256.0,11.0,1.0,12.0,,0.0,0.0,0.0,51.0,27.0,11.0,9.0,2.0,3.0,,,,,,,,
Eneko Jauregi,23/24,Amorebieta,FW,27.0,37.0,2265.0,6.0,2.0,8.0,,3.0,0.0,0.0,40.0,11.0,40.0,51.0,5.0,2.0,,,,,,,,
Eneko Jauregi,24/25,Racing Ferrol,FW,28.0,37.0,1849.0,6.0,0.0,6.0,,3.0,0.0,0.0,39.0,15.0,29.0,48.0,4.0,3.0,,,,,,,,
Eneko Jauregi,25/26,Málaga,FW,29.0,23.0,580.0,4.0,0.0,4.0,,1.0,0.0,0.0,18.0,11.0,10.0,12.0,1.0,3.0,,,,,,,,
