Rk,Player,Nation,Pos,Squad,Age,Born,90s,Gls,Sh,SoT,SoT%,Sh/90,SoT/90,G/Sh,G/SoT,PK,PKatt,Matches
1,Abner,br BRA,DF,Real Betis,22,2000,6.7,0,5,2,40.0,0.74,0.30,0.00,0.00,0,0,Matches
2,Álvaro Aceves,es ESP,GK,Valladolid,19,2003,0.1,0,0,0,,0.00,0.00,,,0,0,Matches
3,Marcos Acuña,ar ARG,DF,Sevilla,30,1991,21.2,3,20,5,25.0,0.94,0.24,0.15,0.60,0,0,Matches
4,Julen Agirrezabala,es ESP,GK,Athletic Club,21,2000,7.5,0,0,0,,0.00,0.00,,,0,0,Matches
5,Álvaro Aguado,es ESP,MF,Valladolid,26,1996,21.0,1,20,6,30.0,0.95,0.29,0.05,0.17,0,0,Matches
6,Joseph Aidoo,gh GHA,DF,Celta Vigo,26,1995,34.7,3,14,3,21.4,0.40,0.09,0.21,1.00,0,0,Matches
7,Sergio Akieme,es ESP,DF,Almería,24,1997,25.5,1,23,7,30.4,0.90,0.27,0.04,0.14,0,0,Matches
8,Babatunde Akinsola,ng NGA,MF,Valladolid,19,2003,0.1,0,0,0,,0.00,0.00,,,0,0,Matches
9,Paul Akouokou,ci CIV,"MF,DF",Real Betis,24,1997,5.0,0,3,1,33.3,0.60,0.20,0.00,0.00,0,0,Matches
10,David Alaba,at AUT,DF,Real Madrid,30,1992,20.4,1,14,3,21.4,0.69,0.15,0.07,0.33,0,0,Matches
11,Ángel Alarcón,es ESP,FW,Barcelona,18,2004,0.3,0,1,1,100.0,3.60,3.60,0.00,0.00,0,0,Matches
12,Tomás Alarcón,cl CHI,MF,Cádiz,23,1999,2.5,0,2,1,50.0,0.81,0.40,0.00,0.00,0,0,Matches
13,Jordi Alba,es ESP,DF,Barcelona,33,1989,15.8,2,13,4,30.8,0.82,0.25,0.15,0.50,0,0,Matches
14,Raúl Albiol,es ESP,DF,Villarreal,36,1985,23.5,0,2,1,50.0,0.08,0.04,0.00,0.00,0,0,Matches
15,Rubén Alcaraz,es ESP,MF,Cádiz,31,1991,22.7,3,34,7,20.6,1.50,0.31,0.03,0.14,2,3,Matches
16,Omar Alderete,py PAR,DF,Getafe,25,1996,22.7,1,17,8,47.1,0.75,0.35,0.06,0.13,0,0,Matches
17,Iván Alejo,es ESP,MF,Cádiz,27,1995,14.6,0,23,6,26.1,1.58,0.41,0.00,0.00,0,0,Matches
18,Carles Aleñá,es ESP,"MF,FW",Getafe,24,1998,23.5,2,33,10,30.3,1.40,0.42,0.06,0.20,0,0,Matches
19,Alejandro Alfaro,es ESP,MF,Elche,20,2002,0.2,0,0,0,,0.00,0.00,,,0,0,Matches
20,Ángel Algobia,es ESP,MF,Getafe,23,1999,12.6,0,7,1,14.3,0.55,0.08,0.00,0.00,0,0,Matches
21,Mohamed Ali Cho,fr FRA,"FW,MF",Real Sociedad,18,2004,6.5,1,23,12,52.2,3.53,1.84,0.04,0.08,0,0,Matches
22,André Almeida,pt POR,MF,Valencia,22,2000,28.2,2,23,8,34.8,0.82,0.28,0.09,0.25,0,0,Matches
23,Marcos Alonso,es ESP,DF,Barcelona,31,1990,13.0,1,6,2,33.3,0.46,0.15,0.17,0.50,0,0,Matches
24,Carlos Álvarez,es ESP,MF,Sevilla,18,2003,0.1,0,0,0,,0.00,0.00,,,0,0,Matches
25,Gastón Álvarez,uy URU,DF,Getafe,22,2000,16.7,2,5,2,40.0,0.30,0.12,0.40,1.00,0,0,Matches
Rk,Player,Nation,Pos,Squad,Age,Born,90s,Gls,Sh,SoT,SoT%,Sh/90,SoT/90,G/Sh,G/SoT,PK,PKatt,Matches
26,Yeray Álvarez,es ESP,DF,Athletic Club,27,1995,25.9,1,8,1,12.5,0.31,0.04,0.13,1.00,0,0,Matches
27,Selim Amallah,ma MAR,"MF,FW",Valladolid,25,1996,3.0,2,5,2,40.0,1.69,0.67,0.40,1.00,0,0,Matches
28,Amath,sn SEN,"MF,FW",Mallorca,26,1996,13.6,2,23,7,30.4,1.69,0.51,0.09,0.29,0,0,Matches
29,Jordan Amavi,fr FRA,DF,Getafe,28,1994,2.2,0,0,0,,0.00,0.00,,,0,0,Matches
30,Marcos André,br BRA,FW,Valencia,25,1996,5.0,1,17,2,11.8,3.42,0.40,0.06,0.50,0,0,Matches
31,Fabrizio Angileri,ar ARG,DF,Getafe,28,1994,6.5,0,3,0,0.0,0.46,0.00,0.00,,0,0,Matches
32,Josep Antoni Gayá,es ESP,DF,Mallorca,22,2000,1.1,0,0,0,,0.00,0.00,,,0,0,Matches
33,José Antonio,es ESP,MF,Cádiz,18,2004,0.5,0,0,0,,0.00,0.00,,,0,0,Matches
34,Anuar,ma MAR,"MF,FW",Valladolid,27,1995,2.3,1,3,1,33.3,1.29,0.43,0.33,1.00,0,0,Matches
35,Mauro Arambarri,uy URU,MF,Getafe,26,1995,11.0,0,8,0,0.0,0.73,0.00,0.00,,0,0,Matches
36,Ronald Araújo,uy URU,DF,Barcelona,23,1999,20.0,0,18,1,5.6,0.90,0.05,0.00,0.00,0,0,Matches
37,Adu Ares,es ESP,MF,Athletic Club,20,2001,0.9,0,3,0,0.0,3.21,0.00,0.00,,0,0,Matches
38,Sergio Arribas,es ESP,MF,Real Madrid,20,2001,0.2,0,1,0,0.0,4.74,0.00,0.00,,0,0,Matches
39,Roberto Arroyo,es ESP,FW,Valladolid,18,2003,0.2,0,0,0,,0.00,0.00,,,0,0,Matches
40,Ricard Artero,es ESP,MF,Girona,19,2003,1.5,0,4,2,50.0,2.71,1.35,0.00,0.00,0,0,Matches
41,Santiago Arzamendia,py PAR,"DF,MF",Cádiz,24,1998,5.4,0,4,2,50.0,0.75,0.37,0.00,0.00,0,0,Matches
42,Sergio Asenjo,es ESP,GK,Valladolid,33,1989,10.0,0,0,0,,0.00,0.00,,,0,0,Matches
43,Marco Asensio,es ESP,"FW,MF",Real Madrid,26,1996,16.0,9,59,25,42.4,3.68,1.56,0.15,0.36,0,1,Matches
44,Iago Aspas,es ESP,FW,Celta Vigo,34,1987,31.9,12,78,33,42.3,2.45,1.04,0.13,0.30,2,3,Matches
45,Pierre-Emerick Aubameyang,ga GAB,"FW,MF",Barcelona,33,1989,0.1,0,1,1,100.0,10.00,10.00,0.00,0.00,0,0,Matches
46,Ludwig Augustinsson,se SWE,DF,Mallorca,28,1994,1.5,0,0,0,,0.00,0.00,,,0,0,Matches
47,Ezequiel Ávila,ar ARG,"FW,MF",Osasuna,28,1994,19.0,8,67,24,35.8,3.53,1.26,0.09,0.25,2,3,Matches
48,Iddrisu Baba,gh GHA,MF,Mallorca,26,1996,18.9,0,12,2,16.7,0.63,0.11,0.00,0.00,0,0,Matches
49,Srđan Babić,rs SRB,DF,Almería,26,1996,33.3,3,9,5,55.6,0.27,0.15,0.33,0.60,0,0,Matches
50,Loïc Bade,fr FRA,DF,Sevilla,22,2000,16.1,1,4,2,50.0,0.25,0.12,0.25,0.50,0,0,Matches
Rk,Player,Nation,Pos,Squad,Age,Born,90s,Gls,Sh,SoT,SoT%,Sh/90,SoT/90,G/Sh,G/SoT,PK,PKatt,Matches
51,Édgar Badía,es ESP,GK,Elche,30,1992,36.0,0,0,0,,0.00,0.00,,,0,0,Matches
52,Álex Baena,es ESP,"MF,FW",Villarreal,21,2001,21.6,6,62,23,37.1,2.87,1.06,0.10,0.26,0,0,Matches
53,Alejandro Balde,es ESP,DF,Barcelona,18,2003,27.5,1,19,4,21.1,0.69,0.15,0.05,0.25,0,0,Matches
54,Mikel Balenziaga,es ESP,DF,Athletic Club,34,1988,1.3,0,1,0,0.0,0.78,0.00,0.00,,0,0,Matches
55,Iván Balliu,al ALB,DF,Rayo Vallecano,30,1992,35.9,0,6,1,16.7,0.17,0.03,0.00,0.00,0,0,Matches
56,Léo Baptistão,br BRA,"FW,MF",Almería,29,1992,19.2,4,44,15,34.1,2.29,0.78,0.09,0.27,0,0,Matches
57,Keidi Bare,al ALB,MF,Espanyol,24,1997,5.6,0,5,3,60.0,0.89,0.54,0.00,0.00,0,0,Matches
58,Kike Barja,es ESP,"FW,MF",Osasuna,25,1997,14.6,1,17,6,35.3,1.17,0.41,0.06,0.17,0,0,Matches
59,Ander Barrenetxea,es ESP,"DF,MF",Real Sociedad,20,2001,9.8,3,18,12,66.7,1.85,1.23,0.17,0.25,0,0,Matches
60,Pablo Barrios,es ESP,MF,Atlético Madrid,19,2003,8.0,0,12,3,25.0,1.49,0.37,0.00,0.00,0,0,Matches
61,Rodrigo Battaglia,ar ARG,MF,Mallorca,31,1991,7.6,0,2,0,0.0,0.26,0.00,0.00,,0,0,Matches
62,Bebé,cv CPV,"FW,MF",Rayo Vallecano,32,1990,0.7,0,4,0,0.0,6.00,0.00,0.00,,0,0,Matches
63,Héctor Bellerín,es ESP,DF,Barcelona,27,1995,1.6,0,0,0,,0.00,0.00,,,0,0,Matches
64,Fran Beltrán,es ESP,MF,Celta Vigo,23,1999,31.7,0,25,2,8.0,0.79,0.06,0.00,0.00,0,0,Matches
65,Iker Benito,es ESP,MF,Osasuna,19,2002,2.0,0,0,0,,0.00,0.00,,,0,0,Matches
66,Karim Benzema,fr FRA,FW,Real Madrid,34,1987,22.6,19,107,45,42.1,4.73,1.99,0.11,0.27,7,8,Matches
67,Yuri Berchiche,es ESP,DF,Athletic Club,32,1990,26.7,1,28,8,28.6,1.05,0.30,0.04,0.13,0,0,Matches
68,Álex Berenguer,es ESP,MF,Athletic Club,27,1995,25.5,4,56,19,33.9,2.19,0.74,0.07,0.21,0,0,Matches
69,Pedro Bigas,es ESP,DF,Elche,31,1990,22.4,0,22,8,36.4,0.98,0.36,0.00,0.00,0,0,Matches
70,El Bilal Touré,ml MLI,FW,Almería,20,2001,14.0,7,29,14,48.3,2.06,1.00,0.24,0.50,0,0,Matches
71,Antonio Blanco,es ESP,MF,Cádiz,22,2000,1.8,0,0,0,,0.00,0.00,,,0,0,Matches
72,Lautaro Blanco,ar ARG,"DF,MF",Elche,23,1999,9.7,0,1,1,100.0,0.10,0.10,0.00,0.00,0,0,Matches
73,Theo Bongonda,cd COD,MF,Cádiz,26,1995,21.5,4,43,15,34.9,2.00,0.70,0.07,0.20,1,1,Matches
74,Yassine Bounou,ma MAR,GK,Sevilla,31,1991,23.9,0,0,0,,0.00,0.00,,,0,0,Matches
75,Lucas Boyé,ar ARG,FW,Elche,26,1996,27.4,7,72,21,29.2,2.63,0.77,0.10,0.33,0,1,Matches
Rk,Player,Nation,Pos,Squad,Age,Born,90s,Gls,Sh,SoT,SoT%,Sh/90,SoT/90,G/Sh,G/SoT,PK,PKatt,Matches
76,Martin Braithwaite,dk DEN,"FW,MF",Espanyol,31,1991,27.3,10,59,26,44.1,2.16,0.95,0.17,0.38,0,0,Matches
77,Darko Brašanac,rs SRB,MF,Osasuna,30,1992,11.6,1,11,4,36.4,0.95,0.35,0.09,0.25,0,0,Matches
78,Claudio Bravo,cl CHI,GK,Real Betis,39,1983,12.0,0,0,0,,0.00,0.00,,,0,0,Matches
79,Ante Budimir,hr CRO,FW,Osasuna,31,1991,20.0,8,58,21,36.2,2.90,1.05,0.14,0.38,0,0,Matches
80,Manu Bueno,es ESP,MF,Sevilla,18,2004,1.7,0,1,1,100.0,0.60,0.60,0.00,0.00,0,0,Matches
81,Santiago Bueno,uy URU,DF,Girona,23,1998,33.4,0,13,3,23.1,0.39,0.09,0.00,0.00,0,0,Matches
82,Sergio Busquets,es ESP,MF,Barcelona,34,1988,26.0,0,9,2,22.2,0.35,0.08,0.00,0.00,0,0,Matches
83,Leandro Cabrera,uy URU,DF,Espanyol,31,1991,29.7,0,23,6,26.1,0.78,0.20,0.00,0.00,0,0,Matches
84,Cala,es ESP,DF,Cádiz,32,1989,1.5,0,1,0,0.0,0.66,0.00,0.00,,0,0,Matches
85,Fernando Calero,es ESP,"DF,MF",Espanyol,26,1995,17.9,0,7,2,28.6,0.39,0.11,0.00,0.00,0,0,Matches
86,Alexander Callens,pe PER,DF,Girona,30,1992,1.3,0,0,0,,0.00,0.00,,,0,0,Matches
87,Eduardo Camavinga,fr FRA,"MF,DF",Real Madrid,19,2002,22.3,0,18,3,16.7,0.81,0.13,0.00,0.00,0,0,Matches
88,Sergio Camello,es ESP,FW,Rayo Vallecano,21,2001,26.7,6,76,19,25.0,2.85,0.71,0.08,0.32,0,0,Matches
89,Sergio Canales,es ESP,MF,Real Betis,31,1991,26.7,4,38,11,28.9,1.42,0.41,0.08,0.27,1,1,Matches
90,Ander Capa,es ESP,DF,Athletic Club,30,1992,1.2,0,0,0,,0.00,0.00,,,0,0,Matches
91,Étienne Capoue,fr FRA,MF,Villarreal,34,1988,21.7,3,26,12,46.2,1.20,0.55,0.12,0.25,0,0,Matches
92,Isaac Carcelen,es ESP,DF,Cádiz,29,1993,24.4,0,7,1,14.3,0.29,0.04,0.00,0.00,0,0,Matches
93,Juan Carlos,es ESP,GK,Girona,34,1988,10.0,0,0,0,,0.00,0.00,,,0,0,Matches
94,José Carlos Lazo,es ESP,MF,Almería,26,1996,0.2,0,2,1,50.0,9.00,4.50,0.00,0.00,0,0,Matches
95,José Carlos Lazo,es ESP,MF,Espanyol,26,1996,1.8,1,4,1,25.0,2.26,0.57,0.25,1.00,0,0,Matches
96,Carmona,es ESP,DF,Sevilla,20,2002,5.9,2,5,2,40.0,0.85,0.34,0.40,1.00,0,0,Matches
97,Carmona,es ESP,"MF,DF",Elche,20,2002,6.5,1,5,3,60.0,0.76,0.46,0.20,0.33,0,0,Matches
98,Yannick Carrasco,be BEL,"DF,MF",Atlético Madrid,28,1993,25.7,7,67,23,34.3,2.60,0.89,0.09,0.26,1,1,Matches
99,Dani Carvajal,es ESP,DF,Real Madrid,30,1992,19.8,0,12,0,0.0,0.61,0.00,0.00,,0,0,Matches
100,William Carvalho,pt POR,MF,Real Betis,30,1992,27.1,3,26,9,34.6,0.96,0.33,0.12,0.33,0,0,Matches
Rk,Player,Nation,Pos,Squad,Age,Born,90s,Gls,Sh,SoT,SoT%,Sh/90,SoT/90,G/Sh,G/SoT,PK,PKatt,Matches
101,Casemiro,br BRA,MF,Real Madrid,30,1992,0.1,0,0,0,,0.00,0.00,,,0,0,Matches
102,Valentín Castellanos,ar ARG,FW,Girona,23,1998,28.9,13,86,33,38.4,2.98,1.14,0.14,0.36,1,1,Matches
103,Samu Castillejo,es ESP,"FW,MF",Valencia,27,1995,15.1,4,37,11,29.7,2.44,0.73,0.11,0.36,0,0,Matches
104,Catena,es ESP,DF,Rayo Vallecano,27,1994,34.5,1,14,5,35.7,0.41,0.15,0.07,0.20,0,0,Matches
105,Edinson Cavani,uy URU,FW,Valencia,35,1987,16.1,5,34,11,32.4,2.11,0.68,0.09,0.27,2,3,Matches
106,Dani Ceballos,es ESP,MF,Real Madrid,25,1996,17.4,0,18,5,27.8,1.04,0.29,0.00,0.00,0,0,Matches
107,Álex Centelles,es ESP,"DF,MF",Almería,24,1997,12.5,1,5,3,60.0,0.40,0.24,0.20,0.33,0,0,Matches
108,Franco Cervi,ar ARG,MF,Celta Vigo,28,1994,21.0,0,23,6,26.1,1.09,0.29,0.00,0.00,0,0,Matches
109,Pep Chavarría,es ESP,MF,Rayo Vallecano,24,1998,4.1,0,2,0,0.0,0.49,0.00,0.00,,0,0,Matches
110,Pape Cheikh Diop,sn SEN,MF,Elche,24,1997,0.4,0,0,0,,0.00,0.00,,,0,0,Matches
111,Andreas Christensen,dk DEN,DF,Barcelona,26,1996,19.6,1,10,5,50.0,0.51,0.26,0.10,0.20,0,0,Matches
112,Samuel Chukwueze,ng NGA,"FW,MF",Villarreal,23,1999,26.0,6,60,17,28.3,2.31,0.65,0.10,0.35,0,0,Matches
113,Chumi,es ESP,DF,Almería,23,1999,16.5,1,3,1,33.3,0.18,0.06,0.33,1.00,0,0,Matches
114,Víctor Chust,es ESP,DF,Cádiz,22,2000,10.7,1,2,2,100.0,0.19,0.19,0.50,0.50,0,0,Matches
115,Pathé Ciss,sn SEN,MF,Rayo Vallecano,28,1994,14.2,1,20,5,25.0,1.40,0.35,0.05,0.20,0,0,Matches
116,Carlos Clerc,es ESP,"DF,MF",Elche,30,1992,29.3,0,9,3,33.3,0.31,0.10,0.00,0.00,0,0,Matches
117,Álex Collado,es ESP,MF,Elche,23,1999,8.0,1,17,6,35.3,2.12,0.75,0.06,0.17,0,0,Matches
118,Diego Collado,es ESP,"FW,MF",Villarreal,21,2001,0.1,0,0,0,,0.00,0.00,,,0,0,Matches
119,Eray Cömert,ch SUI,DF,Valencia,24,1998,18.6,1,10,6,60.0,0.54,0.32,0.10,0.17,0,0,Matches
120,Santi Comesaña,es ESP,MF,Rayo Vallecano,25,1996,27.2,3,25,7,28.0,0.92,0.26,0.12,0.43,0,0,Matches
121,Copete,es ESP,DF,Mallorca,22,1999,24.5,1,6,1,16.7,0.24,0.04,0.17,1.00,0,0,Matches
122,Francis Coquelin,fr FRA,MF,Villarreal,31,1991,8.3,1,7,1,14.3,0.84,0.12,0.14,1.00,0,0,Matches
123,Jesús Corona,mx MEX,MF,Sevilla,29,1993,1.2,1,1,1,100.0,0.81,0.81,1.00,1.00,0,0,Matches
124,Ángel Correa,ar ARG,"FW,MF",Atlético Madrid,27,1995,16.2,9,43,18,41.9,2.66,1.11,0.21,0.50,0,0,Matches
125,Thierry Correia,pt POR,DF,Valencia,23,1999,22.3,0,6,0,0.0,0.27,0.00,0.00,,0,0,Matches
Rk,Player,Nation,Pos,Squad,Age,Born,90s,Gls,Sh,SoT,SoT%,Sh/90,SoT/90,G/Sh,G/SoT,PK,PKatt,Matches
126,Jaume Costa,es ESP,DF,Mallorca,34,1988,28.9,0,11,6,54.5,0.38,0.21,0.00,0.00,0,0,Matches
127,Samu Costa,pt POR,MF,Almería,21,2000,22.1,1,20,7,35.0,0.90,0.32,0.05,0.14,0,0,Matches
128,Thibaut Courtois,be BEL,GK,Real Madrid,30,1992,31.0,0,0,0,,0.00,0.00,,,0,0,Matches
129,Yan Couto,br BRA,"MF,DF",Girona,20,2002,12.9,1,8,1,12.5,0.62,0.08,0.13,1.00,0,0,Matches
130,Juan Cruz Armada,es ESP,DF,Osasuna,30,1992,22.9,0,2,0,0.0,0.09,0.00,0.00,,0,0,Matches
131,Juan Cruz,es ESP,MF,Real Betis,22,2000,2.0,1,5,2,40.0,2.53,1.01,0.20,0.50,0,0,Matches
132,Jorge Cuenca,es ESP,DF,Villarreal,22,1999,5.6,0,4,0,0.0,0.71,0.00,0.00,,0,0,Matches
133,Braian Cufré,ar ARG,"MF,DF",Mallorca,25,1996,2.4,0,3,0,0.0,1.23,0.00,0.00,,0,0,Matches
134,Matheus Cunha,br BRA,"MF,FW",Atlético Madrid,23,1999,4.2,0,12,8,66.7,2.86,1.91,0.00,0.00,0,0,Matches
135,Curro,es ESP,"FW,MF",Almería,26,1996,0.5,0,1,1,100.0,2.09,2.09,0.00,0.00,0,0,Matches
136,Arnaut Danjuma,nl NED,FW,Villarreal,25,1997,5.3,2,12,5,41.7,2.25,0.94,0.08,0.20,1,1,Matches
137,Sergi Darder,es ESP,MF,Espanyol,28,1993,36.9,6,39,13,33.3,1.06,0.35,0.15,0.46,0,0,Matches
138,Rodrigo De Paul,ar ARG,MF,Atlético Madrid,28,1994,21.4,2,21,5,23.8,0.98,0.23,0.10,0.40,0,0,Matches
139,Alberto Del Moral,es ESP,MF,Villarreal,22,2000,0.1,0,0,0,,0.00,0.00,,,0,0,Matches
140,Thomas Delaney,dk DEN,MF,Sevilla,30,1991,3.4,0,3,1,33.3,0.87,0.29,0.00,0.00,0,0,Matches
141,Fran Delgado,es ESP,DF,Real Betis,21,2001,0.1,0,0,0,,0.00,0.00,,,0,0,Matches
142,Ousmane Dembélé,fr FRA,FW,Barcelona,25,1997,15.7,5,49,17,34.7,3.13,1.09,0.10,0.29,0,0,Matches
143,Mouctar Diakhaby,gn GUI,DF,Valencia,25,1996,27.2,3,21,7,33.3,0.77,0.26,0.14,0.43,0,0,Matches
144,Mamady Diarra,ml MLI,MF,Cádiz,22,2000,0.7,0,3,0,0.0,4.09,0.00,0.00,,0,0,Matches
145,Youba Diarra,ml MLI,MF,Cádiz,24,1998,1.1,0,0,0,,0.00,0.00,,,0,0,Matches
146,Stole Dimitrievski,mk MKD,GK,Rayo Vallecano,28,1993,36.9,0,0,0,,0.00,0.00,,,0,0,Matches
147,Djené,tg TOG,DF,Getafe,30,1991,31.6,0,9,1,11.1,0.29,0.03,0.00,0.00,0,0,Matches
148,Marko Dmitrović,rs SRB,GK,Sevilla,30,1992,14.1,0,0,0,,0.00,0.00,,,0,0,Matches
149,Matt Doherty,ie IRL,"DF,MF",Atlético Madrid,30,1992,0.2,0,0,0,,0.00,0.00,,,0,0,Matches
150,Kasper Dolberg,dk DEN,FW,Sevilla,24,1997,2.2,0,2,1,50.0,0.91,0.46,0.00,0.00,0,0,Matches
Rk,Player,Nation,Pos,Squad,Age,Born,90s,Gls,Sh,SoT,SoT%,Sh/90,SoT/90,G/Sh,G/SoT,PK,PKatt,Matches
151,Carlos Dominguez,es ESP,DF,Celta Vigo,21,2001,1.2,0,1,1,100.0,0.83,0.83,0.00,0.00,0,0,Matches
152,John Donald,es ESP,"MF,DF",Elche,21,2000,12.1,0,2,0,0.0,0.16,0.00,0.00,,0,0,Matches
153,Domingos Duarte,pt POR,DF,Getafe,27,1995,29.5,0,16,4,25.0,0.54,0.14,0.00,0.00,0,0,Matches
154,Pablo Durán,es ESP,FW,Celta Vigo,21,2001,0.4,0,0,0,,0.00,0.00,,,0,0,Matches
155,Hugo Duro,es ESP,FW,Valencia,22,1999,15.4,1,33,10,30.3,2.14,0.65,0.03,0.10,0,1,Matches
156,Íñigo Eguaras,es ESP,MF,Almería,30,1992,10.7,1,8,3,37.5,0.74,0.28,0.13,0.33,0,0,Matches
157,Aritz Elustondo,es ESP,DF,Real Sociedad,28,1994,16.1,0,8,0,0.0,0.50,0.00,0.00,,0,0,Matches
158,Rodrigo Ely,br BRA,DF,Almería,28,1993,35.1,0,19,2,10.5,0.54,0.06,0.00,0.00,0,0,Matches
159,Adri Embarba,es ESP,"FW,MF",Almería,30,1992,16.4,4,48,20,41.7,2.93,1.22,0.06,0.15,1,1,Matches
160,Adri Embarba,es ESP,"FW,MF",Espanyol,30,1992,0.4,0,2,0,0.0,5.14,0.00,0.00,,0,0,Matches
161,Youssef En-Nesyri,ma MAR,FW,Sevilla,25,1997,18.5,8,54,22,40.7,2.93,1.19,0.15,0.36,0,0,Matches
162,Gonzalo Escalante,ar ARG,MF,Cádiz,29,1993,12.5,4,14,7,50.0,1.12,0.56,0.29,0.57,0,0,Matches
163,Sergio Escudero,es ESP,"DF,MF",Valladolid,32,1989,16.0,1,27,9,33.3,1.69,0.56,0.04,0.11,0,0,Matches
164,Alfonso Espino,uy URU,DF,Cádiz,30,1992,34.7,0,20,1,5.0,0.58,0.03,0.00,0.00,0,0,Matches
165,Bernardo Espinosa,co COL,DF,Girona,33,1989,13.6,1,11,5,45.5,0.81,0.37,0.09,0.20,0,0,Matches
166,Edu Expósito,es ESP,MF,Espanyol,25,1996,12.9,2,19,7,36.8,1.47,0.54,0.11,0.29,0,0,Matches
167,Abde Ezzalzouli,ma MAR,"FW,MF",Osasuna,20,2001,16.7,4,40,16,40.0,2.39,0.96,0.10,0.25,0,0,Matches
168,Radamel Falcao,co COL,FW,Rayo Vallecano,36,1986,6.8,2,21,5,23.8,3.07,0.73,0.05,0.20,1,1,Matches
169,Fali,es ESP,"DF,MF",Cádiz,28,1993,19.0,0,9,1,11.1,0.47,0.05,0.00,0.00,0,0,Matches
170,Mamadou Fall,sn SEN,DF,Villarreal,19,2002,0.3,0,0,0,,0.00,0.00,,,0,0,Matches
171,Ansu Fati,es ESP,FW,Barcelona,19,2002,15.5,7,61,18,29.5,3.94,1.16,0.11,0.39,0,0,Matches
172,Zouhair Feddal,ma MAR,DF,Valladolid,33,1989,4.2,0,1,0,0.0,0.24,0.00,0.00,,0,0,Matches
173,Nabil Fekir,fr FRA,MF,Real Betis,29,1993,10.7,2,24,8,33.3,2.25,0.75,0.04,0.13,1,1,Matches
174,Felipe,br BRA,DF,Atlético Madrid,33,1989,2.2,0,1,0,0.0,0.46,0.00,0.00,,0,0,Matches
175,Luiz Felipe,it ITA,DF,Real Betis,25,1997,19.6,0,3,1,33.3,0.15,0.05,0.00,0.00,0,0,Matches
Rk,Player,Nation,Pos,Squad,Age,Born,90s,Gls,Sh,SoT,SoT%,Sh/90,SoT/90,G/Sh,G/SoT,PK,PKatt,Matches
176,João Félix,pt POR,"FW,MF",Atlético Madrid,22,1999,7.2,4,26,13,50.0,3.60,1.80,0.15,0.31,0,0,Matches
177,Kiko Femenía,es ESP,DF,Villarreal,31,1991,12.6,0,2,0,0.0,0.16,0.00,0.00,,0,0,Matches
178,Aitor Fernández,es ESP,GK,Osasuna,31,1991,21.0,0,0,0,,0.00,0.00,,,0,0,Matches
179,Álex Fernández,es ESP,"MF,FW",Cádiz,29,1992,17.5,3,17,9,52.9,0.97,0.51,0.12,0.22,1,1,Matches
180,Álvaro Fernández,es ESP,GK,Espanyol,24,1998,11.0,0,0,0,,0.00,0.00,,,0,0,Matches
181,Carlos Fernández,es ESP,FW,Real Sociedad,26,1996,7.0,1,21,5,23.8,3.00,0.71,0.05,0.20,0,0,Matches
182,Federico Fernández,ar ARG,DF,Elche,33,1989,1.0,0,0,0,,0.00,0.00,,,0,0,Matches
183,Joaquín Fernández,es ESP,DF,Valladolid,26,1996,24.0,1,10,1,10.0,0.42,0.04,0.10,1.00,0,0,Matches
184,Nicolás Fernández,ar ARG,"MF,DF",Elche,22,2000,5.7,0,5,2,40.0,0.88,0.35,0.00,0.00,0,0,Matches
185,Valery Fernández,es ESP,"MF,DF",Girona,22,1999,10.7,0,7,0,0.0,0.65,0.00,0.00,,0,0,Matches
186,Fernando,es ESP,GK,Almería,32,1990,36.5,0,0,0,,0.00,0.00,,,0,0,Matches
187,Fernando,br BRA,"MF,DF",Sevilla,35,1987,17.5,0,6,0,0.0,0.34,0.00,0.00,,0,0,Matches
188,Fidel,es ESP,"MF,FW",Elche,32,1989,19.0,3,14,3,21.4,0.74,0.16,0.14,0.67,1,1,Matches
189,Dimitri Foulquier,fr FRA,DF,Valencia,29,1993,19.3,0,3,0,0.0,0.16,0.00,0.00,,0,0,Matches
190,Juan Foyth,ar ARG,DF,Villarreal,24,1998,21.8,1,14,4,28.6,0.64,0.18,0.07,0.25,0,0,Matches
191,Iván Fresneda,es ESP,"DF,MF",Valladolid,17,2004,19.4,0,4,0,0.0,0.21,0.00,0.00,,0,0,Matches
192,Javi Galán,es ESP,DF,Celta Vigo,27,1994,35.1,0,13,1,7.7,0.37,0.03,0.00,0.00,0,0,Matches
193,Iñigo Ruiz de Galarreta,es ESP,MF,Mallorca,28,1993,27.2,0,10,2,20.0,0.37,0.07,0.00,0.00,0,0,Matches
194,Aleix García,es ESP,MF,Girona,25,1997,26.0,1,33,14,42.4,1.27,0.54,0.03,0.07,0,0,Matches
195,Álvaro García,es ESP,MF,Rayo Vallecano,29,1992,31.9,5,52,21,40.4,1.63,0.66,0.10,0.24,0,0,Matches
196,Borja García,es ESP,"MF,FW",Girona,31,1990,7.5,1,8,3,37.5,1.06,0.40,0.13,0.33,0,0,Matches
197,Carlos García,es ESP,DF,Cádiz,22,2000,0.3,0,0,0,,0.00,0.00,,,0,0,Matches
198,Dani García,es ESP,MF,Athletic Club,32,1990,16.5,0,9,0,0.0,0.55,0.00,0.00,,0,0,Matches
199,David García,es ESP,DF,Osasuna,28,1994,29.8,2,15,3,20.0,0.50,0.10,0.13,0.67,0,0,Matches
200,Eric García,es ESP,"DF,MF",Barcelona,21,2001,15.7,1,7,1,14.3,0.44,0.06,0.14,1.00,0,0,Matches
Rk,Player,Nation,Pos,Squad,Age,Born,90s,Gls,Sh,SoT,SoT%,Sh/90,SoT/90,G/Sh,G/SoT,PK,PKatt,Matches
201,Fran Garcia,es ESP,DF,Rayo Vallecano,22,1999,37.9,2,30,11,36.7,0.79,0.29,0.07,0.18,0,0,Matches
202,Joan García,es ESP,GK,Espanyol,21,2001,1.0,0,0,0,,0.00,0.00,,,0,0,Matches
203,Raúl García,es ESP,"MF,FW",Athletic Club,36,1986,10.7,2,51,14,27.5,4.75,1.30,0.04,0.14,0,0,Matches
204,Rubén García,es ESP,"MF,FW",Osasuna,29,1993,12.9,2,20,4,20.0,1.55,0.31,0.10,0.50,0,0,Matches
205,Unai García,es ESP,DF,Osasuna,30,1992,19.0,0,5,2,40.0,0.26,0.11,0.00,0.00,0,0,Matches
206,Felix Garreta,es ESP,DF,Real Betis,18,2004,1.0,0,0,0,,0.00,0.00,,,0,0,Matches
207,Aleix Garrido,es ESP,MF,Barcelona,18,2004,0.1,0,0,0,,0.00,0.00,,,0,0,Matches
208,Sékou Gassama,sn SEN,FW,Valladolid,27,1995,0.4,0,2,0,0.0,5.00,0.00,0.00,,0,0,Matches
209,Gavi,es ESP,"MF,FW",Barcelona,17,2004,28.1,2,28,8,28.6,1.00,0.28,0.07,0.25,0,0,Matches
210,Paulo Gazzaniga,ar ARG,GK,Girona,30,1992,28.0,0,0,0,,0.00,0.00,,,0,0,Matches
211,Bryan Gil,es ESP,MF,Sevilla,21,2001,10.2,2,17,4,23.5,1.67,0.39,0.12,0.50,0,0,Matches
212,David Gil,es ESP,GK,Cádiz,28,1994,4.0,0,0,0,,0.00,0.00,,,0,0,Matches
213,Óscar Gil,es ESP,DF,Espanyol,25,1997,28.4,0,12,2,16.7,0.42,0.07,0.00,0.00,0,0,Matches
214,Álvaro Giménez,es ESP,"FW,MF",Cádiz,31,1991,0.2,0,0,0,,0.00,0.00,,,0,0,Matches
215,Dani Gómez,es ESP,FW,Espanyol,24,1998,1.0,0,0,0,,0.00,0.00,,,0,0,Matches
216,Maxi Gómez,uy URU,FW,Valencia,25,1996,1.2,0,3,0,0.0,2.50,0.00,0.00,,0,0,Matches
217,Moi Gómez,es ESP,MF,Osasuna,28,1994,27.3,3,19,9,47.4,0.70,0.33,0.16,0.33,0,0,Matches
218,Papu Gómez,ar ARG,MF,Sevilla,34,1988,11.8,1,20,6,30.0,1.69,0.51,0.05,0.17,0,0,Matches
219,Sergi Gómez,es ESP,DF,Espanyol,30,1992,26.0,0,8,3,37.5,0.31,0.12,0.00,0.00,0,0,Matches
220,Antonio Gomis,es ESP,GK,Atlético Madrid,19,2003,0.1,0,0,0,,0.00,0.00,,,0,0,Matches
221,Diego González,es ESP,DF,Elche,27,1995,10.6,0,6,0,0.0,0.56,0.00,0.00,,0,0,Matches
222,Édgar González,es ESP,DF,Real Betis,25,1997,19.7,0,9,3,33.3,0.46,0.15,0.00,0.00,0,0,Matches
223,Giovanni González,uy URU,"DF,MF",Mallorca,27,1994,10.3,0,4,0,0.0,0.39,0.00,0.00,,0,0,Matches
224,Nicolás González,es ESP,MF,Valencia,20,2002,15.6,1,14,3,21.4,0.90,0.19,0.07,0.33,0,0,Matches
225,Roberto González,es ESP,MF,Real Betis,21,2001,0.6,0,0,0,,0.00,0.00,,,0,0,Matches
Rk,Player,Nation,Pos,Squad,Age,Born,90s,Gls,Sh,SoT,SoT%,Sh/90,SoT/90,G/Sh,G/SoT,PK,PKatt,Matches
226,Andoni Gorosabel,es ESP,DF,Real Sociedad,25,1996,19.0,0,14,1,7.1,0.74,0.05,0.00,0.00,0,0,Matches
227,José Gragera,es ESP,"MF,DF",Espanyol,21,2000,5.1,1,4,1,25.0,0.78,0.20,0.25,1.00,0,0,Matches
228,Ivo Grbić,hr CRO,GK,Atlético Madrid,26,1996,10.2,0,0,0,,0.00,0.00,,,0,0,Matches
229,Dominik Greif,sk SVK,GK,Mallorca,25,1997,1.0,0,0,0,,0.00,0.00,,,0,0,Matches
230,Clément Grenier,fr FRA,MF,Mallorca,31,1991,8.0,0,3,2,66.7,0.38,0.25,0.00,0.00,0,0,Matches
231,Antoine Griezmann,fr FRA,"FW,MF",Atlético Madrid,31,1991,31.8,15,111,45,40.5,3.49,1.42,0.14,0.33,0,0,Matches
232,Andrés Guardado,mx MEX,MF,Real Betis,35,1986,15.3,1,8,3,37.5,0.52,0.20,0.13,0.33,0,0,Matches
233,Sergi Guardiola,es ESP,FW,Cádiz,31,1991,12.9,3,27,14,51.9,2.09,1.08,0.11,0.21,0,0,Matches
234,Sergi Guardiola,es ESP,FW,Valladolid,31,1991,5.6,0,11,3,27.3,1.97,0.54,0.00,0.00,0,0,Matches
235,Nemanja Gudelj,rs SRB,"DF,MF",Sevilla,30,1991,30.9,3,33,7,21.2,1.07,0.23,0.09,0.43,0,0,Matches
236,Javier Guerra,es ESP,MF,Valencia,19,2003,6.7,1,15,6,40.0,2.23,0.89,0.07,0.17,0,0,Matches
237,Ander Guevara,es ESP,MF,Real Sociedad,25,1997,2.5,0,1,0,0.0,0.41,0.00,0.00,,0,0,Matches
238,Pape Gueye,sn SEN,MF,Sevilla,23,1999,13.0,1,20,5,25.0,1.54,0.38,0.05,0.20,0,0,Matches
239,Hugo Guillamón,es ESP,MF,Valencia,22,2000,18.1,1,4,2,50.0,0.22,0.11,0.00,0.00,1,1,Matches
240,Gerard Gumbau,es ESP,MF,Elche,27,1994,30.4,1,47,18,38.3,1.55,0.59,0.02,0.06,0,0,Matches
241,Gorka Guruzeta,es ESP,FW,Athletic Club,25,1996,15.8,6,50,19,38.0,3.17,1.20,0.12,0.32,0,0,Matches
242,Raúl Guti,es ESP,MF,Elche,25,1996,12.4,0,20,8,40.0,1.61,0.64,0.00,0.00,0,0,Matches
243,Miguel Gutiérrez,es ESP,"DF,MF",Girona,21,2001,26.6,2,17,4,23.5,0.64,0.15,0.12,0.50,0,0,Matches
244,Munir El Haddadi,ma MAR,"MF,FW",Getafe,26,1995,12.8,3,32,10,31.3,2.50,0.78,0.09,0.30,0,0,Matches
245,Dennis Hadžikadunić,ba BIH,DF,Mallorca,24,1998,6.8,0,5,1,20.0,0.73,0.15,0.00,0.00,0,0,Matches
246,Haissem Hassan,eg EGY,MF,Villarreal,20,2002,0.6,0,0,0,,0.00,0.00,,,0,0,Matches
247,Eden Hazard,be BEL,FW,Real Madrid,31,1991,2.2,0,3,1,33.3,1.38,0.46,0.00,0.00,0,1,Matches
248,Luiz Henrique,br BRA,MF,Real Betis,21,2001,20.1,1,42,17,40.5,2.09,0.85,0.02,0.06,0,0,Matches
249,Mario Hermoso,es ESP,DF,Atlético Madrid,27,1995,23.4,3,15,5,33.3,0.64,0.21,0.20,0.60,0,0,Matches
250,Aridane Hernández,es ESP,DF,Osasuna,33,1989,19.9,0,5,1,20.0,0.25,0.05,0.00,0.00,0,0,Matches
Rk,Player,Nation,Pos,Squad,Age,Born,90s,Gls,Sh,SoT,SoT%,Sh/90,SoT/90,G/Sh,G/SoT,PK,PKatt,Matches
251,Javi Hernández,es ESP,DF,Girona,24,1998,12.4,1,16,6,37.5,1.29,0.48,0.06,0.17,0,0,Matches
252,Luis Hernández,es ESP,DF,Cádiz,33,1989,35.0,0,7,1,14.3,0.20,0.03,0.00,0.00,0,0,Matches
253,Mario Hernández,es ESP,DF,Rayo Vallecano,23,1999,1.1,0,2,0,0.0,1.75,0.00,0.00,,0,0,Matches
254,Jorge Herrando,es ESP,DF,Osasuna,21,2001,0.3,0,0,0,,0.00,0.00,,,0,0,Matches
255,Ander Herrera,es ESP,MF,Athletic Club,32,1989,7.7,0,10,1,10.0,1.29,0.13,0.00,0.00,0,0,Matches
256,Sergio Herrera,es ESP,GK,Osasuna,29,1993,17.0,0,0,0,,0.00,0.00,,,0,0,Matches
257,Yangel Herrera,ve VEN,MF,Girona,24,1998,10.7,2,24,8,33.3,2.24,0.75,0.08,0.25,0,0,Matches
258,Omar El Hilali,ma MAR,DF,Espanyol,18,2003,1.0,0,0,0,,0.00,0.00,,,0,0,Matches
259,Martin Hongla,cm CMR,"DF,MF",Valladolid,24,1998,14.5,0,1,0,0.0,0.07,0.00,0.00,,0,0,Matches
260,Pablo Ibáñez,es ESP,MF,Osasuna,23,1998,11.8,0,20,6,30.0,1.69,0.51,0.00,0.00,0,0,Matches
261,Iglesias,es ESP,DF,Getafe,24,1998,23.8,1,21,8,38.1,0.88,0.34,0.05,0.13,0,0,Matches
262,Borja Iglesias,es ESP,FW,Real Betis,29,1993,26.3,15,61,28,45.9,2.32,1.07,0.16,0.36,5,6,Matches
263,Asier Illarramendi,es ESP,MF,Real Sociedad,32,1990,12.0,1,12,3,25.0,1.00,0.25,0.08,0.33,0,0,Matches
264,Alexander Isak,se SWE,FW,Real Sociedad,22,1999,1.7,1,3,1,33.3,1.78,0.59,0.33,1.00,0,0,Matches
265,Isco,es ESP,"MF,FW",Sevilla,30,1992,8.9,0,4,1,25.0,0.45,0.11,0.00,0.00,0,0,Matches
266,Diego Iturralde,es ESP,DF,Sevilla,19,2003,0.5,0,0,0,,0.00,0.00,,,0,0,Matches
267,Nicolas Jackson,sn SEN,FW,Villarreal,21,2001,17.8,12,41,23,56.1,2.31,1.30,0.29,0.52,0,0,Matches
268,Adnan Januzaj,be BEL,MF,Sevilla,27,1995,0.5,0,0,0,,0.00,0.00,,,0,0,Matches
269,Joaquín,es ESP,MF,Real Betis,41,1981,5.5,0,8,3,37.5,1.45,0.54,0.00,0.00,0,0,Matches
270,Frenkie de Jong,nl NED,MF,Barcelona,25,1997,28.2,2,18,11,61.1,0.64,0.39,0.11,0.18,0,0,Matches
271,Joan Jordán,es ESP,MF,Sevilla,28,1994,17.7,0,13,3,23.1,0.73,0.17,0.00,0.00,0,0,Matches
272,Josan,es ESP,"DF,MF",Elche,32,1989,12.0,1,6,3,50.0,0.50,0.25,0.17,0.33,0,0,Matches
273,Willian José,br BRA,FW,Real Betis,30,1991,8.1,2,21,7,33.3,2.59,0.86,0.05,0.14,1,1,Matches
274,Joselu,es ESP,FW,Espanyol,32,1990,33.2,16,92,38,41.3,2.77,1.14,0.12,0.29,5,5,Matches
275,Juanmi,es ESP,MF,Real Betis,29,1993,10.3,4,18,8,44.4,1.75,0.78,0.22,0.50,0,0,Matches
Rk,Player,Nation,Pos,Squad,Age,Born,90s,Gls,Sh,SoT,SoT%,Sh/90,SoT/90,G/Sh,G/SoT,PK,PKatt,Matches
276,Juanpe,es ESP,DF,Girona,31,1991,15.8,1,5,1,20.0,0.32,0.06,0.20,1.00,0,0,Matches
277,Lago Junior,ci CIV,"FW,MF",Mallorca,31,1990,0.6,0,2,1,50.0,3.46,1.73,0.00,0.00,0,0,Matches
278,Vinicius Júnior,br BRA,FW,Real Madrid,22,2000,31.4,10,77,36,46.8,2.45,1.15,0.13,0.28,0,0,Matches
279,Filip Jørgensen,dk DEN,GK,Villarreal,20,2002,2.0,0,0,0,,0.00,0.00,,,0,0,Matches
280,Tino Kadewere,zw ZIM,"FW,MF",Mallorca,26,1996,6.0,1,19,6,31.6,3.15,1.00,0.05,0.17,0,0,Matches
281,Kaiky,br BRA,DF,Almería,18,2004,6.5,0,1,0,0.0,0.15,0.00,0.00,,0,0,Matches
282,Lee Kang-in,kr KOR,"MF,FW",Mallorca,21,2001,31.4,6,46,14,30.4,1.47,0.45,0.13,0.43,0,0,Matches
283,Jon Karrikaburu,es ESP,FW,Real Sociedad,19,2002,1.0,0,5,1,20.0,4.84,0.97,0.00,0.00,0,0,Matches
284,Kenedy,br BRA,FW,Valladolid,26,1996,3.1,0,6,3,50.0,1.96,0.98,0.00,0.00,0,0,Matches
285,Franck Kessié,ci CIV,MF,Barcelona,25,1996,11.0,1,15,3,20.0,1.36,0.27,0.07,0.33,0,0,Matches
286,Kiké,es ESP,FW,Osasuna,32,1989,11.3,2,42,12,28.6,3.70,1.06,0.02,0.08,1,1,Matches
287,Justin Kluivert,nl NED,"FW,MF",Valencia,23,1999,16.1,6,44,17,38.6,2.74,1.06,0.11,0.29,1,1,Matches
288,Koke,es ESP,MF,Atlético Madrid,30,1992,28.3,0,16,1,6.3,0.57,0.04,0.00,0.00,0,0,Matches
289,Luca Koleosho,it ITA,MF,Espanyol,17,2004,0.7,1,1,1,100.0,1.53,1.53,1.00,1.00,0,0,Matches
290,Geoffrey Kondogbia,cf CTA,MF,Atlético Madrid,29,1993,11.2,0,11,0,0.0,0.98,0.00,0.00,,0,0,Matches
291,Jules Koundé,fr FRA,DF,Barcelona,23,1998,27.0,1,14,2,14.3,0.52,0.07,0.07,0.50,0,0,Matches
292,Toni Kroos,de GER,MF,Real Madrid,32,1990,23.9,2,31,11,35.5,1.29,0.46,0.06,0.18,0,0,Matches
293,Takefusa Kubo,jp JPN,"FW,MF",Real Sociedad,21,2001,27.1,9,72,30,41.7,2.66,1.11,0.13,0.30,0,0,Matches
294,César de la Hoz,es ESP,MF,Almería,30,1992,18.6,1,7,1,14.3,0.38,0.05,0.14,1.00,0,0,Matches
295,Luca de la Torre,us USA,MF,Celta Vigo,24,1998,16.5,0,17,3,17.6,1.03,0.18,0.00,0.00,0,0,Matches
296,Érik Lamela,ar ARG,"MF,FW",Sevilla,30,1992,20.5,6,44,23,52.3,2.15,1.12,0.14,0.26,0,0,Matches
297,Cyle Larin,ca CAN,FW,Valladolid,27,1995,16.3,8,51,19,37.3,3.12,1.16,0.12,0.32,2,2,Matches
298,Juanmi Latasa,es ESP,FW,Getafe,21,2001,5.0,1,15,4,26.7,3.01,0.80,0.07,0.25,0,0,Matches
299,Toni Lato,es ESP,"DF,MF",Valencia,24,1997,10.2,1,9,1,11.1,0.89,0.10,0.11,1.00,0,0,Matches
300,Lázaro,br BRA,"FW,MF",Almería,20,2002,8.0,6,25,12,48.0,3.14,1.51,0.24,0.50,0,0,Matches
Rk,Player,Nation,Pos,Squad,Age,Born,90s,Gls,Sh,SoT,SoT%,Sh/90,SoT/90,G/Sh,G/SoT,PK,PKatt,Matches
301,Robin Le Normand,es ESP,DF,Real Sociedad,25,1996,31.1,0,11,2,18.2,0.35,0.06,0.00,0.00,0,0,Matches
302,Benjamin Lecomte,fr FRA,GK,Espanyol,31,1991,10.0,0,0,0,,0.00,0.00,,,0,0,Matches
303,Jeremías Ledesma,ar ARG,GK,Cádiz,29,1993,34.0,0,1,0,0.0,0.03,0.00,0.00,,0,0,Matches
304,Florian Lejeune,fr FRA,DF,Rayo Vallecano,31,1991,28.5,4,41,14,34.1,1.44,0.49,0.10,0.29,0,0,Matches
305,Iñigo Lekue,es ESP,DF,Athletic Club,29,1993,14.7,0,9,1,11.1,0.61,0.07,0.00,0.00,0,0,Matches
306,Thomas Lemar,fr FRA,MF,Atlético Madrid,26,1995,13.9,1,13,6,46.2,0.93,0.43,0.08,0.17,0,0,Matches
307,Sergio León,es ESP,FW,Valladolid,33,1989,14.8,6,28,17,60.7,1.89,1.15,0.18,0.29,1,2,Matches
308,Robert Lewandowski,pl POL,FW,Barcelona,33,1988,31.6,23,135,58,43.0,4.27,1.83,0.17,0.40,0,1,Matches
309,Samuel Lino,br BRA,"FW,MF",Valencia,22,1999,32.1,6,96,33,34.4,2.99,1.03,0.06,0.18,0,0,Matches
310,Pol Lirola,es ESP,DF,Elche,24,1997,7.0,1,1,1,100.0,0.14,0.14,1.00,1.00,0,0,Matches
311,Javier Llabrés,es ESP,MF,Mallorca,19,2002,0.2,0,0,0,,0.00,0.00,,,0,0,Matches
312,Marcos Llorente,es ESP,MF,Atlético Madrid,27,1995,18.9,1,24,9,37.5,1.27,0.48,0.04,0.11,0,0,Matches
313,Giovani Lo Celso,ar ARG,"MF,FW",Villarreal,26,1996,12.5,2,30,7,23.3,2.40,0.56,0.07,0.29,0,0,Matches
314,David López,es ESP,"DF,MF",Girona,32,1989,18.4,3,11,8,72.7,0.60,0.44,0.27,0.38,0,0,Matches
315,Diego López,es ESP,GK,Rayo Vallecano,40,1981,1.1,0,0,0,,0.00,0.00,,,0,0,Matches
316,Diego López,es ESP,MF,Valencia,20,2002,5.0,3,12,8,66.7,2.42,1.61,0.25,0.38,0,0,Matches
317,Unai López,es ESP,MF,Rayo Vallecano,26,1995,13.9,1,26,10,38.5,1.87,0.72,0.04,0.10,0,0,Matches
318,Anthony Lozano,hn HON,FW,Cádiz,29,1993,16.0,1,30,8,26.7,1.87,0.50,0.03,0.13,0,0,Matches
319,Pol Lozano,es ESP,MF,Espanyol,22,1999,0.2,0,0,0,,0.00,0.00,,,0,0,Matches
320,José Luis Gayà,es ESP,DF,Valencia,27,1995,30.1,1,23,9,39.1,0.76,0.30,0.04,0.11,0,1,Matches
321,José Luis Morales,es ESP,FW,Villarreal,35,1987,13.5,7,41,21,51.2,3.05,1.56,0.17,0.33,0,0,Matches
322,Andriy Lunin,ua UKR,GK,Real Madrid,23,1999,7.0,0,0,0,,0.00,0.00,,,0,0,Matches
323,Awer Mabil,au AUS,MF,Cádiz,26,1995,1.8,0,3,1,33.3,1.64,0.55,0.00,0.00,0,0,Matches
324,Darwin Machís,ve VEN,"MF,FW",Valladolid,29,1993,6.7,0,19,7,36.8,2.85,1.05,0.00,0.00,0,0,Matches
325,Pablo Maffeo,es ESP,DF,Mallorca,25,1997,33.1,2,21,5,23.8,0.64,0.15,0.10,0.40,0,0,Matches
Rk,Player,Nation,Pos,Squad,Age,Born,90s,Gls,Sh,SoT,SoT%,Sh/90,SoT/90,G/Sh,G/SoT,PK,PKatt,Matches
326,Lisandro Magallán,ar ARG,DF,Elche,28,1993,10.0,0,6,2,33.3,0.60,0.20,0.00,0.00,0,0,Matches
327,Jon Magunazelaia,es ESP,MF,Real Sociedad,21,2001,0.7,0,1,1,100.0,1.38,1.38,0.00,0.00,0,0,Matches
328,Nemanja Maksimović,rs SRB,MF,Getafe,27,1995,22.8,0,18,7,38.9,0.79,0.31,0.00,0.00,0,0,Matches
329,Hugo Mallo,es ESP,DF,Celta Vigo,31,1991,24.0,0,19,7,36.8,0.79,0.29,0.00,0.00,0,0,Matches
330,Mickael Malsa,mq MTQ,MF,Valladolid,26,1995,0.8,0,0,0,,0.00,0.00,,,0,0,Matches
331,Giorgi Mamardashvili,ge GEO,GK,Valencia,21,2000,38.0,0,0,0,,0.00,0.00,,,0,0,Matches
332,Reinildo Mandava,mz MOZ,DF,Atlético Madrid,28,1994,20.6,0,6,1,16.7,0.29,0.05,0.00,0.00,0,0,Matches
333,Aïssa Mandi,dz ALG,DF,Villarreal,30,1991,16.2,0,2,2,100.0,0.12,0.12,0.00,0.00,0,0,Matches
334,Marcão,br BRA,DF,Sevilla,26,1996,4.2,0,0,0,,0.00,0.00,,,0,0,Matches
335,Agustín Marchesín,ar ARG,GK,Celta Vigo,34,1988,19.0,0,0,0,,0.00,0.00,,,0,0,Matches
336,Óscar de Marcos,es ESP,DF,Athletic Club,33,1989,31.3,1,4,2,50.0,0.13,0.06,0.25,0.50,0,0,Matches
337,Alberto Marí,es ESP,FW,Valencia,21,2001,1.0,1,2,1,50.0,2.09,1.05,0.50,1.00,0,0,Matches
338,José Mari,es ESP,MF,Cádiz,34,1987,4.4,0,5,2,40.0,1.13,0.45,0.00,0.00,0,0,Matches
339,José María Giménez,uy URU,DF,Atlético Madrid,27,1995,26.9,2,22,8,36.4,0.82,0.30,0.09,0.25,0,0,Matches
340,Mariano,do DOM,FW,Real Madrid,28,1993,1.7,0,5,0,0.0,2.87,0.00,0.00,,0,0,Matches
341,Pablo Marín,es ESP,MF,Real Sociedad,19,2003,4.0,0,9,4,44.4,2.25,1.00,0.00,0.00,0,0,Matches
342,Diego Mariño,es ESP,GK,Almería,32,1990,0.5,0,0,0,,0.00,0.00,,,0,0,Matches
343,Roger Martí,es ESP,"FW,MF",Elche,31,1991,7.3,0,6,2,33.3,0.82,0.27,0.00,0.00,0,0,Matches
344,Roger Martí,es ESP,FW,Cádiz,31,1991,7.1,1,15,3,20.0,2.11,0.42,0.07,0.33,0,0,Matches
345,Ander Martin,es ESP,MF,Real Sociedad,21,2000,0.5,0,0,0,,0.00,0.00,,,0,0,Matches
346,Andrés Martín,es ESP,MF,Rayo Vallecano,23,1999,2.3,0,4,3,75.0,1.76,1.32,0.00,0.00,0,0,Matches
347,Carlos Martín,es ESP,"FW,MF",Atlético Madrid,20,2002,0.3,0,1,1,100.0,3.21,3.21,0.00,0.00,0,0,Matches
348,Iván Martín,es ESP,MF,Girona,23,1999,17.6,3,18,8,44.4,1.02,0.45,0.17,0.38,0,0,Matches
349,Arnau Martinez,es ESP,DF,Girona,19,2003,30.4,3,20,3,15.0,0.66,0.10,0.15,1.00,0,0,Matches
350,Iñigo Martínez,es ESP,DF,Athletic Club,31,1991,14.9,1,10,2,20.0,0.67,0.13,0.10,0.50,0,0,Matches
Rk,Player,Nation,Pos,Squad,Age,Born,90s,Gls,Sh,SoT,SoT%,Sh/90,SoT/90,G/Sh,G/SoT,PK,PKatt,Matches
351,Roger Martínez,es ESP,MF,Espanyol,18,2004,0.1,0,1,0,0.0,12.86,0.00,0.00,,0,0,Matches
352,Omar Mascarell,gq EQG,"MF,DF",Elche,29,1993,27.2,0,9,3,33.3,0.33,0.11,0.00,0.00,0,0,Matches
353,Jordi Masip,es ESP,GK,Valladolid,33,1989,27.9,0,0,0,,0.00,0.00,,,0,0,Matches
354,Jaime Mata,es ESP,"FW,MF",Getafe,33,1988,4.9,1,14,5,35.7,2.88,1.03,0.07,0.20,0,0,Matches
355,Borja Mayoral,es ESP,FW,Getafe,25,1997,30.7,8,51,21,41.2,1.66,0.69,0.16,0.38,0,2,Matches
356,Mamadou Mbaye,sn SEN,DF,Cádiz,24,1998,8.4,0,1,0,0.0,0.12,0.00,0.00,,0,0,Matches
357,Fernando Medrano,es ESP,DF,Celta Vigo,22,2000,0.1,0,0,0,,0.00,0.00,,,0,0,Matches
358,Gonzalo Melero,es ESP,MF,Almería,28,1994,20.6,4,24,11,45.8,1.16,0.53,0.13,0.27,1,1,Matches
359,Memphis,nl NED,FW,Atlético Madrid,28,1994,3.0,4,11,5,45.5,3.67,1.67,0.36,0.80,0,0,Matches
360,Memphis,nl NED,FW,Barcelona,28,1994,1.3,1,6,3,50.0,4.74,2.37,0.17,0.33,0,0,Matches
361,Houboulang Mendes,gw GNB,DF,Almería,24,1998,9.8,0,1,0,0.0,0.10,0.00,0.00,,0,0,Matches
362,Brais Méndez,es ESP,MF,Real Sociedad,25,1997,26.7,8,60,22,36.7,2.24,0.82,0.13,0.36,0,0,Matches
363,Diego Méndez,es ESP,MF,Rayo Vallecano,18,2003,0.0,0,0,0,,0.00,0.00,,,0,0,Matches
364,Ferland Mendy,fr FRA,DF,Real Madrid,27,1995,15.0,0,1,0,0.0,0.07,0.00,0.00,,0,0,Matches
365,Jorge Meré,es ESP,DF,Cádiz,25,1997,6.7,0,4,1,25.0,0.60,0.15,0.00,0.00,0,0,Matches
366,Mikel Merino,es ESP,MF,Real Sociedad,26,1996,27.7,2,42,17,40.5,1.52,0.61,0.05,0.12,0,1,Matches
367,Roque Mesa,es ESP,MF,Valladolid,33,1989,18.0,2,26,10,38.5,1.45,0.56,0.08,0.20,0,0,Matches
368,Éder Militão,br BRA,DF,Real Madrid,24,1998,30.0,5,22,9,40.9,0.73,0.30,0.23,0.56,0,0,Matches
369,Luis Milla,es ESP,MF,Getafe,27,1994,20.6,0,8,1,12.5,0.39,0.05,0.00,0.00,0,0,Matches
370,Pere Milla,es ESP,"FW,MF",Elche,29,1992,20.5,6,36,11,30.6,1.76,0.54,0.08,0.27,3,3,Matches
371,Marko Milovanović,rs SRB,FW,Almería,18,2003,0.2,0,1,0,0.0,6.00,0.00,0.00,,0,0,Matches
372,Óscar Mingueza,es ESP,DF,Celta Vigo,23,1999,14.3,0,5,0,0.0,0.35,0.00,0.00,,0,0,Matches
373,Rafa Mir,es ESP,FW,Sevilla,25,1997,14.4,6,48,14,29.2,3.33,0.97,0.13,0.43,0,0,Matches
374,Juan Miranda,es ESP,DF,Real Betis,22,2000,16.4,3,21,8,38.1,1.28,0.49,0.14,0.38,0,0,Matches
375,Stefan Mitrović,rs SRB,DF,Getafe,32,1990,18.7,0,1,0,0.0,0.05,0.00,0.00,,0,0,Matches
Rk,Player,Nation,Pos,Squad,Age,Born,90s,Gls,Sh,SoT,SoT%,Sh/90,SoT/90,G/Sh,G/SoT,PK,PKatt,Matches
376,Luka Modrić,hr CRO,MF,Real Madrid,36,1985,19.4,4,30,6,20.0,1.55,0.31,0.10,0.50,1,1,Matches
377,Johan Mojica,co COL,DF,Villarreal,29,1992,7.1,0,2,1,50.0,0.28,0.14,0.00,0.00,0,0,Matches
378,Johan Mojica,co COL,"DF,MF",Elche,29,1992,3.0,0,3,0,0.0,1.00,0.00,0.00,,0,0,Matches
379,Nahuel Molina,ar ARG,DF,Atlético Madrid,24,1998,31.9,4,21,6,28.6,0.66,0.19,0.19,0.67,0,0,Matches
380,Jon Moncayola,es ESP,"MF,DF",Osasuna,24,1998,27.2,1,36,9,25.0,1.32,0.33,0.03,0.11,0,0,Matches
381,Monchu,es ESP,MF,Valladolid,22,1999,22.6,3,39,11,28.2,1.73,0.49,0.08,0.27,0,0,Matches
382,César Montes,mx MEX,DF,Espanyol,25,1997,17.7,3,13,6,46.2,0.74,0.34,0.23,0.50,0,0,Matches
383,Gonzalo Montiel,ar ARG,DF,Sevilla,25,1997,16.9,0,8,1,12.5,0.47,0.06,0.00,0.00,0,0,Matches
384,Martín Montoya,es ESP,DF,Real Betis,31,1991,5.0,0,1,0,0.0,0.20,0.00,0.00,,0,0,Matches
385,Álvaro Morata,es ESP,FW,Atlético Madrid,29,1992,21.1,13,71,33,46.5,3.36,1.56,0.18,0.39,0,0,Matches
386,Jon Morcillo,es ESP,MF,Athletic Club,23,1998,0.8,0,1,0,0.0,1.18,0.00,0.00,,0,0,Matches
387,Alberto Moreno,es ESP,DF,Villarreal,30,1992,14.4,0,15,3,20.0,1.04,0.21,0.00,0.00,0,0,Matches
388,Álex Moreno,es ESP,DF,Real Betis,29,1993,15.0,0,12,3,25.0,0.80,0.20,0.00,0.00,0,0,Matches
389,Diego Moreno,es ESP,DF,Osasuna,21,2001,7.1,0,5,1,20.0,0.71,0.14,0.00,0.00,0,0,Matches
390,Gerard Moreno,es ESP,FW,Villarreal,30,1992,13.7,7,43,22,51.2,3.15,1.61,0.14,0.27,1,2,Matches
391,Tete Morente,es ESP,"MF,FW",Elche,25,1996,23.0,4,46,14,30.4,2.00,0.61,0.09,0.29,0,0,Matches
392,Ilaix Moriba,gn GUI,MF,Valencia,19,2003,11.2,0,21,5,23.8,1.87,0.45,0.00,0.00,0,0,Matches
393,Manu Morlanes,es ESP,MF,Villarreal,23,1999,1.8,0,0,0,,0.00,0.00,,,0,0,Matches
394,Manu Morlanes,es ESP,MF,Mallorca,23,1999,7.8,1,7,2,28.6,0.89,0.25,0.14,0.50,0,0,Matches
395,Loren Morón,es ESP,FW,Real Betis,28,1993,0.2,0,0,0,,0.00,0.00,,,0,0,Matches
396,Cristhian Mosquera,es ESP,DF,Valencia,18,2004,1.6,0,2,0,0.0,1.24,0.00,0.00,,0,0,Matches
397,Abdul Mumin,gh GHA,DF,Rayo Vallecano,24,1998,10.2,0,6,1,16.7,0.59,0.10,0.00,0.00,0,0,Matches
398,Iker Muniain,es ESP,MF,Athletic Club,29,1992,18.8,0,28,7,25.0,1.49,0.37,0.00,0.00,0,0,Matches
399,Aihen Muñoz,es ESP,DF,Real Sociedad,24,1997,19.5,0,6,2,33.3,0.31,0.10,0.00,0.00,0,0,Matches
400,Iker Muñoz,es ESP,MF,Osasuna,19,2002,2.8,0,2,1,50.0,0.71,0.35,0.00,0.00,0,0,Matches
Rk,Player,Nation,Pos,Squad,Age,Born,90s,Gls,Sh,SoT,SoT%,Sh/90,SoT/90,G/Sh,G/SoT,PK,PKatt,Matches
401,Pablo Muñoz,es ESP,MF,Rayo Vallecano,18,2003,0.1,0,0,0,,0.00,0.00,,,0,0,Matches
402,Vedat Muriqi,xk KVX,FW,Mallorca,28,1994,32.6,15,75,30,40.0,2.30,0.92,0.15,0.37,4,5,Matches
403,Yunus Musah,us USA,MF,Valencia,19,2002,23.4,0,22,3,13.6,0.94,0.13,0.00,0.00,0,0,Matches
404,Francisco Mwepu,zm ZAM,FW,Cádiz,22,2000,0.2,0,0,0,,0.00,0.00,,,0,0,Matches
405,Nacho,es ESP,DF,Real Madrid,32,1990,18.2,1,9,4,44.4,0.49,0.22,0.11,0.25,0,0,Matches
406,Juanjo Narváez,co COL,MF,Valladolid,27,1995,1.6,0,3,0,0.0,1.82,0.00,0.00,,0,0,Matches
407,Matija Nastasić,rs SRB,DF,Mallorca,29,1993,10.1,1,4,2,50.0,0.40,0.20,0.25,0.50,0,0,Matches
408,Roberto Navarro,es ESP,MF,Real Sociedad,20,2002,3.9,0,12,5,41.7,3.08,1.28,0.00,0.00,0,0,Matches
409,Jesús Navas,es ESP,"DF,MF",Sevilla,36,1985,22.0,0,9,3,33.3,0.41,0.14,0.00,0.00,0,0,Matches
410,Álvaro Negredo,es ESP,FW,Cádiz,36,1985,8.4,1,22,7,31.8,2.62,0.83,0.05,0.14,0,0,Matches
411,Tanguy Nianzou,fr FRA,DF,Sevilla,20,2002,15.2,1,6,1,16.7,0.40,0.07,0.17,1.00,0,0,Matches
412,Saúl Ñíguez,es ESP,"MF,DF",Atlético Madrid,27,1994,12.2,3,21,9,42.9,1.72,0.74,0.14,0.33,0,0,Matches
413,Fernando Niño,es ESP,FW,Villarreal,21,2000,0.2,0,1,0,0.0,4.09,0.00,0.00,,0,0,Matches
414,Randy Nteka,ao ANG,"FW,MF",Elche,24,1997,8.1,0,14,4,28.6,1.74,0.50,0.00,0.00,0,0,Matches
415,Randy Nteka,ao ANG,"FW,MF",Rayo Vallecano,24,1997,1.3,0,4,0,0.0,3.10,0.00,0.00,,0,0,Matches
416,Unai Núñez,es ESP,DF,Celta Vigo,25,1997,35.0,0,15,5,33.3,0.43,0.14,0.00,0.00,0,0,Matches
417,Jan Oblak,si SVN,GK,Atlético Madrid,29,1993,27.7,0,0,0,,0.00,0.00,,,0,0,Matches
418,Brian Ocampo,uy URU,MF,Cádiz,23,1999,12.4,1,13,2,15.4,1.05,0.16,0.08,0.50,0,0,Matches
419,Lucas Ocampos,ar ARG,"MF,FW",Sevilla,28,1994,12.9,4,30,9,30.0,2.32,0.70,0.03,0.11,3,3,Matches
420,Álvaro Odriozola,es ESP,DF,Real Madrid,26,1995,0.4,0,1,0,0.0,2.31,0.00,0.00,,0,0,Matches
421,Olasagasti,es ESP,MF,Real Sociedad,21,2000,0.7,0,2,1,50.0,2.77,1.38,0.00,0.00,0,0,Matches
422,Lucas Olaza,uy URU,DF,Valladolid,28,1994,16.6,0,5,2,40.0,0.30,0.12,0.00,0.00,0,0,Matches
423,Brian Oliván,es ESP,DF,Espanyol,28,1994,26.7,1,15,4,26.7,0.56,0.15,0.07,0.25,0,0,Matches
424,Lucas Oliveira Rosa,br BRA,"DF,MF",Valladolid,22,2000,10.3,0,6,1,16.7,0.58,0.10,0.00,0.00,0,0,Matches
425,Aimar Oroz,es ESP,"MF,FW",Osasuna,20,2001,22.4,3,23,8,34.8,1.03,0.36,0.09,0.25,1,1,Matches
Rk,Player,Nation,Pos,Squad,Age,Born,90s,Gls,Sh,SoT,SoT%,Sh/90,SoT/90,G/Sh,G/SoT,PK,PKatt,Matches
426,Pedro Ortiz,es ESP,MF,Sevilla,21,2000,0.0,0,0,0,,0.00,0.00,,,0,0,Matches
427,Mikel Oyarzabal,es ESP,"FW,MF",Real Sociedad,25,1997,13.5,4,19,11,57.9,1.41,0.82,0.11,0.18,2,3,Matches
428,Cenk Özkacar,tr TUR,DF,Valencia,21,2000,15.2,0,10,2,20.0,0.66,0.13,0.00,0.00,0,0,Matches
429,Fernando Pacheco,es ESP,GK,Almería,30,1992,1.0,0,0,0,,0.00,0.00,,,0,0,Matches
430,Fernando Pacheco,es ESP,GK,Espanyol,30,1992,16.0,0,0,0,,0.00,0.00,,,0,0,Matches
431,Jon Pacheco,es ESP,DF,Real Sociedad,21,2001,13.3,0,3,0,0.0,0.23,0.00,0.00,,0,0,Matches
432,Gonçalo Paciência,pt POR,FW,Celta Vigo,27,1994,7.4,2,30,10,33.3,4.08,1.36,0.07,0.20,0,0,Matches
433,Helibelton Palacios,co COL,"DF,MF",Elche,29,1993,21.3,0,4,3,75.0,0.19,0.14,0.00,0.00,0,0,Matches
434,Isaac Palazón Camacho,es ESP,MF,Rayo Vallecano,27,1994,32.9,9,94,24,25.5,2.85,0.73,0.09,0.33,1,3,Matches
435,Aitor Paredes,es ESP,DF,Athletic Club,22,2000,9.5,0,8,3,37.5,0.84,0.31,0.00,0.00,0,0,Matches
436,Daniel Parejo,es ESP,MF,Villarreal,33,1989,36.5,3,30,11,36.7,0.82,0.30,0.03,0.09,2,4,Matches
437,Moises Parra Gutierrez,es ESP,MF,Getafe,20,2002,0.1,0,0,0,,0.00,0.00,,,0,0,Matches
438,Raúl Parra,es ESP,DF,Cádiz,22,1999,3.4,0,0,0,,0.00,0.00,,,0,0,Matches
439,Pascu,es ESP,FW,Villarreal,19,2003,0.1,1,1,1,100.0,9.00,9.00,1.00,1.00,0,0,Matches
440,Javier Pastore,ar ARG,MF,Elche,33,1989,0.1,0,0,0,,0.00,0.00,,,0,0,Matches
441,Gabriel Paulista,br BRA,DF,Valencia,31,1990,16.7,1,14,2,14.3,0.84,0.12,0.07,0.50,0,0,Matches
442,Alfonso Pedraza,es ESP,DF,Villarreal,26,1996,18.1,0,25,10,40.0,1.38,0.55,0.00,0.00,0,0,Matches
443,Pedri,es ESP,MF,Barcelona,19,2002,22.0,6,22,9,40.9,1.00,0.41,0.27,0.67,0,0,Matches
444,Adrià Pedrosa,es ESP,DF,Espanyol,24,1998,2.5,0,1,0,0.0,0.39,0.00,0.00,,0,0,Matches
445,Iñaki Peña,es ESP,GK,Barcelona,23,1999,0.8,0,0,0,,0.00,0.00,,,0,0,Matches
446,Rubén Peña,es ESP,"DF,MF",Osasuna,31,1991,14.2,0,12,2,16.7,0.85,0.14,0.00,0.00,0,0,Matches
447,Alberto Perea,es ESP,MF,Cádiz,31,1990,0.5,0,0,0,,0.00,0.00,,,0,0,Matches
448,Ayoze Pérez,es ESP,"MF,FW",Real Betis,29,1993,15.4,3,34,14,41.2,2.21,0.91,0.09,0.21,0,0,Matches
449,Carles Pérez,es ESP,"MF,FW",Celta Vigo,24,1998,23.8,3,53,20,37.7,2.22,0.84,0.06,0.15,0,0,Matches
450,Francisco Perez,es ESP,MF,Valencia,19,2002,1.6,0,1,0,0.0,0.64,0.00,0.00,,0,0,Matches
Rk,Player,Nation,Pos,Squad,Age,Born,90s,Gls,Sh,SoT,SoT%,Sh/90,SoT/90,G/Sh,G/SoT,PK,PKatt,Matches
451,Kike Pérez,es ESP,MF,Valladolid,25,1997,25.6,1,46,10,21.7,1.79,0.39,0.02,0.10,0,0,Matches
452,Lucas Pérez,es ESP,FW,Cádiz,33,1988,7.0,3,17,6,35.3,2.44,0.86,0.18,0.50,0,0,Matches
453,Luis Pérez,es ESP,"DF,MF",Valladolid,27,1995,13.5,0,4,0,0.0,0.30,0.00,0.00,,0,0,Matches
454,Germán Pezzella,ar ARG,DF,Real Betis,31,1991,27.9,0,9,0,0.0,0.32,0.00,0.00,,0,0,Matches
455,Ronaël Pierre-Gabriel,fr FRA,DF,Espanyol,24,1998,2.6,1,2,1,50.0,0.76,0.38,0.50,1.00,0,0,Matches
456,Yéremy Pino,es ESP,"MF,FW",Villarreal,19,2002,27.2,4,50,19,38.0,1.84,0.70,0.08,0.21,0,0,Matches
457,Gerard Piqué,es ESP,DF,Barcelona,35,1987,4.3,0,3,0,0.0,0.70,0.00,0.00,,0,0,Matches
458,Óscar Plano,es ESP,"MF,FW",Valladolid,31,1991,22.6,1,30,11,36.7,1.32,0.49,0.03,0.09,0,0,Matches
459,Gonzalo Plata,ec ECU,"FW,MF",Valladolid,21,2000,25.6,1,37,13,35.1,1.45,0.51,0.03,0.08,0,0,Matches
460,Ezequiel Ponce,ar ARG,"FW,MF",Elche,25,1997,12.5,4,29,9,31.0,2.31,0.72,0.14,0.44,0,0,Matches
461,Francisco Portillo,es ESP,MF,Almería,32,1990,8.0,2,5,2,40.0,0.62,0.25,0.40,1.00,0,0,Matches
462,Portu,es ESP,"MF,DF",Getafe,30,1992,19.7,0,15,5,33.3,0.76,0.25,0.00,0.00,0,0,Matches
463,José Pozo,es ESP,MF,Rayo Vallecano,26,1996,1.0,0,1,0,0.0,1.02,0.00,0.00,,0,0,Matches
464,Manuel Pozo,es ESP,FW,Valladolid,20,2001,0.2,0,1,0,0.0,4.74,0.00,0.00,,0,0,Matches
465,Alejandro Pozo Pozo,es ESP,"DF,MF",Almería,23,1999,20.9,0,10,2,20.0,0.48,0.10,0.00,0.00,0,0,Matches
466,Abdón Prats,es ESP,FW,Mallorca,29,1992,4.6,1,6,4,66.7,1.30,0.87,0.17,0.25,0,0,Matches
467,Javi Puado,es ESP,"MF,FW",Espanyol,24,1998,26.0,7,57,23,40.4,2.19,0.88,0.12,0.30,0,0,Matches
468,Arnau Puigmal,es ESP,MF,Almería,21,2001,8.5,1,17,6,35.3,2.01,0.71,0.06,0.17,0,0,Matches
469,Domingos Quina,pt POR,MF,Elche,22,1999,3.1,0,5,0,0.0,1.64,0.00,0.00,,0,0,Matches
470,Rubén Quintanilla,es ESP,MF,Mallorca,20,2002,0.0,0,0,0,,0.00,0.00,,,0,0,Matches
471,Antonio Raillo,es ESP,DF,Mallorca,30,1991,30.7,2,13,5,38.5,0.42,0.16,0.15,0.40,0,0,Matches
472,Predrag Rajković,rs SRB,GK,Mallorca,26,1995,36.0,0,0,0,,0.00,0.00,,,0,0,Matches
473,Ivan Rakitić,hr CRO,MF,Sevilla,34,1988,19.9,1,30,9,30.0,1.51,0.45,0.00,0.00,1,2,Matches
474,Largie Ramazani,be BEL,"FW,MF",Almería,21,2001,15.6,3,41,18,43.9,2.63,1.15,0.07,0.17,0,1,Matches
475,Chris Ramos,es ESP,FW,Cádiz,25,1997,7.9,1,31,6,19.4,3.93,0.76,0.03,0.17,0,0,Matches
Rk,Player,Nation,Pos,Squad,Age,Born,90s,Gls,Sh,SoT,SoT%,Sh/90,SoT/90,G/Sh,G/SoT,PK,PKatt,Matches
476,Raphinha,br BRA,FW,Barcelona,25,1996,23.0,7,79,25,31.6,3.43,1.09,0.09,0.28,0,0,Matches
477,Sergio Reguilón,es ESP,DF,Atlético Madrid,25,1996,3.4,0,3,1,33.3,0.87,0.29,0.00,0.00,0,0,Matches
478,Pepe Reina,es ESP,GK,Villarreal,39,1982,22.0,0,0,0,,0.00,0.00,,,0,0,Matches
479,Reinier,br BRA,"MF,FW",Girona,20,2002,7.2,2,10,4,40.0,1.39,0.56,0.20,0.50,0,0,Matches
480,Karim Rekik,nl NED,DF,Sevilla,27,1994,13.1,1,7,1,14.3,0.53,0.08,0.14,1.00,0,0,Matches
481,Álex Remiro,es ESP,GK,Real Sociedad,27,1995,38.0,0,0,0,,0.00,0.00,,,0,0,Matches
482,Alejandro Revuelta Montero,es ESP,DF,Getafe,22,2000,0.0,0,0,0,,0.00,0.00,,,0,0,Matches
483,Chadi Riad,ma MAR,DF,Barcelona,19,2003,0.0,0,0,0,,0.00,0.00,,,0,0,Matches
484,Nico Ribaudo,es ESP,"MF,FW",Espanyol,21,2001,13.9,1,32,11,34.4,2.31,0.79,0.03,0.09,0,0,Matches
485,Diego Rico,es ESP,DF,Real Sociedad,29,1993,18.3,0,9,3,33.3,0.49,0.16,0.00,0.00,0,0,Matches
486,Rodrigo Riquelme,es ESP,"MF,FW",Girona,22,2000,24.2,4,55,22,40.0,2.27,0.91,0.07,0.18,0,0,Matches
487,Sergi Roberto,es ESP,"DF,MF",Barcelona,30,1992,14.5,4,18,6,33.3,1.24,0.41,0.22,0.67,0,0,Matches
488,Lucas Robertone,ar ARG,MF,Almería,25,1997,31.6,2,36,6,16.7,1.14,0.19,0.06,0.33,0,0,Matches
489,Joel Roca,es ESP,FW,Girona,17,2005,0.9,0,3,2,66.7,3.21,2.14,0.00,0.00,0,0,Matches
490,Enzo Roco,cl CHI,DF,Elche,29,1992,18.4,0,10,3,30.0,0.54,0.16,0.00,0.00,0,0,Matches
491,Rodri,es ESP,MF,Real Betis,22,2000,17.8,2,15,6,40.0,0.84,0.34,0.13,0.33,0,0,Matches
492,Álvaro Rodríguez,uy URU,FW,Real Madrid,18,2004,0.9,1,2,1,50.0,2.28,1.14,0.50,1.00,0,0,Matches
493,Ángel Rodríguez,es ESP,FW,Mallorca,35,1987,4.4,1,13,7,53.8,2.97,1.60,0.08,0.14,0,0,Matches
494,Óscar Rodríguez Arnaiz,es ESP,MF,Celta Vigo,24,1998,19.7,2,43,17,39.5,2.18,0.86,0.05,0.12,0,0,Matches
495,Dani Rodríguez,es ESP,MF,Mallorca,34,1988,23.3,3,25,10,40.0,1.07,0.43,0.12,0.30,0,0,Matches
496,Guido Rodríguez,ar ARG,MF,Real Betis,28,1994,31.9,1,21,5,23.8,0.66,0.16,0.05,0.20,0,0,Matches
497,Miguel Rodríguez,es ESP,"FW,MF",Celta Vigo,19,2003,2.8,1,3,2,66.7,1.07,0.71,0.33,0.50,0,0,Matches
498,Rodrygo,br BRA,FW,Real Madrid,21,2001,26.4,9,98,32,32.7,3.71,1.21,0.08,0.25,1,1,Matches
499,Leo Román,es ESP,GK,Mallorca,22,2000,1.0,0,0,0,,0.00,0.00,,,0,0,Matches
500,Iván Romero,es ESP,"FW,MF",Sevilla,21,2001,0.1,0,0,0,,0.00,0.00,,,0,0,Matches
Rk,Player,Nation,Pos,Squad,Age,Born,90s,Gls,Sh,SoT,SoT%,Sh/90,SoT/90,G/Sh,G/SoT,PK,PKatt,Matches
501,Oriol Romeu,es ESP,MF,Girona,30,1991,32.8,2,24,5,20.8,0.73,0.15,0.08,0.40,0,0,Matches
502,Rubén,es ESP,"MF,DF",Espanyol,21,2001,9.9,0,9,0,0.0,0.91,0.00,0.00,,0,0,Matches
503,Antonio Rüdiger,de GER,DF,Real Madrid,29,1993,26.8,1,22,4,18.2,0.82,0.15,0.05,0.25,0,0,Matches
504,Aitor Ruibal,es ESP,"DF,MF",Real Betis,26,1996,16.2,0,13,6,46.2,0.80,0.37,0.00,0.00,0,0,Matches
505,Víctor Ruiz,es ESP,DF,Real Betis,33,1989,6.2,0,1,0,0.0,0.16,0.00,0.00,,0,0,Matches
506,Gerónimo Rulli,ar ARG,GK,Villarreal,30,1992,14.0,0,0,0,,0.00,0.00,,,0,0,Matches
507,Franco Russo,ar ARG,DF,Mallorca,27,1994,1.6,0,0,0,,0.00,0.00,,,0,0,Matches
508,Youssouf Sabaly,sn SEN,DF,Real Betis,29,1993,18.7,1,11,2,18.2,0.59,0.11,0.09,0.50,0,0,Matches
509,Umar Sadiq,ng NGA,FW,Real Sociedad,25,1997,0.9,1,1,1,100.0,1.10,1.10,1.00,1.00,0,0,Matches
510,Umar Sadiq,ng NGA,FW,Almería,25,1997,2.7,2,7,3,42.9,2.62,1.13,0.29,0.67,0,0,Matches
511,Samuel Sáiz,es ESP,MF,Girona,31,1991,2.7,2,4,3,75.0,1.50,1.13,0.00,0.00,2,2,Matches
512,Kike Salas,es ESP,DF,Sevilla,20,2002,4.1,1,3,1,33.3,0.73,0.24,0.33,1.00,0,0,Matches
513,Salvi,es ESP,MF,Rayo Vallecano,31,1991,5.4,0,9,3,33.3,1.65,0.55,0.00,0.00,0,0,Matches
514,Fede San Emeterio,es ESP,MF,Cádiz,25,1997,20.5,0,6,1,16.7,0.29,0.05,0.00,0.00,0,0,Matches
515,Oihan Sancet,es ESP,MF,Athletic Club,22,2000,28.1,10,58,22,37.9,2.06,0.78,0.14,0.36,2,2,Matches
516,Antonio Sánchez,es ESP,"MF,DF",Mallorca,25,1997,12.0,0,12,5,41.7,1.00,0.42,0.00,0.00,0,0,Matches
517,Iván Sánchez,es ESP,"MF,FW",Valladolid,29,1992,12.8,1,17,7,41.2,1.33,0.55,0.06,0.14,0,0,Matches
518,Javi Sánchez,es ESP,DF,Valladolid,25,1997,26.6,1,9,2,22.2,0.34,0.08,0.11,0.50,0,0,Matches
519,Manu Sánchez,es ESP,DF,Osasuna,21,2000,23.6,0,10,3,30.0,0.42,0.13,0.00,0.00,0,0,Matches
520,Esteban Saveljich,me MNE,DF,Rayo Vallecano,31,1991,0.0,0,0,0,,0.00,0.00,,,0,0,Matches
521,Stefan Savić,me MNE,DF,Atlético Madrid,31,1991,21.6,0,2,1,50.0,0.09,0.05,0.00,0.00,0,0,Matches
522,Haris Seferović,ch SUI,FW,Celta Vigo,30,1992,9.9,3,13,7,53.8,1.32,0.71,0.23,0.43,0,0,Matches
523,Jaime Seoane,es ESP,MF,Getafe,25,1997,3.6,0,2,0,0.0,0.55,0.00,0.00,,0,0,Matches
524,David Silva,es ESP,"MF,FW",Real Sociedad,36,1986,21.5,2,30,13,43.3,1.39,0.60,0.07,0.15,0,0,Matches
525,Rui Silva,pt POR,GK,Real Betis,28,1994,26.0,0,0,0,,0.00,0.00,,,0,0,Matches
Rk,Player,Nation,Pos,Squad,Age,Born,90s,Gls,Sh,SoT,SoT%,Sh/90,SoT/90,G/Sh,G/SoT,PK,PKatt,Matches
526,Simo,es ESP,DF,Espanyol,17,2005,1.6,0,0,0,,0.00,0.00,,,0,0,Matches
527,Unai Simón,es ESP,GK,Athletic Club,25,1997,30.5,0,0,0,,0.00,0.00,,,0,0,Matches
528,Rubén Sobrino,es ESP,"MF,FW",Cádiz,30,1992,27.4,3,33,12,36.4,1.20,0.44,0.09,0.25,0,0,Matches
529,Alex Sola,es ESP,DF,Real Sociedad,23,1999,3.9,0,4,1,25.0,1.03,0.26,0.00,0.00,0,0,Matches
530,Augusto Solari,ar ARG,MF,Celta Vigo,30,1992,2.9,0,2,0,0.0,0.69,0.00,0.00,,0,0,Matches
531,Carlos Soler,es ESP,MF,Valencia,25,1997,2.7,1,5,2,40.0,1.86,0.74,0.00,0.00,1,1,Matches
532,David Soria,es ESP,GK,Getafe,29,1993,38.0,0,0,0,,0.00,0.00,,,0,0,Matches
533,Hugo Sotelo,es ESP,MF,Celta Vigo,18,2003,0.2,0,1,0,0.0,5.29,0.00,0.00,,0,0,Matches
534,Dyego Sousa,pt POR,FW,Almería,32,1989,5.9,0,13,5,38.5,2.22,0.85,0.00,0.00,0,0,Matches
535,Vinicius Souza,br BRA,MF,Espanyol,23,1999,27.0,1,10,4,40.0,0.37,0.15,0.10,0.25,0,0,Matches
536,Jørgen Strand Larsen,no NOR,FW,Celta Vigo,22,2000,18.9,4,41,15,36.6,2.16,0.79,0.10,0.27,0,0,Matches
537,Cristhian Stuani,uy URU,FW,Girona,35,1986,12.1,9,35,21,60.0,2.89,1.73,0.11,0.19,5,6,Matches
538,Damián Suárez,uy URU,"DF,MF",Getafe,34,1988,21.6,1,6,1,16.7,0.28,0.05,0.17,1.00,0,0,Matches
539,Denis Suárez,es ESP,MF,Espanyol,28,1994,10.5,0,4,3,75.0,0.38,0.29,0.00,0.00,0,0,Matches
540,Luis Suárez,co COL,FW,Almería,24,1997,16.6,4,40,13,32.5,2.42,0.79,0.10,0.31,0,0,Matches
541,Mario Suárez,es ESP,MF,Rayo Vallecano,35,1987,0.1,0,0,0,,0.00,0.00,,,0,0,Matches
542,Suso,es ESP,"MF,FW",Sevilla,28,1993,11.8,2,25,10,40.0,2.11,0.85,0.08,0.20,0,0,Matches
543,Williot Swedberg,se SWE,"FW,MF",Celta Vigo,18,2004,0.6,0,0,0,,0.00,0.00,,,0,0,Matches
544,Alexander Sørloth,no NOR,FW,Real Sociedad,26,1995,26.5,12,63,28,44.4,2.38,1.06,0.19,0.43,0,0,Matches
545,Renato Tapia,pe PER,"MF,DF",Celta Vigo,27,1995,16.1,0,15,3,20.0,0.93,0.19,0.00,0.00,0,0,Matches
546,Aurélien Tchouaméni,fr FRA,MF,Real Madrid,22,2000,23.5,0,38,6,15.8,1.61,0.25,0.00,0.00,0,0,Matches
547,Alex Telles,br BRA,"DF,MF",Sevilla,29,1992,15.9,0,12,1,8.3,0.76,0.06,0.00,0.00,0,0,Matches
548,Marc-André ter Stegen,de GER,GK,Barcelona,30,1992,37.2,0,0,0,,0.00,0.00,,,0,0,Matches
549,Ramón Terrats,es ESP,MF,Girona,21,2000,2.4,0,4,0,0.0,1.70,0.00,0.00,,0,0,Matches
550,Ramón Terrats,es ESP,MF,Villarreal,21,2000,9.1,1,15,6,40.0,1.65,0.66,0.07,0.17,0,0,Matches
Rk,Player,Nation,Pos,Squad,Age,Born,90s,Gls,Sh,SoT,SoT%,Sh/90,SoT/90,G/Sh,G/SoT,PK,PKatt,Matches
551,Raúl de Tomás,es ESP,FW,Rayo Vallecano,27,1994,8.9,4,43,16,37.2,4.81,1.79,0.07,0.19,1,2,Matches
552,Pablo Torre,es ESP,FW,Barcelona,19,2003,1.6,0,1,0,0.0,0.62,0.00,0.00,,0,0,Matches
553,David Torres,es ESP,DF,Valladolid,19,2003,4.3,0,1,0,0.0,0.23,0.00,0.00,,0,0,Matches
554,Ferrán Torres,es ESP,FW,Barcelona,22,2000,15.5,4,38,12,31.6,2.46,0.78,0.11,0.33,0,1,Matches
555,Óliver Torres,es ESP,MF,Sevilla,27,1994,23.7,3,21,8,38.1,0.88,0.34,0.14,0.38,0,0,Matches
556,Pau Torres,es ESP,DF,Villarreal,25,1997,33.9,1,12,5,41.7,0.35,0.15,0.08,0.20,0,0,Matches
557,Roberto Torres,es ESP,MF,Osasuna,33,1989,0.1,0,0,0,,0.00,0.00,,,0,0,Matches
558,Lucas Torró,es ESP,MF,Osasuna,28,1994,27.5,1,28,4,14.3,1.02,0.15,0.04,0.25,0,0,Matches
559,Nabil Touaizi,ma MAR,MF,Espanyol,21,2001,0.0,0,0,0,,0.00,0.00,,,0,0,Matches
560,Óscar Trejo,ar ARG,"MF,FW",Rayo Vallecano,34,1988,23.8,3,24,8,33.3,1.01,0.34,0.08,0.25,1,2,Matches
561,Manu Trigueros,es ESP,MF,Villarreal,30,1991,9.2,0,8,2,25.0,0.87,0.22,0.00,0.00,0,0,Matches
562,Viktor Tsyhankov,ua UKR,MF,Girona,24,1997,16.5,3,19,9,47.4,1.15,0.54,0.16,0.33,0,0,Matches
563,Beñat Turrientes,es ESP,MF,Real Sociedad,20,2002,1.2,0,0,0,,0.00,0.00,,,0,0,Matches
564,Enes Ünal,tr TUR,FW,Getafe,25,1997,33.0,14,88,37,42.0,2.67,1.12,0.10,0.24,5,6,Matches
565,Oscar Ureña,do DOM,MF,Girona,19,2003,1.1,0,1,1,100.0,0.90,0.90,0.00,0.00,0,0,Matches
566,Óscar Valentín,es ESP,MF,Rayo Vallecano,27,1994,28.4,0,13,1,7.7,0.46,0.04,0.00,0.00,0,0,Matches
567,Martin Valjent,sk SVK,DF,Mallorca,26,1995,29.5,0,6,2,33.3,0.20,0.07,0.00,0.00,0,0,Matches
568,Jesús Vallejo,es ESP,DF,Real Madrid,25,1997,0.2,0,1,1,100.0,4.09,4.09,0.00,0.00,0,0,Matches
569,Manu Vallejo,es ESP,"MF,FW",Girona,25,1997,2.3,0,1,1,100.0,0.44,0.44,0.00,0.00,0,0,Matches
570,Federico Valverde,uy URU,"MF,FW",Real Madrid,24,1998,27.8,7,63,21,33.3,2.27,0.76,0.11,0.33,0,0,Matches
571,Jesus Vazquez,es ESP,DF,Valencia,19,2003,3.4,0,6,1,16.7,1.74,0.29,0.00,0.00,0,0,Matches
572,Kevin Vázquez,es ESP,"DF,MF",Celta Vigo,29,1993,4.9,0,0,0,,0.00,0.00,,,0,0,Matches
573,Lucas Vázquez,es ESP,DF,Real Madrid,31,1991,12.7,4,14,7,50.0,1.10,0.55,0.29,0.57,0,0,Matches
574,Gabriel Veiga,es ESP,MF,Celta Vigo,20,2002,25.5,11,62,29,46.8,2.43,1.14,0.18,0.38,0,0,Matches
575,Unai Vencedor Paris,es ESP,MF,Athletic Club,21,2000,2.1,0,3,2,66.7,1.40,0.93,0.00,0.00,0,0,Matches
Rk,Player,Nation,Pos,Squad,Age,Born,90s,Gls,Sh,SoT,SoT%,Sh/90,SoT/90,G/Sh,G/SoT,PK,PKatt,Matches
576,Gonzalo Verdú,es ESP,DF,Elche,33,1988,7.8,1,9,2,22.2,1.15,0.26,0.11,0.50,0,0,Matches
577,Mikel Vesga,es ESP,MF,Athletic Club,29,1993,28.6,3,29,6,20.7,1.01,0.21,0.03,0.17,2,3,Matches
578,Aleix Vidal,es ESP,"MF,FW",Espanyol,32,1989,11.4,0,3,2,66.7,0.26,0.18,0.00,0.00,0,0,Matches
579,Nacho Vidal,es ESP,DF,Osasuna,27,1995,13.9,0,9,2,22.2,0.65,0.14,0.00,0.00,0,0,Matches
580,Toni Villa,es ESP,MF,Girona,27,1995,9.9,1,17,3,17.6,1.71,0.30,0.06,0.33,0,0,Matches
581,Toni Villa,es ESP,MF,Valladolid,27,1995,1.0,0,0,0,,0.00,0.00,,,0,0,Matches
582,Asier Villalibre,es ESP,FW,Athletic Club,24,1997,1.1,0,4,1,25.0,3.71,0.93,0.00,0.00,0,0,Matches
583,Gonzalo Villar,es ESP,MF,Getafe,24,1998,5.1,0,3,1,33.3,0.59,0.20,0.00,0.00,0,0,Matches
584,Iván Villar,es ESP,GK,Celta Vigo,25,1997,19.0,0,0,0,,0.00,0.00,,,0,0,Matches
585,Daniel Vivian,es ESP,DF,Athletic Club,23,1999,26.4,1,13,2,15.4,0.49,0.08,0.08,0.50,0,0,Matches
586,Shon Weissman,il ISR,FW,Valladolid,26,1996,8.3,1,18,7,38.9,2.17,0.84,0.06,0.14,0,0,Matches
587,Axel Werner,ar ARG,GK,Elche,26,1996,2.0,0,0,0,,0.00,0.00,,,0,0,Matches
588,Iñaki Williams,gh GHA,"FW,MF",Athletic Club,28,1994,31.5,10,85,35,41.2,2.70,1.11,0.11,0.26,1,2,Matches
589,Nico Williams,es ESP,MF,Athletic Club,20,2002,29.5,6,61,20,32.8,2.07,0.68,0.10,0.30,0,0,Matches
590,Axel Witsel,be BEL,"DF,MF",Atlético Madrid,33,1989,25.1,0,9,0,0.0,0.36,0.00,0.00,,0,0,Matches
591,Lamine Yamal,es ESP,"FW,MF",Barcelona,15,2007,0.1,0,1,1,100.0,11.25,11.25,0.00,0.00,0,0,Matches
592,Jawad El Yamiq,ma MAR,DF,Valladolid,30,1992,17.9,1,17,4,23.5,0.95,0.22,0.06,0.25,0,0,Matches
593,Joseba Zaldúa,es ESP,DF,Cádiz,30,1992,7.1,0,1,0,0.0,0.14,0.00,0.00,,0,0,Matches
594,Oier Zarraga,es ESP,MF,Athletic Club,23,1999,9.5,0,18,5,27.8,1.90,0.53,0.00,0.00,0,0,Matches
595,Igor Zubeldia,es ESP,DF,Real Sociedad,25,1997,28.2,1,6,1,16.7,0.21,0.04,0.17,1.00,0,0,Matches
596,Martín Zubimendi,es ESP,MF,Real Sociedad,23,1999,34.5,1,13,2,15.4,0.38,0.06,0.08,0.50,0,0,Matches
