Unnamed: 0_level_0,Unnamed: 1_level_0,Unnamed: 2_level_0,Unnamed: 3_level_0,Unnamed: 4_level_0,Unnamed: 5_level_0,Unnamed: 6_level_0,Playing Time,Playing Time,Playing Time,Playing Time,Performance,Performance,Performance,Performance,Performance,Performance,Performance,Performance,Per 90 Minutes,Per 90 Minutes,Per 90 Minutes,Per 90 Minutes,Per 90 Minutes,Unnamed: 24_level_0
Rk,Player,Nation,Pos,Squad,Age,Born,MP,Starts,Min,90s,Gls,Ast,G+A,G-PK,PK,PKatt,CrdY,CrdR,Gls,Ast,G+A,G-PK,G+A-PK,Matches
1,Haitam Abaida,ma MAR,MF,Málaga,20,2002,4,1,103,1.1,1,0,1,1,0,0,0,0,0.87,0.00,0.87,0.87,0.87,Matches
2,Sabit Abdulai,gh GHA,"MF,DF",Ponferradina,23,1999,19,8,738,8.2,0,1,1,0,0,0,5,0,0.00,0.12,0.12,0.00,0.12,Matches
3,Amir Abedzadeh,ir IRN,GK,Ponferradina,29,1993,30,30,2700,30.0,0,0,0,0,0,0,5,0,0.00,0.00,0.00,0.00,0.00,Matches
4,Abdel Abqar,ma MAR,DF,Alavés,23,1999,35,34,2851,31.7,1,0,1,1,0,0,10,1,0.03,0.00,0.03,0.03,0.03,Matches
5,Alonso Aceves,mx MEX,DF,Oviedo,21,2001,10,10,786,8.7,0,0,0,0,0,0,1,1,0.00,0.00,0.00,0.00,0.00,Matches
6,Paris Adot,es ESP,DF,Ponferradina,32,1990,36,33,2917,32.4,0,2,2,0,0,0,10,0,0.00,0.06,0.06,0.00,0.06,Matches
7,Lumor Agbenyenu,gh GHA,"MF,DF",Málaga,25,1996,2,2,102,1.1,0,0,0,0,0,0,0,0,0.00,0.00,0.00,0.00,0.00,Matches
8,Marc Aguado,es ESP,MF,FC Andorra,22,2000,36,31,2789,31.0,0,0,0,0,0,0,4,0,0.00,0.00,0.00,0.00,0.00,Matches
9,Lalo Aguilar,es ESP,DF,Leganés,20,2002,2,0,19,0.2,0,0,0,0,0,0,0,0,0.00,0.00,0.00,0.00,0.00,Matches
10,Lucas Ahijado,es ESP,DF,Oviedo,27,1995,40,39,3464,38.5,0,6,6,0,0,0,6,0,0.00,0.16,0.16,0.00,0.16,Matches
11,Matheus Aiás,br BRA,"FW,MF",Racing Sant,25,1996,34,15,1611,17.9,3,0,3,3,0,0,4,0,0.17,0.00,0.17,0.17,0.17,Matches
12,Ager Aketxe,es ESP,MF,Eibar,28,1993,21,6,781,8.7,2,7,9,2,0,0,4,0,0.23,0.81,1.04,0.23,1.04,Matches
13,Tomás Alarcón,cl CHI,MF,Zaragoza,23,1999,12,6,514,5.7,0,0,0,0,0,0,2,1,0.00,0.00,0.00,0.00,0.00,Matches
14,Williams Alarcón,cl CHI,MF,Ibiza,21,2000,12,4,519,5.8,0,2,2,0,0,0,0,0,0.00,0.35,0.35,0.00,0.35,Matches
15,Alberto,es ESP,DF,Lugo,29,1992,36,36,3153,35.0,3,0,3,3,0,0,6,3,0.09,0.00,0.09,0.09,0.09,Matches
16,Pedro Alcalá,es ESP,DF,Cartagena,33,1989,32,26,2331,25.9,2,0,2,2,0,0,5,2,0.08,0.00,0.08,0.08,0.08,Matches
17,Edgar Alcañiz,es ESP,MF,Levante,17,2005,1,0,10,0.1,0,0,0,0,0,0,0,0,0.00,0.00,0.00,0.00,0.00,Matches
18,Aldair,pt POR,"MF,DF",Ponferradina,22,1999,8,4,347,3.9,0,0,0,0,0,0,1,0,0.00,0.00,0.00,0.00,0.00,Matches
19,Aldasoro,es ESP,MF,Racing Sant,23,1999,34,23,2042,22.7,1,0,1,1,0,0,12,2,0.04,0.00,0.04,0.04,0.04,Matches
20,Iker Alday,es ESP,DF,Eibar,19,2003,1,0,3,0.0,0,0,0,0,0,0,0,0,0.00,0.00,0.00,0.00,0.00,Matches
21,Diego Alende,es ESP,DF,FC Andorra,24,1997,22,21,1816,20.2,0,0,0,0,0,0,2,0,0.00,0.00,0.00,0.00,0.00,Matches
22,Alfon,es ESP,FW,Racing Sant,23,1999,8,2,223,2.5,0,0,0,0,0,0,0,0,0.00,0.00,0.00,0.00,0.00,Matches
23,Christos Almpanis,gr GRE,FW,FC Andorra,27,1994,31,20,1642,18.2,4,4,8,4,0,0,1,0,0.22,0.22,0.44,0.22,0.44,Matches
24,Javier Alonso,es ESP,MF,Tenerife,23,1998,18,8,799,8.9,0,0,0,0,0,0,2,0,0.00,0.00,0.00,0.00,0.00,Matches
25,Julio Alonso,es ESP,DF,Albacete,23,1998,36,33,2928,32.5,0,3,3,0,0,0,6,1,0.00,0.09,0.09,0.00,0.09,Matches
Rk,Player,Nation,Pos,Squad,Age,Born,MP,Starts,Min,90s,Gls,Ast,G+A,G-PK,PK,PKatt,CrdY,CrdR,Gls,Ast,G+A,G-PK,G+A-PK,Matches
26,Adrià Altimira,es ESP,"DF,FW",FC Andorra,21,2001,36,27,2472,27.5,1,3,4,1,0,0,4,1,0.04,0.11,0.15,0.04,0.15,Matches
27,Altube,es ESP,GK,Albacete,22,2000,12,12,1080,12.0,0,0,0,0,0,0,0,0,0.00,0.00,0.00,0.00,0.00,Matches
28,Cristian Álvarez,ar ARG,GK,Zaragoza,36,1985,35,35,3149,35.0,0,0,0,0,0,0,3,1,0.00,0.00,0.00,0.00,0.00,Matches
29,Fran Álvarez,es ESP,MF,Albacete,24,1998,26,7,630,7.0,1,1,2,1,0,0,2,0,0.14,0.14,0.29,0.14,0.29,Matches
30,Iker Álvarez,ad AND,GK,Villarreal B,21,2001,23,23,2070,23.0,0,0,0,0,0,0,1,0,0.00,0.00,0.00,0.00,0.00,Matches
31,Sergio Álvarez,es ESP,"MF,DF",Eibar,30,1992,37,35,2896,32.2,0,0,0,0,0,0,8,1,0.00,0.00,0.00,0.00,0.00,Matches
32,Rubén Alves,es ESP,DF,Racing Sant,27,1994,35,33,3003,33.4,0,0,0,0,0,0,5,0,0.00,0.00,0.00,0.00,0.00,Matches
33,Jair Amador,gq EQG,DF,Zaragoza,32,1989,36,35,3114,34.6,3,0,3,3,0,0,6,0,0.09,0.00,0.09,0.09,0.09,Matches
34,Jose Amo,es ESP,DF,Ponferradina,24,1998,34,29,2593,28.8,2,0,2,2,0,0,14,1,0.07,0.00,0.07,0.07,0.07,Matches
35,Guillermo de Amores,uy URU,GK,Sporting Gijón,27,1994,1,0,42,0.5,0,0,0,0,0,0,0,0,0.00,0.00,0.00,0.00,0.00,Matches
36,Florin Andone,ro ROU,FW,Las Palmas,29,1993,19,5,522,5.8,2,0,2,2,0,0,5,0,0.34,0.00,0.34,0.34,0.34,Matches
37,Andy,es ESP,MF,Burgos,32,1990,2,2,135,1.5,0,0,0,0,0,0,0,0,0.00,0.00,0.00,0.00,0.00,Matches
38,José Ángel Carrillo,es ESP,FW,Huesca,28,1994,21,10,926,10.3,2,0,2,2,0,0,1,0,0.19,0.00,0.19,0.19,0.19,Matches
39,José Ángel,es ESP,"DF,MF",Sporting Gijón,32,1989,33,28,2572,28.6,0,6,6,0,0,0,6,0,0.00,0.21,0.21,0.00,0.21,Matches
40,José Ángel,es ESP,MF,Tenerife,30,1992,27,18,1614,17.9,1,1,2,1,0,0,9,0,0.06,0.06,0.11,0.06,0.11,Matches
41,Miguel Ángel Rubio,es ESP,DF,Granada,24,1998,32,30,2633,29.3,1,1,2,1,0,0,10,1,0.03,0.03,0.07,0.03,0.07,Matches
42,Hugo Anglada,es ESP,DF,Huesca,18,2004,3,3,225,2.5,0,0,0,0,0,0,0,0,0.00,0.00,0.00,0.00,0.00,Matches
43,Paul Anton,ro ROU,MF,Ponferradina,31,1991,1,0,4,0.0,0,0,0,0,0,0,0,0,0.00,0.00,0.00,0.00,0.00,Matches
44,Leandro Antonetti,pr PUR,FW,Lugo,19,2003,5,2,216,2.4,0,0,0,0,0,0,0,0,0.00,0.00,0.00,0.00,0.00,Matches
45,José Antonio Ríos,es ESP,DF,Eibar,32,1990,12,6,608,6.8,0,1,1,0,0,0,0,0,0.00,0.15,0.15,0.00,0.15,Matches
46,Juan Antonio Ros,es ESP,DF,Albacete,26,1996,24,4,713,7.9,0,0,0,0,0,0,0,0,0.00,0.00,0.00,0.00,0.00,Matches
47,Arvin Appiah,eng ENG,MF,Málaga,21,2001,10,0,142,1.6,1,0,1,1,0,0,0,0,0.63,0.00,0.63,0.63,0.63,Matches
48,Arvin Appiah,eng ENG,MF,Tenerife,21,2001,11,3,402,4.5,0,1,1,0,0,0,0,0,0.00,0.22,0.22,0.00,0.22,Matches
49,Kévin Appin,mq MTQ,"MF,FW",Ibiza,24,1998,35,22,2007,22.3,0,3,3,0,0,0,5,0,0.00,0.13,0.13,0.00,0.13,Matches
50,Arana,es ESP,FW,Eibar,22,2000,5,0,77,0.9,0,0,0,0,0,0,0,0,0.00,0.00,0.00,0.00,0.00,Matches
Rk,Player,Nation,Pos,Squad,Age,Born,MP,Starts,Min,90s,Gls,Ast,G+A,G-PK,PK,PKatt,CrdY,CrdR,Gls,Ast,G+A,G-PK,G+A-PK,Matches
51,Arana,es ESP,FW,Villarreal B,22,2000,12,3,376,4.2,2,0,2,2,0,0,4,0,0.48,0.00,0.48,0.48,0.48,Matches
52,Anaitz Arbilla,es ESP,DF,Eibar,35,1987,35,33,3017,33.5,0,0,0,0,0,0,9,0,0.00,0.00,0.00,0.00,0.00,Matches
53,Jesús Areso,es ESP,"DF,MF",Burgos,23,1999,37,29,2578,28.6,0,5,5,0,0,0,4,0,0.00,0.17,0.17,0.00,0.17,Matches
54,Matias Arezo,uy URU,"MF,FW",Granada,19,2002,9,2,205,2.3,1,0,1,1,0,0,1,0,0.44,0.00,0.44,0.44,0.44,Matches
55,David Argüelles,es ESP,DF,Sporting Gijón,20,2002,1,0,11,0.1,0,0,0,0,0,0,0,0,0.00,0.00,0.00,0.00,0.00,Matches
56,Raúl Arias,,FW,Ponferradina,,,2,0,11,0.1,0,0,0,0,0,0,0,0,0.00,0.00,0.00,0.00,0.00,Matches
57,José Arnaiz,es ESP,"FW,MF",Leganés,27,1995,38,37,3181,35.3,9,2,11,8,1,2,6,0,0.25,0.06,0.31,0.23,0.28,Matches
58,Óscar Arribas,ph PHI,"MF,FW",Cartagena,23,1998,10,2,257,2.9,1,0,1,1,0,0,0,0,0.35,0.00,0.35,0.35,0.35,Matches
59,Anderson Arroyo,co COL,DF,Alavés,22,1999,17,9,915,10.2,0,0,0,0,0,0,1,0,0.00,0.00,0.00,0.00,0.00,Matches
60,Juan Artola,es ESP,FW,Burgos,22,2000,32,11,1022,11.4,3,0,3,3,0,0,4,1,0.26,0.00,0.26,0.26,0.26,Matches
61,Juan Aspra,es ESP,MF,Sporting Gijón,20,2002,1,0,8,0.1,0,0,0,0,0,0,0,0,0.00,0.00,0.00,0.00,0.00,Matches
62,Miguel Atienza,es ESP,MF,Burgos,23,1999,40,36,3121,34.7,1,1,2,1,0,0,11,0,0.03,0.03,0.06,0.03,0.06,Matches
63,Emmanuel Attipoe,gh GHA,MF,Albacete,22,2000,1,0,25,0.3,0,0,0,0,0,0,0,0,0.00,0.00,0.00,0.00,0.00,Matches
64,Javier Avilés,es ESP,FW,Lugo,24,1997,16,12,981,10.9,1,0,1,1,0,0,1,0,0.09,0.00,0.09,0.09,0.09,Matches
65,Javier Avilés,es ESP,FW,Leganés,24,1997,3,0,14,0.2,0,0,0,0,0,0,0,1,0.00,0.00,0.00,0.00,0.00,Matches
66,Miguel Azeez,eng ENG,"MF,FW",Ibiza,19,2002,10,7,592,6.6,0,0,0,0,0,0,3,0,0.00,0.00,0.00,0.00,0.00,Matches
67,Diego Aznar,es ESP,FW,Huesca,18,2003,2,0,2,0.0,0,0,0,0,0,0,0,0,0.00,0.00,0.00,0.00,0.00,Matches
68,Ivan Azón,es ESP,FW,Zaragoza,19,2002,19,13,1071,11.9,3,1,4,3,0,0,0,0,0.25,0.08,0.34,0.25,0.34,Matches
69,Baena,es ESP,"FW,MF",Lugo,21,2000,35,17,1488,16.5,1,2,3,1,0,0,1,0,0.06,0.12,0.18,0.06,0.18,Matches
70,Sinan Bakış,tr TUR,FW,FC Andorra,28,1994,33,22,2060,22.9,12,2,14,9,3,3,8,0,0.52,0.09,0.61,0.39,0.48,Matches
71,Alex Balboa,gq EQG,MF,Alavés,21,2001,11,1,172,1.9,0,0,0,0,0,0,1,0,0.00,0.00,0.00,0.00,0.00,Matches
72,Axel Bamba,fr FRA,DF,Sporting Gijón,23,1999,7,3,277,3.1,0,0,0,0,0,0,0,0,0.00,0.00,0.00,0.00,0.00,Matches
73,Barbu,es ESP,DF,Mirandés,21,2001,30,30,2692,29.9,3,0,3,3,0,0,10,0,0.10,0.00,0.10,0.10,0.10,Matches
74,Bernabé Barragán,es ESP,GK,Albacete,29,1993,30,30,2700,30.0,0,0,0,0,0,0,6,0,0.00,0.00,0.00,0.00,0.00,Matches
75,Manu Barreiro,es ESP,FW,Lugo,36,1986,32,17,1591,17.7,2,2,4,1,1,1,3,0,0.11,0.11,0.23,0.06,0.17,Matches
Rk,Player,Nation,Pos,Squad,Age,Born,MP,Starts,Min,90s,Gls,Ast,G+A,G-PK,PK,PKatt,CrdY,CrdR,Gls,Ast,G+A,G-PK,G+A-PK,Matches
76,Dani Barrio,es ESP,GK,Burgos,35,1987,3,1,228,2.5,0,0,0,0,0,0,0,0,0.00,0.00,0.00,0.00,0.00,Matches
77,Djakaría Barro,ci CIV,MF,Cartagena,20,2002,2,0,35,0.4,0,0,0,0,0,0,0,0,0.00,0.00,0.00,0.00,0.00,Matches
78,Borja Bastón,es ESP,FW,Oviedo,29,1992,33,30,2495,27.7,8,0,8,4,4,5,7,0,0.29,0.00,0.29,0.14,0.14,Matches
79,Roko Baturina,hr CRO,FW,Racing Sant,22,2000,14,12,888,9.9,4,2,6,4,0,0,1,0,0.41,0.20,0.61,0.41,0.61,Matches
80,Jon Bautista,es ESP,FW,Eibar,27,1995,38,26,2096,23.3,6,3,9,6,0,0,3,0,0.26,0.13,0.39,0.26,0.39,Matches
81,Bebé,cv CPV,MF,Zaragoza,32,1990,16,14,1277,14.2,4,1,5,4,0,0,3,0,0.28,0.07,0.35,0.28,0.35,Matches
82,Carlos Benavídez,uy URU,MF,Alavés,24,1998,29,17,1469,16.3,1,0,1,1,0,0,10,1,0.06,0.00,0.06,0.06,0.06,Matches
83,Saúl Berjón,es ESP,"FW,MF",Burgos,36,1986,9,0,77,0.9,0,1,1,0,0,0,0,0,0.00,1.17,1.17,0.00,1.17,Matches
84,Álex Bermejo,es ESP,"FW,MF",Burgos,23,1998,37,31,2408,26.8,4,1,5,3,1,2,6,1,0.15,0.04,0.19,0.11,0.15,Matches
85,Sergio Bermejo,es ESP,MF,Zaragoza,24,1997,33,29,2190,24.3,5,4,9,4,1,1,3,0,0.21,0.16,0.37,0.16,0.33,Matches
86,Juan Berrocal,es ESP,DF,Eibar,23,1999,33,32,2725,30.3,1,0,1,1,0,0,11,0,0.03,0.00,0.03,0.03,0.03,Matches
87,Antonio Blanco,es ESP,MF,Alavés,22,2000,17,17,1309,14.5,0,0,0,0,0,0,10,0,0.00,0.00,0.00,0.00,0.00,Matches
88,Gustavo Blanco Leschuk,ar ARG,FW,Eibar,30,1991,29,9,1126,12.5,4,0,4,4,0,0,5,0,0.32,0.00,0.32,0.32,0.32,Matches
89,Jérémy Blasco,fr FRA,DF,Huesca,23,1999,29,27,2457,27.3,1,0,1,1,0,0,4,0,0.04,0.00,0.04,0.04,0.04,Matches
90,Pablo de Blasis,ar ARG,MF,Cartagena,34,1988,41,40,3553,39.5,2,8,10,2,0,0,7,0,0.05,0.20,0.25,0.05,0.25,Matches
91,Pablo Bobadilla,es ESP,DF,Racing Sant,25,1996,1,0,9,0.1,0,0,0,0,0,0,0,0,0.00,0.00,0.00,0.00,0.00,Matches
92,Yann Bodiger,fr FRA,MF,Granada,27,1995,32,26,2197,24.4,0,1,1,0,0,0,10,1,0.00,0.04,0.04,0.00,0.04,Matches
93,Mateusz Bogusz,pl POL,"FW,MF",Ibiza,20,2001,22,11,1146,12.7,2,0,2,2,0,0,0,1,0.16,0.00,0.16,0.16,0.16,Matches
94,Jovanny Bolívar,ve VEN,FW,Albacete,20,2001,7,1,116,1.3,1,1,2,1,0,0,0,0,0.78,0.78,1.55,0.78,1.55,Matches
95,Adri Bosch,es ESP,DF,Granada,21,2001,1,0,86,1.0,0,0,0,0,0,0,0,0,0.00,0.00,0.00,0.00,0.00,Matches
96,Mohamed Bouldini,ma MAR,FW,Levante,26,1995,36,21,2007,22.3,8,2,10,8,0,0,8,0,0.36,0.09,0.45,0.36,0.45,Matches
97,Ruben Bover,es ESP,MF,FC Andorra,30,1992,28,18,1402,15.6,4,3,7,4,0,0,3,0,0.26,0.19,0.45,0.26,0.45,Matches
98,Enzo Boyomo,cm CMR,DF,Albacete,20,2001,37,36,3122,34.7,1,2,3,1,0,0,10,1,0.03,0.06,0.09,0.03,0.09,Matches
99,Quentin Braat,fr FRA,GK,Oviedo,25,1997,26,26,2294,25.5,0,0,0,0,0,0,2,0,0.00,0.00,0.00,0.00,0.00,Matches
100,Abel Bretones,es ESP,"DF,MF",Oviedo,21,2000,39,31,2878,32.0,0,2,2,0,0,0,7,0,0.00,0.06,0.06,0.00,0.06,Matches
Rk,Player,Nation,Pos,Squad,Age,Born,MP,Starts,Min,90s,Gls,Ast,G+A,G-PK,PK,PKatt,CrdY,CrdR,Gls,Ast,G+A,G-PK,G+A-PK,Matches
101,Yan Brice Eteki,cm CMR,MF,Cartagena,24,1997,10,4,347,3.9,0,0,0,0,0,0,4,0,0.00,0.00,0.00,0.00,0.00,Matches
102,Brugui,es ESP,"FW,MF",Levante,25,1996,20,11,995,11.1,2,0,2,2,0,0,1,1,0.18,0.00,0.18,0.18,0.18,Matches
103,Mustapha Bundu,sl SLE,"FW,MF",FC Andorra,25,1997,28,10,995,11.1,3,2,5,3,0,0,0,0,0.27,0.18,0.45,0.27,0.45,Matches
104,Aitor Buñuel,es ESP,DF,Tenerife,24,1998,25,14,1287,14.3,0,0,0,0,0,0,3,0,0.00,0.00,0.00,0.00,0.00,Matches
105,Esteban Burgos,ar ARG,DF,Málaga,30,1992,31,30,2387,26.5,1,0,1,1,0,0,10,2,0.04,0.00,0.04,0.04,0.04,Matches
106,Unai Bustinza,es ESP,DF,Málaga,30,1992,10,8,706,7.8,0,0,0,0,0,0,2,1,0.00,0.00,0.00,0.00,0.00,Matches
107,Erick Cabaco,uy URU,DF,Granada,27,1995,15,10,962,10.7,0,0,0,0,0,0,2,1,0.00,0.00,0.00,0.00,0.00,Matches
108,Yeray Cabanzón,es ESP,MF,Racing Sant,19,2003,11,3,370,4.1,2,1,3,2,0,0,0,0,0.49,0.24,0.73,0.49,0.73,Matches
109,Jordi Calavera,es ESP,"DF,MF",Lugo,26,1995,20,9,900,10.0,0,0,0,0,0,0,3,1,0.00,0.00,0.00,0.00,0.00,Matches
110,Iván Calero,es ESP,"DF,MF",Cartagena,27,1995,39,38,3370,37.4,1,3,4,1,0,0,8,0,0.03,0.08,0.11,0.03,0.11,Matches
111,José Callejón,es ESP,"FW,MF",Granada,35,1987,42,38,3025,33.6,4,9,13,4,0,0,4,0,0.12,0.27,0.39,0.12,0.39,Matches
112,Álex Calvo,es ESP,MF,Málaga,18,2004,11,1,262,2.9,1,0,1,1,0,0,1,0,0.34,0.00,0.34,0.34,0.34,Matches
113,Dani Calvo,es ESP,DF,Oviedo,28,1994,36,35,3178,35.3,2,0,2,2,0,0,6,0,0.06,0.00,0.06,0.06,0.06,Matches
114,Sulei Camara,gm GAM,MF,Ibiza,20,2001,37,24,1851,20.6,2,2,4,2,0,0,8,0,0.10,0.10,0.19,0.10,0.19,Matches
115,Víctor Camarasa,es ESP,MF,Oviedo,28,1994,11,6,626,7.0,0,2,2,0,0,0,1,0,0.00,0.29,0.29,0.00,0.29,Matches
116,José Campaña,es ESP,MF,Levante,29,1993,21,18,1297,14.4,5,0,5,0,5,5,5,0,0.35,0.00,0.35,0.00,0.00,Matches
117,Gaspar Campos,es ESP,"FW,MF",Sporting Gijón,22,2000,1,0,6,0.1,0,0,0,0,0,0,0,0,0.00,0.00,0.00,0.00,0.00,Matches
118,Gaspar Campos,es ESP,"MF,FW",Burgos,22,2000,29,19,1660,18.4,7,0,7,7,0,0,1,0,0.38,0.00,0.38,0.38,0.38,Matches
119,Víctor Campuzano,es ESP,"FW,MF",Sporting Gijón,25,1997,20,9,753,8.4,2,0,2,2,0,0,3,0,0.24,0.00,0.24,0.24,0.24,Matches
120,Marco Camús,es ESP,MF,Racing Sant,20,2001,20,4,656,7.3,0,0,0,0,0,0,1,0,0.00,0.00,0.00,0.00,0.00,Matches
121,Álex Cantero,es ESP,"FW,MF",Levante,22,2000,35,15,1283,14.3,3,2,5,3,0,0,4,0,0.21,0.14,0.35,0.21,0.35,Matches
122,Marc Carbó,es ESP,MF,Lugo,28,1994,29,13,1323,14.7,0,0,0,0,0,0,3,0,0.00,0.00,0.00,0.00,0.00,Matches
123,Dani Cárdenas,es ESP,GK,Levante,25,1997,34,34,3060,34.0,0,1,1,0,0,0,3,0,0.00,0.03,0.03,0.00,0.03,Matches
124,Marc Cardona,es ESP,FW,Las Palmas,27,1995,36,22,2055,22.8,7,0,7,6,1,1,4,0,0.31,0.00,0.31,0.26,0.26,Matches
125,Sergi Cardona,es ESP,DF,Las Palmas,23,1999,39,36,3123,34.7,0,2,2,0,0,0,11,0,0.00,0.06,0.06,0.00,0.06,Matches
Rk,Player,Nation,Pos,Squad,Age,Born,MP,Starts,Min,90s,Gls,Ast,G+A,G-PK,PK,PKatt,CrdY,CrdR,Gls,Ast,G+A,G-PK,G+A-PK,Matches
126,Carlo,es ESP,MF,Villarreal B,21,2001,35,32,2717,30.2,3,2,5,3,0,0,7,0,0.10,0.07,0.17,0.10,0.17,Matches
127,Juan Carlos,es ESP,"FW,MF",Huesca,31,1991,38,30,2674,29.7,8,1,9,6,2,2,7,1,0.27,0.03,0.30,0.20,0.24,Matches
128,Kevin Carlos,es ESP,FW,Huesca,21,2001,11,7,527,5.9,1,1,2,1,0,0,3,0,0.17,0.17,0.34,0.17,0.34,Matches
129,Zé Carlos,pt POR,DF,Ibiza,24,1998,6,5,382,4.2,0,0,0,0,0,0,1,0,0.00,0.00,0.00,0.00,0.00,Matches
130,Andrés Caro,es ESP,DF,Málaga,18,2004,2,1,72,0.8,0,0,0,0,0,0,1,0,0.00,0.00,0.00,0.00,0.00,Matches
131,Salifo Caropitche,gw GNB,FW,Mirandés,21,2001,1,0,3,0.0,0,0,0,0,0,0,1,0,0.00,0.00,0.00,0.00,0.00,Matches
132,Sergio Carreira,es ESP,"DF,MF",Villarreal B,21,2000,31,26,2207,24.5,2,1,3,2,0,0,1,0,0.08,0.04,0.12,0.08,0.12,Matches
133,Jordan Carrillo,mx MEX,MF,Sporting Gijón,20,2001,21,6,730,8.1,1,0,1,1,0,0,1,0,0.12,0.00,0.12,0.12,0.12,Matches
134,Pau Casadesús,es ESP,DF,FC Andorra,18,2003,4,3,191,2.1,1,0,1,1,0,0,1,0,0.47,0.00,0.47,0.47,0.47,Matches
135,Sergio Castel,es ESP,FW,Ibiza,27,1995,16,4,678,7.5,0,1,1,0,0,0,4,0,0.00,0.13,0.13,0.00,0.13,Matches
136,Sergio Castel,es ESP,FW,Burgos,27,1995,10,6,535,5.9,0,1,1,0,0,0,2,0,0.00,0.17,0.17,0.00,0.17,Matches
137,Adri Castellano,es ESP,DF,Ponferradina,28,1994,17,13,1218,13.5,1,0,1,1,0,0,4,0,0.07,0.00,0.07,0.07,0.07,Matches
138,Nacho Castillo,es ESP,MF,Mirandés,22,2000,6,0,67,0.7,0,0,0,0,0,0,0,0,0.00,0.00,0.00,0.00,0.00,Matches
139,Castrin,es ESP,DF,Lugo,19,2003,7,5,362,4.0,0,0,0,0,0,0,1,0,0.00,0.00,0.00,0.00,0.00,Matches
140,Rubén Castro,es ESP,FW,Málaga,41,1981,41,32,2917,32.4,10,4,14,10,0,2,0,0,0.31,0.12,0.43,0.31,0.43,Matches
141,Karim Chaban,dz ALG,MF,Albacete,22,2000,2,0,3,0.0,0,0,0,0,0,0,0,0,0.00,0.00,0.00,0.00,0.00,Matches
142,Sofian Chakla,ma MAR,DF,Ponferradina,28,1993,13,12,1030,11.4,0,0,0,0,0,0,0,0,0.00,0.00,0.00,0.00,0.00,Matches
143,Jorge Chanza,es ESP,GK,Ibiza,24,1998,1,0,9,0.1,0,0,0,0,0,0,0,0,0.00,0.00,0.00,0.00,0.00,Matches
144,Pablo Chavarría,ar ARG,"MF,FW",Málaga,34,1988,24,14,1244,13.8,5,3,8,5,0,0,1,0,0.36,0.22,0.58,0.36,0.58,Matches
145,Pep Chavarría,es ESP,DF,Zaragoza,24,1998,2,2,180,2.0,0,0,0,0,0,0,0,0,0.00,0.00,0.00,0.00,0.00,Matches
146,Chema,es ESP,DF,Eibar,30,1992,5,2,165,1.8,0,0,0,0,0,0,3,0,0.00,0.00,0.00,0.00,0.00,Matches
147,Churripi,es ESP,GK,Burgos,28,1994,41,41,3549,39.4,0,0,0,0,0,0,1,1,0.00,0.00,0.00,0.00,0.00,Matches
148,Seydouba Cissé,gn GUI,MF,Leganés,21,2001,33,27,2338,26.0,4,2,6,4,0,0,9,0,0.15,0.08,0.23,0.15,0.23,Matches
149,Pablo Clavería,es ESP,MF,Lugo,26,1996,33,22,1786,19.8,0,1,1,0,0,0,8,0,0.00,0.05,0.05,0.00,0.05,Matches
150,Daniel Clavijo,es ESP,MF,Villarreal B,18,2003,1,1,78,0.9,0,0,0,0,0,0,0,0,0.00,0.00,0.00,0.00,0.00,Matches
Rk,Player,Nation,Pos,Squad,Age,Born,MP,Starts,Min,90s,Gls,Ast,G+A,G-PK,PK,PKatt,CrdY,CrdR,Gls,Ast,G+A,G-PK,G+A-PK,Matches
151,Enrique Clemente,es ESP,DF,Las Palmas,23,1999,14,7,599,6.7,0,0,0,0,0,0,2,0,0.00,0.00,0.00,0.00,0.00,Matches
152,Óscar Clemente,es ESP,MF,Las Palmas,23,1999,31,19,1550,17.2,2,2,4,2,0,0,3,0,0.12,0.12,0.23,0.12,0.23,Matches
153,Saúl Coco,gq EQG,DF,Las Palmas,23,1999,36,34,2984,33.2,1,0,1,1,0,0,8,0,0.03,0.00,0.03,0.03,0.03,Matches
154,Coke,es ESP,"MF,DF",Ibiza,35,1987,23,20,1654,18.4,2,0,2,2,0,0,4,0,0.11,0.00,0.11,0.11,0.11,Matches
155,Diego Collado,es ESP,"MF,FW",Villarreal B,21,2001,34,29,2297,25.5,5,3,8,5,0,0,3,1,0.20,0.12,0.31,0.20,0.31,Matches
156,Aitor Córdoba,es ESP,DF,Burgos,27,1995,41,41,3624,40.3,0,0,0,0,0,0,8,0,0.00,0.00,0.00,0.00,0.00,Matches
157,José Corpas,es ESP,MF,Eibar,31,1991,41,34,2600,28.9,4,2,6,2,2,2,8,0,0.14,0.07,0.21,0.07,0.14,Matches
158,Rober Correa,es ESP,DF,Eibar,29,1992,13,7,728,8.1,0,0,0,0,0,0,5,1,0.00,0.00,0.00,0.00,0.00,Matches
159,Álex Corredera,es ESP,MF,Tenerife,26,1996,25,19,1751,19.5,0,1,1,0,0,0,4,2,0.00,0.05,0.05,0.00,0.05,Matches
160,David Costas,es ESP,DF,Oviedo,27,1995,22,21,1861,20.7,1,1,2,1,0,0,5,0,0.05,0.05,0.10,0.05,0.10,Matches
161,Iván Cuéllar,es ESP,GK,Sporting Gijón,38,1984,25,25,2208,24.5,0,2,2,0,0,0,3,0,0.00,0.08,0.08,0.00,0.08,Matches
162,Jaume Cuéllar,bo BOL,"FW,MF",Lugo,20,2001,38,21,1992,22.1,2,4,6,2,0,0,6,0,0.09,0.18,0.27,0.09,0.27,Matches
163,Eric Curbelo,es ESP,DF,Las Palmas,28,1994,34,30,2651,29.5,1,1,2,1,0,0,8,0,0.03,0.03,0.07,0.03,0.07,Matches
164,Curro,es ESP,"MF,FW",Burgos,26,1996,34,31,2727,30.3,9,2,11,6,3,3,5,1,0.30,0.07,0.36,0.20,0.26,Matches
165,Dali,es ESP,FW,Racing Sant,22,2000,1,0,8,0.1,0,0,0,0,0,0,0,0,0.00,0.00,0.00,0.00,0.00,Matches
166,Toni Datković,hr CRO,DF,Cartagena,28,1993,39,39,3376,37.5,0,2,2,0,0,0,14,1,0.00,0.05,0.05,0.00,0.05,Matches
167,Alberto Del Moral,es ESP,MF,Villarreal B,22,2000,37,37,3327,37.0,1,3,4,1,0,0,10,2,0.03,0.08,0.11,0.03,0.11,Matches
168,Jorge Delgado,es ESP,FW,Racing Sant,20,2002,1,0,1,0.0,0,0,0,0,0,0,0,0,0.00,0.00,0.00,0.00,0.00,Matches
169,Moisés Delgado,es ESP,DF,Ponferradina,28,1994,34,23,2080,23.1,0,2,2,0,0,0,5,0,0.00,0.09,0.09,0.00,0.09,Matches
170,Julián Delmás,es ESP,"DF,MF",Málaga,27,1995,17,16,1419,15.8,0,1,1,0,0,0,2,0,0.00,0.06,0.06,0.00,0.06,Matches
171,Julián Delmás,es ESP,DF,Cartagena,27,1995,9,3,338,3.8,0,1,1,0,0,0,0,0,0.00,0.27,0.27,0.00,0.27,Matches
172,Moussa Diarra,es ESP,DF,Málaga,20,2002,1,1,90,1.0,0,0,0,0,0,0,1,0,0.00,0.00,0.00,0.00,0.00,Matches
173,Pedro Díaz,es ESP,MF,Sporting Gijón,24,1998,33,29,2410,26.8,4,5,9,4,0,0,3,0,0.15,0.19,0.34,0.15,0.34,Matches
174,Víctor Díaz,es ESP,"DF,MF",Granada,34,1988,29,22,2043,22.7,1,0,1,1,0,0,6,0,0.04,0.00,0.04,0.04,0.04,Matches
175,Famara Diedhiou,sn SEN,FW,Granada,29,1992,10,1,162,1.8,0,0,0,0,0,0,1,0,0.00,0.00,0.00,0.00,0.00,Matches
Rk,Player,Nation,Pos,Squad,Age,Born,MP,Starts,Min,90s,Gls,Ast,G+A,G-PK,PK,PKatt,CrdY,CrdR,Gls,Ast,G+A,G-PK,G+A-PK,Matches
176,Adrián Diéguez,es ESP,"DF,MF",Ponferradina,26,1996,30,23,2029,22.5,0,1,1,0,0,0,9,1,0.00,0.04,0.04,0.00,0.04,Matches
177,Papakouli Diop,sn SEN,MF,Ibiza,36,1986,26,17,1510,16.8,2,0,2,2,0,0,6,1,0.12,0.00,0.12,0.12,0.12,Matches
178,Mohammed Djetei,cm CMR,DF,Albacete,27,1994,31,25,2308,25.6,1,0,1,1,0,0,3,1,0.04,0.00,0.04,0.04,0.04,Matches
179,Álex Domínguez,es ESP,GK,Las Palmas,24,1998,8,8,720,8.0,0,0,0,0,0,0,1,0,0.00,0.00,0.00,0.00,0.00,Matches
180,Rubén Duarte,es ESP,DF,Alavés,26,1995,37,33,2977,33.1,0,5,5,0,0,0,16,1,0.00,0.15,0.15,0.00,0.15,Matches
181,Jonathan Dubasin,be BEL,"FW,MF",Albacete,22,2000,39,29,2611,29.0,10,5,15,10,0,0,6,0,0.34,0.17,0.52,0.34,0.52,Matches
182,Juan Durán,es ESP,MF,Mirandés,21,2001,2,1,82,0.9,0,0,0,0,0,0,1,0,0.00,0.00,0.00,0.00,0.00,Matches
183,Riza Durmisi,dk DEN,DF,Tenerife,28,1994,1,0,9,0.1,0,0,0,0,0,0,0,0,0.00,0.00,0.00,0.00,0.00,Matches
184,Riza Durmisi,dk DEN,"DF,MF",Leganés,28,1994,10,5,550,6.1,0,0,0,0,0,0,3,0,0.00,0.00,0.00,0.00,0.00,Matches
185,Unai Elgezabal,es ESP,"MF,DF",Burgos,29,1993,39,38,3327,37.0,1,0,1,1,0,0,12,0,0.03,0.00,0.03,0.03,0.03,Matches
186,Juergen Elitim,co COL,MF,Racing Sant,23,1999,29,22,1964,21.8,2,0,2,2,0,0,8,1,0.09,0.00,0.09,0.09,0.09,Matches
187,Sergi Enrich,es ESP,FW,Oviedo,32,1990,34,21,1868,20.8,7,1,8,7,0,0,3,2,0.34,0.05,0.39,0.34,0.39,Matches
188,Ramón Enríquez,es ESP,MF,Málaga,21,2001,20,10,941,10.5,0,0,0,0,0,0,3,0,0.00,0.00,0.00,0.00,0.00,Matches
189,Aarón Escandell,es ESP,GK,Cartagena,26,1995,36,36,3195,35.5,0,0,0,0,0,0,3,0,0.00,0.00,0.00,0.00,0.00,Matches
190,Alberto Escassi,es ESP,"DF,MF",Málaga,33,1989,34,31,2519,28.0,2,0,2,2,0,0,9,0,0.07,0.00,0.07,0.07,0.07,Matches
191,Gonzalo Escobar,ar ARG,DF,Ibiza,25,1997,23,17,1525,16.9,0,0,0,0,0,0,7,1,0.00,0.00,0.00,0.00,0.00,Matches
192,Dani Escriche,es ESP,"FW,MF",Huesca,24,1998,20,10,974,10.8,1,1,2,1,0,0,2,0,0.09,0.09,0.18,0.09,0.18,Matches
193,Dani Escriche,es ESP,FW,Albacete,24,1998,12,5,547,6.1,1,2,3,1,0,0,1,0,0.16,0.33,0.49,0.16,0.49,Matches
194,Eduardo Espiau,es ESP,FW,Ponferradina,27,1994,40,26,2427,27.0,5,0,5,5,0,0,7,0,0.19,0.00,0.19,0.19,0.19,Matches
195,Euse,es ESP,DF,Huesca,21,2000,2,0,26,0.3,0,0,0,0,0,0,0,0,0.00,0.00,0.00,0.00,0.00,Matches
196,Jokin Ezkieta,es ESP,GK,Racing Sant,25,1996,6,5,516,5.7,0,0,0,0,0,0,0,0,0.00,0.00,0.00,0.00,0.00,Matches
197,Mamadou Fall,sn SEN,DF,Villarreal B,19,2002,25,22,2034,22.6,3,0,3,3,0,0,8,1,0.13,0.00,0.13,0.13,0.13,Matches
198,Aleix Febas,es ESP,MF,Málaga,26,1996,41,38,3209,35.7,0,1,1,0,0,0,7,0,0.00,0.03,0.03,0.00,0.03,Matches
199,Joan Femenías,es ESP,GK,Levante,25,1996,8,8,720,8.0,0,0,0,0,0,0,0,0,0.00,0.00,0.00,0.00,0.00,Matches
200,Jesús Fernández Alonso,es ESP,DF,Lugo,22,2000,8,6,567,6.3,0,0,0,0,0,0,0,0,0.00,0.00,0.00,0.00,0.00,Matches
Rk,Player,Nation,Pos,Squad,Age,Born,MP,Starts,Min,90s,Gls,Ast,G+A,G-PK,PK,PKatt,CrdY,CrdR,Gls,Ast,G+A,G-PK,G+A-PK,Matches
201,Andrés Fernández,es ESP,GK,Huesca,35,1986,42,42,3780,42.0,0,0,0,0,0,0,2,0,0.00,0.00,0.00,0.00,0.00,Matches
202,Dani Fernandez,es ESP,DF,Racing Sant,25,1997,35,30,2712,30.1,0,1,1,0,0,0,5,0,0.00,0.03,0.03,0.00,0.03,Matches
203,Marc Fernández,es ESP,FW,FC Andorra,32,1990,12,7,550,6.1,0,0,0,0,0,0,0,0,0.00,0.00,0.00,0.00,0.00,Matches
204,Raúl Fernández,es ESP,GK,Granada,34,1988,31,30,2638,29.3,0,0,0,0,0,0,2,1,0.00,0.00,0.00,0.00,0.00,Matches
205,Juan Ferney Otero,co COL,"MF,FW",Sporting Gijón,27,1995,41,37,3188,35.4,6,0,6,6,0,0,8,0,0.17,0.00,0.17,0.17,0.17,Matches
206,André Ferreira,pt POR,GK,Granada,26,1996,11,11,964,10.7,0,0,0,0,0,0,0,0,0.00,0.00,0.00,0.00,0.00,Matches
207,David Ferreiro,es ESP,"MF,FW",Cartagena,34,1988,16,4,501,5.6,0,3,3,0,0,0,3,0,0.00,0.54,0.54,0.00,0.54,Matches
208,Franchu Feuillassier,ar ARG,"FW,MF",Cartagena,24,1998,27,9,940,10.4,2,0,2,2,0,0,7,0,0.19,0.00,0.19,0.19,0.19,Matches
209,Marcelo Flores,ca CAN,"MF,FW",Oviedo,18,2003,13,7,570,6.3,0,1,1,0,0,0,0,0,0.00,0.16,0.16,0.00,0.16,Matches
210,Issa Fomba,ml MLI,DF,Málaga,21,2001,6,1,164,1.8,0,1,1,0,0,0,0,0,0.00,0.55,0.55,0.00,0.55,Matches
211,Álex Forés,es ESP,FW,Villarreal B,21,2001,32,9,981,10.9,2,1,3,2,0,0,1,0,0.18,0.09,0.28,0.18,0.28,Matches
212,Alejandro Francés,es ESP,DF,Zaragoza,19,2002,23,21,1893,21.0,0,0,0,0,0,0,6,1,0.00,0.00,0.00,0.00,0.00,Matches
213,Enric Franquesa,es ESP,"DF,MF",Levante,25,1997,11,6,562,6.2,0,0,0,0,0,0,0,0,0.00,0.00,0.00,0.00,0.00,Matches
214,Enric Franquesa,es ESP,"MF,DF",Leganés,25,1997,13,10,924,10.3,0,0,0,0,0,0,0,0,0.00,0.00,0.00,0.00,0.00,Matches
215,Žiga Frelih,si SVN,GK,Mirandés,24,1998,1,1,90,1.0,0,0,0,0,0,0,0,0,0.00,0.00,0.00,0.00,0.00,Matches
216,Jorge de Frutos,es ESP,"MF,FW",Levante,25,1997,39,34,3027,33.6,3,5,8,3,0,0,6,1,0.09,0.15,0.24,0.09,0.24,Matches
217,Gabriel Fuentes,co COL,DF,Zaragoza,25,1997,22,19,1704,18.9,0,2,2,0,0,0,3,0,0.00,0.11,0.11,0.00,0.11,Matches
218,Manuel Fuster,es ESP,"MF,FW",Albacete,24,1997,40,38,3303,36.7,8,6,14,8,0,0,4,0,0.22,0.16,0.38,0.22,0.38,Matches
219,Daniel Fuzato,br BRA,GK,Ibiza,25,1997,37,37,3330,37.0,0,0,0,0,0,0,2,0,0.00,0.00,0.00,0.00,0.00,Matches
220,Álex Gallar,es ESP,MF,Málaga,30,1992,19,9,881,9.8,1,4,5,1,0,0,0,0,0.10,0.41,0.51,0.10,0.51,Matches
221,Enric Gallego,es ESP,FW,Tenerife,35,1986,40,37,3267,36.3,11,3,14,7,4,5,8,0,0.30,0.08,0.39,0.19,0.28,Matches
222,Álex Gálvez,es ESP,"DF,MF",Ibiza,33,1989,8,4,360,4.0,0,0,0,0,0,0,3,0,0.00,0.00,0.00,0.00,0.00,Matches
223,Fran Gámez,es ESP,DF,Zaragoza,31,1991,34,29,2452,27.2,1,2,3,1,0,0,7,0,0.04,0.07,0.11,0.04,0.11,Matches
224,Borja Garcés,es ESP,FW,Tenerife,22,1999,36,23,2013,22.4,4,1,5,3,1,1,4,1,0.18,0.04,0.22,0.13,0.18,Matches
225,Aitor García,es ESP,"MF,FW",Sporting Gijón,28,1994,32,14,1286,14.3,6,0,6,6,0,0,1,0,0.42,0.00,0.42,0.42,0.42,Matches
Rk,Player,Nation,Pos,Squad,Age,Born,MP,Starts,Min,90s,Gls,Ast,G+A,G-PK,PK,PKatt,CrdY,CrdR,Gls,Ast,G+A,G-PK,G+A-PK,Matches
226,Ale García,es ESP,MF,Las Palmas,19,2003,2,0,5,0.1,0,0,0,0,0,0,0,0,0.00,0.00,0.00,0.00,0.00,Matches
227,Álvaro García,es ESP,"DF,MF",Ibiza,22,2000,6,5,367,4.1,0,0,0,0,0,0,2,0,0.00,0.00,0.00,0.00,0.00,Matches
228,Andrés García,es ESP,DF,Levante,19,2003,1,0,12,0.1,0,0,0,0,0,0,0,0,0.00,0.00,0.00,0.00,0.00,Matches
229,Fran García,es ESP,DF,Burgos,29,1992,28,18,1678,18.6,0,2,2,0,0,0,2,0,0.00,0.11,0.11,0.00,0.11,Matches
230,Manu García,es ESP,MF,Mirandés,36,1986,25,3,542,6.0,2,0,2,2,0,0,6,1,0.33,0.00,0.33,0.33,0.33,Matches
231,Mario García,es ESP,DF,Racing Sant,18,2003,3,2,225,2.5,1,1,2,1,0,0,0,0,0.40,0.40,0.80,0.40,0.80,Matches
232,Naim García,es ESP,MF,Ponferradina,20,2002,16,9,843,9.4,1,2,3,1,0,0,3,0,0.11,0.21,0.32,0.11,0.32,Matches
233,Naim García,es ESP,"MF,FW",Leganés,20,2002,15,5,421,4.7,2,0,2,2,0,0,1,0,0.43,0.00,0.43,0.43,0.43,Matches
234,Saúl García,es ESP,DF,Racing Sant,27,1994,28,19,1774,19.7,1,1,2,1,0,0,3,0,0.05,0.05,0.10,0.05,0.10,Matches
235,Sergi García,es ESP,MF,Albacete,23,1999,1,0,6,0.1,0,0,0,0,0,0,0,0,0.00,0.00,0.00,0.00,0.00,Matches
236,Manu Garrido,es ESP,FW,Leganés,22,2000,3,0,11,0.1,0,0,0,0,0,0,0,0,0.00,0.00,0.00,0.00,0.00,Matches
237,Sékou Gassama,sn SEN,FW,Racing Sant,27,1995,16,11,831,9.2,1,1,2,1,0,1,4,1,0.11,0.11,0.22,0.11,0.22,Matches
238,Gelabert,es ESP,"MF,FW",Mirandés,21,2000,25,18,1594,17.7,2,4,6,2,0,0,4,1,0.11,0.23,0.34,0.11,0.34,Matches
239,Tiago Geralnik,ar ARG,MF,Villarreal B,19,2003,13,6,479,5.3,1,1,2,1,0,0,1,0,0.19,0.19,0.38,0.19,0.38,Matches
240,Mourad El Ghezouani,ma MAR,FW,Burgos,24,1998,35,13,1417,15.7,3,0,3,3,0,0,5,1,0.19,0.00,0.19,0.19,0.19,Matches
241,Gianni,es ESP,GK,Villarreal B,29,1992,8,8,720,8.0,0,0,0,0,0,0,0,0,0.00,0.00,0.00,0.00,0.00,Matches
242,Iván Gil,es ESP,MF,FC Andorra,22,2000,27,16,1512,16.8,4,1,5,4,0,0,2,0,0.24,0.06,0.30,0.24,0.30,Matches
243,Carlos Giménez,es ESP,DF,Levante,19,2003,1,0,24,0.3,0,0,0,0,0,0,1,0,0.00,0.00,0.00,0.00,0.00,Matches
244,Antonio Glauder,ph PHI,DF,Albacete,26,1995,29,24,2048,22.8,0,1,1,0,0,0,7,0,0.00,0.04,0.04,0.00,0.04,Matches
245,David Goldar,es ESP,DF,Ibiza,27,1994,13,11,1043,11.6,0,0,0,0,0,0,6,0,0.00,0.00,0.00,0.00,0.00,Matches
246,David Goldar,es ESP,DF,Burgos,27,1994,16,13,1186,13.2,0,0,0,0,0,0,2,0,0.00,0.00,0.00,0.00,0.00,Matches
247,Borja González,es ESP,DF,Burgos,26,1995,24,12,1141,12.7,0,0,0,0,0,0,0,0,0.00,0.00,0.00,0.00,0.00,Matches
248,Bruno González,es ESP,DF,Sporting Gijón,32,1990,12,11,933,10.4,0,1,1,0,0,0,2,0,0.00,0.10,0.10,0.00,0.10,Matches
249,Cristo González,es ESP,"FW,MF",Sporting Gijón,24,1997,34,21,1658,18.4,5,0,5,4,1,1,4,0,0.27,0.00,0.27,0.22,0.22,Matches
250,Dani González,es ESP,FW,Albacete,20,2002,5,0,23,0.3,0,0,0,0,0,0,0,0,0.00,0.00,0.00,0.00,0.00,Matches
Rk,Player,Nation,Pos,Squad,Age,Born,MP,Starts,Min,90s,Gls,Ast,G+A,G-PK,PK,PKatt,CrdY,CrdR,Gls,Ast,G+A,G-PK,G+A-PK,Matches
251,Ethyan González,es ESP,FW,Tenerife,20,2002,1,0,2,0.0,0,0,0,0,0,0,0,0,0.00,0.00,0.00,0.00,0.00,Matches
252,Fabio González,es ESP,MF,Las Palmas,25,1997,31,12,1445,16.1,0,1,1,0,0,0,7,0,0.00,0.06,0.06,0.00,0.06,Matches
253,Roberto González,es ESP,"MF,FW",Alavés,21,2001,28,11,1142,12.7,2,2,4,2,0,0,3,1,0.16,0.16,0.32,0.16,0.32,Matches
254,Sergio González,es ESP,DF,Tenerife,25,1997,27,25,2172,24.1,0,1,1,0,0,0,8,0,0.00,0.04,0.04,0.00,0.04,Matches
255,Yayo González,es ESP,MF,Oviedo,18,2004,3,1,70,0.8,0,0,0,0,0,0,0,0,0.00,0.00,0.00,0.00,0.00,Matches
256,José Gragera,es ESP,"MF,DF",Sporting Gijón,21,2000,17,12,1195,13.3,2,0,2,2,0,0,1,0,0.15,0.00,0.15,0.15,0.15,Matches
257,Jaume Grau,es ESP,MF,Zaragoza,25,1997,35,26,2240,24.9,1,0,1,1,0,0,12,1,0.04,0.00,0.04,0.04,0.04,Matches
258,Fausto Grillo,ar ARG,DF,Ibiza,29,1993,17,17,1434,15.9,1,0,1,1,0,0,6,1,0.06,0.00,0.06,0.06,0.06,Matches
259,Francisco Grimà Aguilera,es ESP,DF,Ibiza,35,1987,19,16,1429,15.9,0,0,0,0,0,0,3,0,0.00,0.00,0.00,0.00,0.00,Matches
260,Gui Guedes,pt POR,MF,Lugo,20,2002,13,8,709,7.9,0,1,1,0,0,0,3,1,0.00,0.13,0.13,0.00,0.13,Matches
261,Makhtar Gueye,sn SEN,FW,Zaragoza,24,1997,22,5,632,7.0,0,0,0,0,0,0,1,0,0.00,0.00,0.00,0.00,0.00,Matches
262,Jon Guridi,es ESP,"MF,FW",Alavés,27,1995,38,32,2729,30.3,1,1,2,1,0,1,5,0,0.03,0.03,0.07,0.03,0.07,Matches
263,Cristian Gutierrez,es ESP,"MF,DF",Málaga,21,2000,26,21,1899,21.1,2,4,6,2,0,0,2,0,0.09,0.19,0.28,0.09,0.28,Matches
264,Cacho Guzmán,es ESP,FW,Tenerife,20,2002,2,0,10,0.1,0,0,0,0,0,0,0,0,0.00,0.00,0.00,0.00,0.00,Matches
265,Hacen,mr MTN,"MF,FW",Lugo,24,1997,32,18,1527,17.0,0,0,0,0,0,0,6,1,0.00,0.00,0.00,0.00,0.00,Matches
266,Dorian Hanza,gq EQG,FW,Leganés,21,2001,1,0,10,0.1,0,0,0,0,0,0,0,0,0.00,0.00,0.00,0.00,0.00,Matches
267,Taichi Hara,jp JPN,FW,Alavés,23,1999,15,3,444,4.9,1,0,1,1,0,0,2,0,0.20,0.00,0.20,0.20,0.20,Matches
268,Kento Hashimoto,jp JPN,MF,Huesca,28,1993,33,19,1799,20.0,0,1,1,0,0,0,5,0,0.00,0.05,0.05,0.00,0.05,Matches
269,Haissem Hassan,eg EGY,MF,Villarreal B,20,2002,27,11,1207,13.4,0,1,1,0,0,0,2,0,0.00,0.07,0.07,0.00,0.07,Matches
270,Juan Hernández,es ESP,"MF,FW",Burgos,27,1994,24,5,531,5.9,0,0,0,0,0,0,0,0,0.00,0.00,0.00,0.00,0.00,Matches
271,Juan Hernández,es ESP,MF,Ponferradina,27,1994,2,0,5,0.1,0,0,0,0,0,0,0,0,0.00,0.00,0.00,0.00,0.00,Matches
272,Cristian Herrera,es ESP,"MF,FW",Ibiza,31,1991,35,34,2874,31.9,9,1,10,8,1,2,8,0,0.28,0.03,0.31,0.25,0.28,Matches
273,Alfonso Herrero,es ESP,GK,Mirandés,28,1994,33,32,2893,32.1,0,0,0,0,0,0,1,1,0.00,0.00,0.00,0.00,0.00,Matches
274,Pablo Hervías,es ESP,"MF,DF",Málaga,29,1993,13,7,544,6.0,0,0,0,0,0,0,2,0,0.00,0.00,0.00,0.00,0.00,Matches
275,Hector Hevel,my MAS,MF,FC Andorra,26,1996,39,23,2291,25.5,1,5,6,1,0,0,7,1,0.04,0.20,0.24,0.04,0.24,Matches
Rk,Player,Nation,Pos,Squad,Age,Born,MP,Starts,Min,90s,Gls,Ast,G+A,G-PK,PK,PKatt,CrdY,CrdR,Gls,Ast,G+A,G-PK,G+A-PK,Matches
276,Robert Ibáñez,es ESP,"MF,FW",Levante,29,1993,24,10,847,9.4,4,0,4,4,0,0,3,0,0.43,0.00,0.43,0.43,0.43,Matches
277,Juan Ibiza,es ESP,DF,Ibiza,26,1995,21,18,1656,18.4,2,0,2,2,0,0,7,1,0.11,0.00,0.11,0.11,0.11,Matches
278,Vicente Iborra,es ESP,MF,Levante,34,1988,36,31,2859,31.8,2,0,2,2,0,0,7,0,0.06,0.00,0.06,0.06,0.06,Matches
279,Ibra,es ESP,MF,Tenerife,20,2002,1,0,20,0.2,0,0,0,0,0,0,1,0,0.00,0.00,0.00,0.00,0.00,Matches
280,Iker,es ESP,MF,Villarreal B,22,1999,1,0,16,0.2,0,0,0,0,0,0,0,0,0.00,0.00,0.00,0.00,0.00,Matches
281,Marino Illesca,es ESP,MF,Burgos,21,2001,2,0,6,0.1,0,0,0,0,0,0,0,0,0.00,0.00,0.00,0.00,0.00,Matches
282,Imanol,es ESP,DF,Eibar,22,2000,27,24,2021,22.5,0,2,2,0,0,0,1,0,0.00,0.09,0.09,0.00,0.09,Matches
283,Pablo Íñiguez,es ESP,DF,Villarreal B,28,1994,19,17,1500,16.7,2,0,2,2,0,0,2,0,0.12,0.00,0.12,0.12,0.12,Matches
284,Pablo Insua,es ESP,DF,Sporting Gijón,28,1993,36,36,3004,33.4,2,1,3,2,0,0,12,1,0.06,0.03,0.09,0.06,0.09,Matches
285,Nikita Iosifov,ru RUS,MF,Villarreal B,21,2001,13,2,221,2.5,1,0,1,0,1,1,0,0,0.41,0.00,0.41,0.00,0.00,Matches
286,Carlos Isaac,es ESP,DF,Albacete,24,1998,16,10,820,9.1,1,1,2,1,0,0,2,0,0.11,0.11,0.22,0.11,0.22,Matches
287,Thierno Issiaga Barry,gn GUI,FW,Tenerife,22,2000,1,0,3,0.0,0,0,0,0,0,0,0,0,0.00,0.00,0.00,0.00,0.00,Matches
288,Jairo Izquierdo,es ESP,"MF,FW",Cartagena,28,1993,38,32,2644,29.4,2,6,8,2,0,0,8,0,0.07,0.20,0.27,0.07,0.27,Matches
289,Carlos Izquierdoz,ar ARG,DF,Sporting Gijón,33,1988,34,32,2910,32.3,1,1,2,1,0,0,8,1,0.03,0.03,0.06,0.03,0.06,Matches
290,Ayoub Jabbari,ma MAR,FW,Racing Sant,22,2000,3,0,19,0.2,0,0,0,0,0,0,0,0,0.00,0.00,0.00,0.00,0.00,Matches
291,Jacobo,es ESP,FW,FC Andorra,25,1997,30,12,1196,13.3,2,1,3,2,0,0,4,0,0.15,0.08,0.23,0.15,0.23,Matches
292,Ibrahim Janis,es ESP,DF,Ponferradina,22,2000,1,0,45,0.5,0,0,0,0,0,0,0,0,0.00,0.00,0.00,0.00,0.00,Matches
293,Isak Jansson,se SWE,"FW,MF",Cartagena,20,2002,27,8,973,10.8,2,0,2,2,0,0,1,0,0.18,0.00,0.18,0.18,0.18,Matches
294,Jason,es ESP,"MF,FW",Alavés,28,1994,32,19,1623,18.0,2,0,2,2,0,0,3,0,0.11,0.00,0.11,0.11,0.11,Matches
295,Ignacio Jeraldino,cl CHI,FW,Sporting Gijón,26,1995,8,5,333,3.7,0,0,0,0,0,0,1,0,0.00,0.00,0.00,0.00,0.00,Matches
296,Álvaro Jiménez,es ESP,MF,Las Palmas,27,1995,26,15,1199,13.3,3,1,4,3,0,0,3,0,0.23,0.08,0.30,0.23,0.30,Matches
297,Dani Jiménez,es ESP,GK,Leganés,32,1990,10,10,871,9.7,0,0,0,0,0,0,0,0,0.00,0.00,0.00,0.00,0.00,Matches
298,Javier Jiménez,es ESP,DF,Málaga,26,1996,26,22,1978,22.0,1,1,2,1,0,0,4,1,0.05,0.05,0.09,0.05,0.09,Matches
299,Jofre,es ESP,"MF,FW",Mirandés,21,2001,27,5,615,6.8,1,0,1,1,0,0,0,1,0.15,0.00,0.15,0.15,0.15,Matches
300,Jony,es ESP,MF,Sporting Gijón,31,1991,17,4,562,6.2,1,0,1,1,0,0,0,1,0.16,0.00,0.16,0.16,0.16,Matches
Rk,Player,Nation,Pos,Squad,Age,Born,MP,Starts,Min,90s,Gls,Ast,G+A,G-PK,PK,PKatt,CrdY,CrdR,Gls,Ast,G+A,G-PK,G+A-PK,Matches
301,Joselu,es ESP,FW,Lugo,31,1991,1,0,4,0.0,0,0,0,0,0,0,0,0,0.00,0.00,0.00,0.00,0.00,Matches
302,Josema,es ESP,DF,Leganés,26,1996,25,17,1416,15.7,0,1,1,0,0,0,3,0,0.00,0.06,0.06,0.00,0.06,Matches
303,Jozabed,es ESP,MF,Málaga,31,1991,22,11,1010,11.2,0,0,0,0,0,0,1,0,0.00,0.00,0.00,0.00,0.00,Matches
304,Miguel Juan Llambrich,es ESP,DF,Oviedo,26,1996,4,1,124,1.4,0,0,0,0,0,0,1,0,0.00,0.00,0.00,0.00,0.00,Matches
305,Miguel Juan Llambrich,es ESP,DF,Cartagena,26,1996,2,2,179,2.0,0,0,0,0,0,0,1,0,0.00,0.00,0.00,0.00,0.00,Matches
306,Juande,es ESP,DF,Málaga,23,1999,28,23,2083,23.1,1,0,1,1,0,0,4,1,0.04,0.00,0.04,0.04,0.04,Matches
307,Juanfran,es ESP,DF,Málaga,33,1988,16,14,1266,14.1,0,0,0,0,0,0,1,0,0.00,0.00,0.00,0.00,0.00,Matches
308,Juanfran,es ESP,"DF,FW",Oviedo,33,1988,2,0,24,0.3,0,0,0,0,0,0,0,0,0.00,0.00,0.00,0.00,0.00,Matches
309,Juanma,es ESP,"FW,MF",Albacete,29,1993,29,20,1681,18.7,4,3,7,4,0,0,1,0,0.21,0.16,0.37,0.21,0.37,Matches
310,Juanpe,es ESP,MF,Lugo,26,1996,23,15,1376,15.3,1,2,3,0,1,2,6,1,0.07,0.13,0.20,0.00,0.13,Matches
311,Lukáš Juliš,cz CZE,FW,Ibiza,27,1994,13,4,444,4.9,1,1,2,1,0,0,2,1,0.20,0.20,0.41,0.20,0.41,Matches
312,Lago Junior,ci CIV,"MF,FW",Málaga,31,1990,17,14,1211,13.5,4,0,4,4,0,0,2,0,0.30,0.00,0.30,0.30,0.30,Matches
313,Filip Jørgensen,dk DEN,GK,Villarreal B,20,2002,11,11,990,11.0,0,0,0,0,0,0,2,0,0.00,0.00,0.00,0.00,0.00,Matches
314,Aboubakary Kanté,gm GAM,FW,Huesca,27,1994,31,14,1066,11.8,3,0,3,3,0,0,3,0,0.25,0.00,0.25,0.25,0.25,Matches
315,Wilfrid Kaptoum,cm CMR,MF,Las Palmas,26,1996,11,3,352,3.9,0,0,0,0,0,0,1,0,0.00,0.00,0.00,0.00,0.00,Matches
316,Jon Karrikaburu,es ESP,"FW,MF",Leganés,19,2002,19,11,1069,11.9,3,0,3,3,0,0,3,0,0.25,0.00,0.25,0.25,0.25,Matches
317,Andy Kawaya,be BEL,MF,Albacete,25,1996,7,0,73,0.8,1,1,2,1,0,0,0,0,1.23,1.23,2.47,1.23,2.47,Matches
318,Kaxe,es ESP,FW,Ibiza,28,1994,13,2,309,3.4,1,0,1,1,0,0,1,0,0.29,0.00,0.29,0.29,0.29,Matches
319,Koba Koindredi,fr FRA,"MF,FW",Oviedo,20,2001,18,11,923,10.3,1,2,3,0,1,1,0,0,0.10,0.20,0.29,0.00,0.20,Matches
320,Vasyl Kravets,ua UKR,DF,Leganés,24,1997,2,1,106,1.2,0,0,0,0,0,0,0,0,0.00,0.00,0.00,0.00,0.00,Matches
321,Kuki,es ESP,MF,Ponferradina,24,1998,2,0,50,0.6,0,0,0,0,0,0,0,0,0.00,0.00,0.00,0.00,0.00,Matches
322,Adrián de la Fuente,es ESP,DF,Villarreal B,23,1999,35,34,3012,33.5,2,0,2,1,1,1,11,1,0.06,0.00,0.06,0.03,0.03,Matches
323,Derik Lacerda,br BRA,"FW,MF",Ponferradina,22,1999,38,24,2221,24.7,3,3,6,3,0,0,8,1,0.12,0.12,0.24,0.12,0.24,Matches
324,Víctor Laguardia,es ESP,DF,Alavés,32,1989,14,5,575,6.4,0,0,0,0,0,0,3,0,0.00,0.00,0.00,0.00,0.00,Matches
325,Larra,es ESP,"DF,MF",Zaragoza,24,1997,33,14,1459,16.2,0,1,1,0,0,0,2,0,0.00,0.06,0.06,0.00,0.06,Matches
Rk,Player,Nation,Pos,Squad,Age,Born,MP,Starts,Min,90s,Gls,Ast,G+A,G-PK,PK,PKatt,CrdY,CrdR,Gls,Ast,G+A,G-PK,G+A-PK,Matches
326,Pablo Larrea,es ESP,MF,Tenerife,28,1994,21,6,730,8.1,0,0,0,0,0,0,0,0,0.00,0.00,0.00,0.00,0.00,Matches
327,Daniel Lasure,es ESP,DF,Zaragoza,28,1994,1,0,20,0.2,0,0,0,0,0,0,0,0,0.00,0.00,0.00,0.00,0.00,Matches
328,Daniel Lasure,es ESP,DF,Eibar,28,1994,2,1,95,1.1,0,0,0,0,0,0,1,0,0.00,0.00,0.00,0.00,0.00,Matches
329,Orest Lebedenko,ua UKR,DF,Lugo,23,1998,12,4,406,4.5,0,0,0,0,0,0,0,0,0.00,0.00,0.00,0.00,0.00,Matches
330,Álvaro Lemos,es ESP,"DF,MF",Las Palmas,29,1993,24,9,1184,13.2,1,1,2,1,0,0,0,0,0.08,0.08,0.15,0.08,0.15,Matches
331,José León Bernal,es ESP,DF,Tenerife,27,1995,28,23,2096,23.3,0,0,0,0,0,0,5,0,0.00,0.00,0.00,0.00,0.00,Matches
332,Raúl Lizoain,es ESP,GK,FC Andorra,31,1991,16,16,1440,16.0,0,0,0,0,0,0,1,0,0.00,0.00,0.00,0.00,0.00,Matches
333,Javier Llabrés,es ESP,MF,Mirandés,19,2002,14,2,351,3.9,1,0,1,1,0,0,0,0,0.26,0.00,0.26,0.26,0.26,Matches
334,Enzo Loiodice,fr FRA,MF,Las Palmas,21,2000,39,37,3023,33.6,4,3,7,4,0,0,11,1,0.12,0.09,0.21,0.12,0.21,Matches
335,Enzo Lombardo,fr FRA,MF,Huesca,25,1997,10,2,317,3.5,0,1,1,0,0,0,2,0,0.00,0.28,0.28,0.00,0.28,Matches
336,Adrián López,es ESP,GK,Granada,23,1999,2,1,174,1.9,0,0,0,0,0,0,0,0,0.00,0.00,0.00,0.00,0.00,Matches
337,Andoni López,es ESP,DF,Tenerife,26,1996,2,1,67,0.7,0,1,1,0,0,0,0,0,0.00,1.34,1.34,0.00,1.34,Matches
338,Andoni López,es ESP,"MF,DF",Lugo,26,1996,16,12,1083,12.0,0,0,0,0,0,0,2,0,0.00,0.00,0.00,0.00,0.00,Matches
339,Javi López,es ESP,MF,Burgos,21,2001,2,0,2,0.0,0,0,0,0,0,0,0,0,0.00,0.00,0.00,0.00,0.00,Matches
340,Javi López,es ESP,DF,Alavés,20,2002,30,12,1263,14.0,0,0,0,0,0,0,2,0,0.00,0.00,0.00,0.00,0.00,Matches
341,Lluis López,es ESP,DF,Zaragoza,25,1997,31,30,2673,29.7,1,0,1,1,0,0,8,0,0.03,0.00,0.03,0.03,0.03,Matches
342,Roberto López,es ESP,"MF,FW",Mirandés,22,2000,40,30,2471,27.5,7,3,10,6,1,1,4,0,0.25,0.11,0.36,0.22,0.33,Matches
343,Dani Lorenzo,es ESP,MF,Málaga,19,2003,7,1,166,1.8,1,0,1,1,0,0,1,0,0.54,0.00,0.54,0.54,0.54,Matches
344,Miguel Loureiro,es ESP,"DF,MF",Lugo,25,1996,40,37,3351,37.2,1,1,2,1,0,0,10,0,0.03,0.03,0.05,0.03,0.05,Matches
345,Neyder Lozano,co COL,DF,Lugo,28,1994,9,9,717,8.0,0,0,0,0,0,0,4,0,0.00,0.00,0.00,0.00,0.00,Matches
346,Pol Lozano,es ESP,MF,Granada,22,1999,14,12,988,11.0,0,0,0,0,0,0,3,0,0.00,0.00,0.00,0.00,0.00,Matches
347,Sergio Lozano,es ESP,MF,Villarreal B,23,1999,28,24,2092,23.2,5,6,11,4,1,4,9,1,0.22,0.26,0.47,0.17,0.43,Matches
348,Oier Luengo,es ESP,DF,Oviedo,24,1997,11,9,844,9.4,0,0,0,0,0,0,2,0,0.00,0.00,0.00,0.00,0.00,Matches
349,Luismi,es ESP,MF,Oviedo,30,1992,31,31,2634,29.3,1,0,1,1,0,0,16,1,0.03,0.00,0.03,0.03,0.03,Matches
350,Jordan Lukaku,be BEL,DF,Ponferradina,28,1994,7,4,319,3.5,0,0,0,0,0,0,2,0,0.00,0.00,0.00,0.00,0.00,Matches
Rk,Player,Nation,Pos,Squad,Age,Born,MP,Starts,Min,90s,Gls,Ast,G+A,G-PK,PK,PKatt,CrdY,CrdR,Gls,Ast,G+A,G-PK,G+A-PK,Matches
351,Marcos Luna,es ESP,DF,Zaragoza,19,2003,6,3,286,3.2,0,0,0,0,0,0,1,0,0.00,0.00,0.00,0.00,0.00,Matches
352,Sergi Maestre,es ESP,MF,Albacete,31,1990,14,4,405,4.5,0,1,1,0,0,0,1,0,0.00,0.22,0.22,0.00,0.22,Matches
353,Abdallahi Mahmoud,mr MTN,MF,Alavés,22,2000,3,0,10,0.1,0,0,0,0,0,0,0,0,0.00,0.00,0.00,0.00,0.00,Matches
354,Giorgi Makaridze,ge GEO,GK,Ponferradina,32,1990,7,7,630,7.0,0,0,0,0,0,0,1,0,0.00,0.00,0.00,0.00,0.00,Matches
355,Alassán Manjam,gw GNB,FW,Tenerife,19,2002,4,0,56,0.6,0,0,0,0,0,0,0,0,0.00,0.00,0.00,0.00,0.00,Matches
356,Mantilla,es ESP,DF,Racing Sant,22,2000,14,10,862,9.6,0,1,1,0,0,0,4,0,0.00,0.10,0.10,0.00,0.10,Matches
357,Nikola Maraš,rs SRB,DF,Alavés,26,1995,20,18,1605,17.8,0,0,0,0,0,0,2,0,0.00,0.00,0.00,0.00,0.00,Matches
358,José Marí,es ESP,DF,Cartagena,21,2001,4,2,152,1.7,0,0,0,0,0,0,0,0,0.00,0.00,0.00,0.00,0.00,Matches
359,Juan María,es ESP,DF,Albacete,21,2001,23,8,870,9.7,1,1,2,1,0,0,5,0,0.10,0.10,0.21,0.10,0.21,Matches
360,Higinio Marín,es ESP,FW,Albacete,28,1993,36,29,2554,28.4,11,1,12,10,1,1,7,0,0.39,0.04,0.42,0.35,0.39,Matches
361,Diego Mariño,es ESP,GK,Sporting Gijón,32,1990,17,17,1530,17.0,0,1,1,0,0,0,0,0,0.00,0.06,0.06,0.00,0.06,Matches
362,Mika Mármol,es ESP,DF,FC Andorra,21,2001,37,36,3148,35.0,1,1,2,1,0,0,5,0,0.03,0.03,0.06,0.03,0.06,Matches
363,José Marsà,es ESP,"DF,MF",Sporting Gijón,20,2002,13,10,996,11.1,0,1,1,0,0,0,4,2,0.00,0.09,0.09,0.00,0.09,Matches
364,Álex Martín,es ESP,DF,Mirandés,24,1998,37,37,3223,35.8,1,0,1,1,0,0,9,1,0.03,0.00,0.03,0.03,0.03,Matches
365,Nacho Martin,es ESP,MF,Sporting Gijón,20,2002,16,9,689,7.7,0,0,0,0,0,0,3,0,0.00,0.00,0.00,0.00,0.00,Matches
366,Teto Martín,es ESP,MF,Tenerife,20,2001,36,22,1882,20.9,3,0,3,3,0,0,4,0,0.14,0.00,0.14,0.14,0.14,Matches
367,Carlos Martínez,es ESP,FW,FC Andorra,36,1986,35,17,1545,17.2,9,0,9,7,2,2,1,1,0.52,0.00,0.52,0.41,0.41,Matches
368,Christian Martínez Díaz,es ESP,FW,Lugo,21,2000,1,0,4,0.0,0,0,0,0,0,0,0,0,0.00,0.00,0.00,0.00,0.00,Matches
369,Javi Martínez,es ESP,"MF,FW",Huesca,22,1999,12,4,432,4.8,2,0,2,2,0,0,1,0,0.42,0.00,0.42,0.42,0.42,Matches
370,Javi Martínez,es ESP,MF,Albacete,22,1999,7,1,145,1.6,0,0,0,0,0,0,1,0,0.00,0.00,0.00,0.00,0.00,Matches
371,Marc Martínez,es ESP,GK,Cartagena,32,1990,7,6,585,6.5,0,0,0,0,0,0,0,0,0.00,0.00,0.00,0.00,0.00,Matches
372,Pablo Martínez,es ESP,MF,Levante,24,1998,27,16,1455,16.2,2,2,4,2,0,0,3,1,0.12,0.12,0.25,0.12,0.25,Matches
373,Rubén Martínez,es ESP,MF,Albacete,32,1989,13,4,472,5.2,0,0,0,0,0,0,1,0,0.00,0.00,0.00,0.00,0.00,Matches
374,Iván Martos,es ESP,DF,Cartagena,25,1997,16,15,1189,13.2,1,0,1,1,0,0,2,0,0.08,0.00,0.08,0.08,0.08,Matches
375,Marvin,es ESP,"DF,MF",Las Palmas,22,2000,24,5,933,10.4,1,1,2,1,0,0,4,0,0.10,0.10,0.19,0.10,0.19,Matches
Rk,Player,Nation,Pos,Squad,Age,Born,MP,Starts,Min,90s,Gls,Ast,G+A,G-PK,PK,PKatt,CrdY,CrdR,Gls,Ast,G+A,G-PK,G+A-PK,Matches
376,Mascarenhas,pt POR,FW,Oviedo,22,2000,9,1,176,2.0,1,0,1,1,0,0,1,0,0.51,0.00,0.51,0.51,0.51,Matches
377,Marc Mateu,es ESP,MF,Huesca,32,1990,31,23,1997,22.2,2,3,5,1,1,1,3,0,0.09,0.14,0.23,0.05,0.18,Matches
378,Jose Matos,es ESP,"DF,MF",Burgos,27,1995,28,23,1994,22.2,0,5,5,0,0,0,5,0,0.00,0.23,0.23,0.00,0.23,Matches
379,Marcos Mauro,ar ARG,DF,Ibiza,31,1991,8,4,470,5.2,0,0,0,0,0,0,2,1,0.00,0.00,0.00,0.00,0.00,Matches
380,Jordi Mboula,es ESP,MF,Racing Sant,23,1999,35,31,2365,26.3,6,0,6,6,0,0,0,0,0.23,0.00,0.23,0.23,0.23,Matches
381,Agus Medina,es ESP,MF,Ponferradina,27,1994,33,28,2435,27.1,1,1,2,1,0,0,10,0,0.04,0.04,0.07,0.04,0.07,Matches
382,Unai Medina,es ESP,"DF,MF",Racing Sant,32,1990,15,9,881,9.8,0,0,0,0,0,0,2,0,0.00,0.00,0.00,0.00,0.00,Matches
383,Óscar Melendo,es ESP,MF,Granada,24,1997,35,30,2276,25.3,1,3,4,1,0,0,3,0,0.04,0.12,0.16,0.04,0.16,Matches
384,Gonzalo Melero,es ESP,MF,Levante,28,1994,2,2,138,1.5,0,0,0,0,0,0,0,0,0.00,0.00,0.00,0.00,0.00,Matches
385,Jérémy Mellot,fr FRA,DF,Tenerife,28,1994,41,36,3309,36.8,1,0,1,1,0,0,3,0,0.03,0.00,0.03,0.03,0.03,Matches
386,José Menargues,es ESP,DF,Ibiza,20,2002,11,11,896,10.0,0,1,1,0,0,0,2,0,0.00,0.10,0.10,0.00,0.10,Matches
387,Nacho Méndez,my MAS,MF,Sporting Gijón,24,1998,3,1,80,0.9,0,0,0,0,0,0,0,0,0.00,0.00,0.00,0.00,0.00,Matches
388,Maikel Mesa,es ESP,MF,Albacete,31,1991,37,36,2702,30.0,8,3,11,5,3,4,6,2,0.27,0.10,0.37,0.17,0.27,Matches
389,Víctor Meseguer,es ESP,MF,Granada,23,1999,23,11,1148,12.8,1,0,1,1,0,0,5,0,0.08,0.00,0.08,0.08,0.08,Matches
390,Omenuke Mfulu,cd COD,MF,Las Palmas,28,1994,30,27,2282,25.4,0,0,0,0,0,0,6,1,0.00,0.00,0.00,0.00,0.00,Matches
391,Nikolaos Michelis,gr GRE,DF,Mirandés,21,2001,16,13,1196,13.3,0,0,0,0,0,0,1,0,0.00,0.00,0.00,0.00,0.00,Matches
392,Javier Mier,es ESP,"MF,FW",Oviedo,23,1999,10,4,367,4.1,0,0,0,0,0,0,2,0,0.00,0.00,0.00,0.00,0.00,Matches
393,Miguel,es ESP,FW,Alavés,22,1999,33,25,2028,22.5,4,4,8,4,0,0,5,0,0.18,0.18,0.36,0.18,0.36,Matches
394,Miguel,es ESP,DF,Villarreal B,25,1997,30,25,2185,24.3,1,2,3,1,0,0,6,0,0.04,0.08,0.12,0.04,0.12,Matches
395,Florian Miguel,fr FRA,DF,Huesca,25,1996,37,37,3196,35.5,1,1,2,1,0,0,7,1,0.03,0.03,0.06,0.03,0.06,Matches
396,Leonel Miguel,nl NED,DF,Sporting Gijón,21,2001,2,1,47,0.5,0,0,0,0,0,0,0,0,0.00,0.00,0.00,0.00,0.00,Matches
397,Miki,es ESP,"MF,DF",Ibiza,25,1996,15,5,578,6.4,1,1,2,1,0,0,1,0,0.16,0.16,0.31,0.16,0.31,Matches
398,Álex Millán,es ESP,FW,Villarreal B,22,1999,20,16,1336,14.8,4,4,8,3,1,1,3,0,0.27,0.27,0.54,0.20,0.47,Matches
399,Uroš Milovanović,rs SRB,FW,Sporting Gijón,21,2000,12,2,351,3.9,0,0,0,0,0,0,3,0,0.00,0.00,0.00,0.00,0.00,Matches
400,Ignasi Miquel,es ESP,DF,Granada,29,1992,33,30,2650,29.4,0,1,1,0,0,0,9,0,0.00,0.03,0.03,0.00,0.03,Matches
Rk,Player,Nation,Pos,Squad,Age,Born,MP,Starts,Min,90s,Gls,Ast,G+A,G-PK,PK,PKatt,CrdY,CrdR,Gls,Ast,G+A,G-PK,G+A-PK,Matches
401,Jorge Miramón,es ESP,"DF,MF",Leganés,33,1989,40,39,3448,38.3,1,2,3,1,0,0,8,0,0.03,0.05,0.08,0.03,0.08,Matches
402,Dauda Mohammed,gh GHA,MF,Tenerife,24,1998,27,11,1089,12.1,4,2,6,4,0,0,5,1,0.33,0.17,0.50,0.33,0.50,Matches
403,Alberto Moleiro,es ESP,MF,Las Palmas,18,2003,40,32,2692,29.9,0,8,8,0,0,0,4,0,0.00,0.27,0.27,0.00,0.27,Matches
404,Arturo Molina,es ESP,MF,Racing Sant,26,1996,22,8,745,8.3,1,0,1,1,0,0,3,0,0.12,0.00,0.12,0.12,0.12,Matches
405,Jorge Molina,es ESP,FW,Granada,40,1982,25,12,1046,11.6,3,1,4,3,0,0,1,0,0.26,0.09,0.34,0.26,0.34,Matches
406,Manu Molina,es ESP,MF,Zaragoza,30,1991,25,14,1331,14.8,0,0,0,0,0,0,4,0,0.00,0.00,0.00,0.00,0.00,Matches
407,Sergio Molina,es ESP,MF,FC Andorra,26,1996,29,23,1841,20.5,2,1,3,2,0,0,6,1,0.10,0.05,0.15,0.10,0.15,Matches
408,Victor Mollejo,es ESP,"FW,MF",Zaragoza,21,2001,28,19,1593,17.7,3,2,5,3,0,0,4,0,0.17,0.11,0.28,0.17,0.28,Matches
409,Joni Montiel,es ESP,"MF,FW",Levante,23,1998,39,29,2486,27.6,7,3,10,5,2,3,10,0,0.25,0.11,0.36,0.18,0.29,Matches
410,Ángel Montoro,es ESP,MF,Oviedo,34,1988,28,15,1672,18.6,1,1,2,1,0,0,8,0,0.05,0.05,0.11,0.05,0.11,Matches
411,Wesley Moraes,br BRA,FW,Levante,25,1996,36,15,1527,17.0,3,2,5,3,0,1,7,0,0.18,0.12,0.29,0.18,0.29,Matches
412,Erik Morán,es ESP,MF,Ponferradina,31,1991,25,18,1428,15.9,0,0,0,0,0,0,6,0,0.00,0.00,0.00,0.00,0.00,Matches
413,Iván Morante,es ESP,MF,Ibiza,21,2001,32,18,1615,17.9,1,1,2,1,0,0,10,1,0.06,0.06,0.11,0.06,0.11,Matches
414,Pol Moreno,es ESP,DF,Racing Sant,28,1994,33,26,2396,26.6,1,0,1,1,0,0,2,0,0.04,0.00,0.04,0.04,0.04,Matches
415,Simón Moreno,es ESP,FW,Mirandés,25,1997,6,0,126,1.4,0,0,0,0,0,0,1,0,0.00,0.00,0.00,0.00,0.00,Matches
416,Dani Morer,es ESP,DF,FC Andorra,24,1998,12,7,659,7.3,0,0,0,0,0,0,1,1,0.00,0.00,0.00,0.00,0.00,Matches
417,Raúl Moro,es ESP,MF,Oviedo,19,2002,16,6,566,6.3,0,1,1,0,0,0,3,0,0.00,0.16,0.16,0.00,0.16,Matches
418,Loren Morón,es ESP,FW,Las Palmas,28,1993,11,6,479,5.3,1,0,1,1,0,1,2,0,0.19,0.00,0.19,0.19,0.19,Matches
419,Mohamed Moukhliss,es ESP,MF,FC Andorra,22,2000,9,4,340,3.8,0,1,1,0,0,0,0,0,0.00,0.26,0.26,0.00,0.26,Matches
420,Toni Moya,es ESP,MF,Alavés,24,1998,39,14,1656,18.4,3,4,7,3,0,0,4,0,0.16,0.22,0.38,0.16,0.38,Matches
421,Sebas Moyano,es ESP,"FW,MF",Lugo,25,1997,41,31,2796,31.1,5,0,5,5,0,0,1,0,0.16,0.00,0.16,0.16,0.16,Matches
422,Samuel Mráz,sk SVK,FW,Mirandés,25,1997,11,1,207,2.3,0,0,0,0,0,0,0,0,0.00,0.00,0.00,0.00,0.00,Matches
423,Mumo,es ESP,MF,Burgos,27,1995,39,21,2058,22.9,3,1,4,3,0,0,10,0,0.13,0.04,0.17,0.13,0.17,Matches
424,Álex Muñoz,es ESP,DF,Levante,28,1994,34,27,2540,28.2,0,1,1,0,0,0,8,0,0.00,0.04,0.04,0.00,0.04,Matches
425,Javier Muñoz,es ESP,MF,Eibar,27,1995,37,25,2293,25.5,0,2,2,0,0,0,8,3,0.00,0.08,0.08,0.00,0.08,Matches
Rk,Player,Nation,Pos,Squad,Age,Born,MP,Starts,Min,90s,Gls,Ast,G+A,G-PK,PK,PKatt,CrdY,CrdR,Gls,Ast,G+A,G-PK,G+A-PK,Matches
426,Joaquín Muñoz,es ESP,"FW,MF",Huesca,23,1999,22,14,1100,12.2,3,2,5,3,0,0,4,0,0.25,0.16,0.41,0.25,0.41,Matches
427,Juan Muñoz,es ESP,FW,Leganés,26,1995,31,22,1743,19.4,7,1,8,6,1,1,6,1,0.36,0.05,0.41,0.31,0.36,Matches
428,Luis Muñoz,es ESP,MF,Málaga,25,1997,30,15,1348,15.0,1,1,2,1,0,0,8,1,0.07,0.07,0.13,0.07,0.13,Matches
429,Diego Murillo,es ESP,DF,Málaga,21,2001,1,0,1,0.0,0,0,0,0,0,0,0,0,0.00,0.00,0.00,0.00,0.00,Matches
430,Charly Musonda Jr.,be BEL,MF,Levante,25,1996,17,2,380,4.2,0,0,0,0,0,0,4,0,0.00,0.00,0.00,0.00,0.00,Matches
431,Shkodran Mustafi,de GER,DF,Levante,30,1992,3,2,110,1.2,1,0,1,1,0,0,0,0,0.82,0.00,0.82,0.82,0.82,Matches
432,Damián Musto,ar ARG,MF,Cartagena,35,1987,36,32,2500,27.8,1,1,2,1,0,0,16,2,0.04,0.04,0.07,0.04,0.07,Matches
433,Alfred N'Diaye,sn SEN,MF,Málaga,32,1990,22,18,1610,17.9,0,0,0,0,0,0,12,0,0.00,0.00,0.00,0.00,0.00,Matches
434,Nacho,es ESP,DF,Tenerife,33,1989,36,33,2908,32.3,2,5,7,1,1,1,15,1,0.06,0.15,0.22,0.03,0.19,Matches
435,Tomeu Nadal,es ESP,GK,Oviedo,33,1989,17,16,1486,16.5,0,0,0,0,0,0,0,0,0.00,0.00,0.00,0.00,0.00,Matches
436,Naranjo,es ESP,"MF,FW",Ponferradina,28,1994,36,23,2109,23.4,3,2,5,2,1,1,7,0,0.13,0.09,0.21,0.09,0.17,Matches
437,Juanjo Narváez,co COL,"MF,FW",Leganés,27,1995,12,6,542,6.0,0,0,0,0,0,0,1,0,0.00,0.00,0.00,0.00,0.00,Matches
438,Juanjo Narváez,co COL,FW,Zaragoza,27,1995,3,2,157,1.7,0,0,0,0,0,0,0,0,0.00,0.00,0.00,0.00,0.00,Matches
439,Raúl Navarro,es ESP,"MF,DF",Burgos,28,1994,38,23,2144,23.8,0,1,1,0,0,0,6,0,0.00,0.04,0.04,0.00,0.04,Matches
440,Sergio Navarro,es ESP,FW,Leganés,21,2001,3,0,48,0.5,0,0,0,0,0,0,0,0,0.00,0.00,0.00,0.00,0.00,Matches
441,Raúl Navas,es ESP,DF,Mirandés,34,1988,27,24,2170,24.1,1,3,4,1,0,0,6,0,0.04,0.12,0.17,0.04,0.17,Matches
442,Neeskens,es ESP,FW,Cartagena,20,2001,3,0,18,0.2,0,0,0,0,0,0,0,0,0.00,0.00,0.00,0.00,0.00,Matches
443,Carlos Neva,es ESP,DF,Granada,26,1996,27,26,2259,25.1,2,3,5,2,0,0,2,0,0.08,0.12,0.20,0.08,0.20,Matches
444,Yvan Neyou,cm CMR,MF,Leganés,25,1997,21,10,981,10.9,0,1,1,0,0,0,2,1,0.00,0.09,0.09,0.00,0.09,Matches
445,Carlos Nieto,es ESP,DF,Zaragoza,26,1996,24,21,1898,21.1,0,1,1,0,0,0,5,1,0.00,0.05,0.05,0.00,0.05,Matches
446,Juanjo Nieto,es ESP,MF,Huesca,27,1994,6,3,249,2.8,0,0,0,0,0,0,1,0,0.00,0.00,0.00,0.00,0.00,Matches
447,Fernando Niño,es ESP,FW,Villarreal B,21,2000,39,32,2519,28.0,4,3,7,4,0,0,2,0,0.14,0.11,0.25,0.14,0.25,Matches
448,Peru Nolaskoain,es ESP,MF,Eibar,23,1998,32,20,1939,21.5,2,2,4,2,0,0,9,0,0.09,0.09,0.19,0.09,0.19,Matches
449,Nolito,es ESP,"MF,FW",Ibiza,35,1986,27,11,1107,12.3,1,1,2,1,0,0,5,0,0.08,0.08,0.16,0.08,0.16,Matches
450,Kelechi Nwakali,ng NGA,MF,Ponferradina,24,1998,36,30,2701,30.0,1,4,5,1,0,0,11,0,0.03,0.13,0.17,0.03,0.17,Matches
Rk,Player,Nation,Pos,Squad,Age,Born,MP,Starts,Min,90s,Gls,Ast,G+A,G-PK,PK,PKatt,CrdY,CrdR,Gls,Ast,G+A,G-PK,G+A-PK,Matches
451,Allan Nyom,cm CMR,DF,Leganés,34,1988,36,32,2856,31.7,1,1,2,1,0,0,12,0,0.03,0.03,0.06,0.03,0.06,Matches
452,Samuel Obeng,gh GHA,FW,Huesca,25,1997,17,13,1259,14.0,5,1,6,5,0,0,0,0,0.36,0.07,0.43,0.36,0.43,Matches
453,Samuel Obeng,gh GHA,"FW,MF",Oviedo,25,1997,22,8,816,9.1,1,0,1,1,0,0,3,0,0.11,0.00,0.11,0.11,0.11,Matches
454,Dani Ojeda,es ESP,MF,Ponferradina,27,1994,37,31,2726,30.3,5,6,11,5,0,0,8,0,0.17,0.20,0.36,0.17,0.36,Matches
455,Thiago Ojeda,ar ARG,"MF,FW",Villarreal B,19,2003,14,6,573,6.4,1,0,1,1,0,0,1,0,0.16,0.00,0.16,0.16,0.16,Matches
456,Lander Olaetxea,es ESP,MF,Albacete,29,1993,39,39,3352,37.2,3,3,6,3,0,0,10,0,0.08,0.08,0.16,0.08,0.16,Matches
457,Kiko Olivas,es ESP,DF,Cartagena,33,1988,25,24,2008,22.3,1,0,1,1,0,0,0,0,0.04,0.00,0.04,0.04,0.04,Matches
458,Víctor Olmo,es ESP,DF,Málaga,21,2001,3,1,99,1.1,0,0,0,0,0,0,0,0,0.00,0.00,0.00,0.00,0.00,Matches
459,Kenneth Omeruo,ng NGA,DF,Leganés,28,1993,22,19,1560,17.3,1,1,2,1,0,0,3,0,0.06,0.06,0.12,0.06,0.12,Matches
460,Cedric Omoigui,ng NGA,FW,Racing Sant,27,1994,8,1,155,1.7,1,1,2,1,0,0,0,0,0.58,0.58,1.16,0.58,1.16,Matches
461,Javier Ontiveros,es ESP,MF,Villarreal B,24,1997,25,10,1042,11.6,3,2,5,0,3,3,4,0,0.26,0.17,0.43,0.00,0.17,Matches
462,Jandro Orellana,es ESP,MF,FC Andorra,21,2000,26,12,1274,14.2,0,2,2,0,0,0,4,0,0.00,0.14,0.14,0.00,0.14,Matches
463,Alfredo Ortuño,es ESP,FW,Cartagena,31,1991,37,14,1686,18.7,9,0,9,7,2,3,1,0,0.48,0.00,0.48,0.37,0.37,Matches
464,Bilal Ouacharaf,ma MAR,FW,Málaga,20,2002,1,0,33,0.4,0,0,0,0,0,0,1,0,0.00,0.00,0.00,0.00,0.00,Matches
465,Jesús Owono,gq EQG,GK,Alavés,21,2001,1,1,90,1.0,0,0,0,0,0,0,0,0,0.00,0.00,0.00,0.00,0.00,Matches
466,Antonio Pacheco,es ESP,"MF,FW",Villarreal B,20,2002,33,9,1166,13.0,3,0,3,3,0,0,4,1,0.23,0.00,0.23,0.23,0.23,Matches
467,Ignacio Pais,ar ARG,MF,Cartagena,22,2000,1,0,3,0.0,0,0,0,0,0,0,0,0,0.00,0.00,0.00,0.00,0.00,Matches
468,Andrés Palacios,es ESP,MF,Ibiza,17,2005,1,0,9,0.1,0,0,0,0,0,0,0,0,0.00,0.00,0.00,0.00,0.00,Matches
469,Diego Pampín,es ESP,"DF,MF",FC Andorra,22,2000,31,24,2159,24.0,0,2,2,0,0,0,2,0,0.00,0.08,0.08,0.00,0.08,Matches
470,Joaquín Panichelli,ar ARG,FW,Alavés,19,2002,2,0,20,0.2,0,0,0,0,0,0,0,0,0.00,0.00,0.00,0.00,0.00,Matches
471,Aleksandar Pantić,rs SRB,DF,Lugo,30,1992,10,7,594,6.6,0,0,0,0,0,0,3,0,0.00,0.00,0.00,0.00,0.00,Matches
472,Rubén Pardo,es ESP,MF,Leganés,29,1992,34,20,1863,20.7,1,3,4,1,0,0,6,0,0.05,0.14,0.19,0.05,0.19,Matches
473,Miquel Parera,es ESP,GK,Racing Sant,26,1996,37,37,3261,36.2,0,0,0,0,0,0,3,1,0.00,0.00,0.00,0.00,0.00,Matches
474,Raúl Parra,es ESP,DF,Mirandés,22,1999,19,13,1161,12.9,0,0,0,0,0,0,1,0,0.00,0.00,0.00,0.00,0.00,Matches
475,Germán Parreño,es ESP,GK,Ibiza,29,1993,5,5,441,4.9,0,0,0,0,0,0,2,0,0.00,0.00,0.00,0.00,0.00,Matches
Rk,Player,Nation,Pos,Squad,Age,Born,MP,Starts,Min,90s,Gls,Ast,G+A,G-PK,PK,PKatt,CrdY,CrdR,Gls,Ast,G+A,G-PK,G+A-PK,Matches
476,Piotr Parzyszek,pl POL,FW,Leganés,28,1993,9,2,253,2.8,0,0,0,0,0,0,1,0,0.00,0.00,0.00,0.00,0.00,Matches
477,Alexandru Pașcanu,ro ROU,DF,Ponferradina,23,1998,36,34,3059,34.0,2,3,5,2,0,0,10,0,0.06,0.09,0.15,0.06,0.15,Matches
478,Martín Pascual,es ESP,DF,Ibiza,22,1999,34,32,2772,30.8,0,0,0,0,0,0,10,0,0.00,0.00,0.00,0.00,0.00,Matches
479,Alex Pastor,es ESP,DF,FC Andorra,22,1999,21,13,1245,13.8,1,0,1,1,0,0,0,2,0.07,0.00,0.07,0.07,0.07,Matches
480,Marcos Paulo,br BRA,"MF,FW",Mirandés,21,2001,13,7,655,7.3,1,2,3,1,0,0,0,0,0.14,0.27,0.41,0.14,0.41,Matches
481,Pejiño,es ESP,MF,Las Palmas,26,1996,33,24,1845,20.5,6,4,10,6,0,0,3,0,0.29,0.20,0.49,0.29,0.49,Matches
482,Peque,es ESP,"FW,MF",Racing Sant,19,2002,23,5,580,6.4,1,2,3,0,1,1,3,0,0.16,0.31,0.47,0.00,0.31,Matches
483,Alberto Perea,es ESP,MF,Granada,31,1990,21,3,666,7.4,2,1,3,2,0,0,1,0,0.27,0.14,0.41,0.27,0.41,Matches
484,Luis Perea,es ESP,MF,Leganés,24,1997,1,1,87,1.0,0,0,0,0,0,0,1,0,0.00,0.00,0.00,0.00,0.00,Matches
485,Álex Pérez,es ESP,DF,Lugo,30,1991,6,5,452,5.0,0,0,0,0,0,0,0,0,0.00,0.00,0.00,0.00,0.00,Matches
486,Hugo Perez,es ESP,DF,Villarreal B,19,2002,6,5,456,5.1,0,0,0,0,0,0,4,0,0.00,0.00,0.00,0.00,0.00,Matches
487,Njegoš Petrović,rs SRB,MF,Granada,23,1999,26,18,1542,17.1,0,1,1,0,0,0,3,0,0.00,0.06,0.06,0.00,0.06,Matches
488,Radosav Petrović,rs SRB,"MF,DF",Zaragoza,33,1989,9,3,242,2.7,0,0,0,0,0,0,5,1,0.00,0.00,0.00,0.00,0.00,Matches
489,Alex Petxa,es ESP,DF,FC Andorra,25,1997,13,10,790,8.8,0,1,1,0,0,0,2,0,0.00,0.11,0.11,0.00,0.11,Matches
490,Óscar Pinchi,es ESP,"FW,MF",Mirandés,26,1996,38,33,2631,29.2,6,2,8,6,0,0,4,0,0.21,0.07,0.27,0.21,0.27,Matches
491,Bruno Pires,br BRA,DF,Lugo,30,1992,8,6,485,5.4,0,0,0,0,0,0,3,0,0.00,0.00,0.00,0.00,0.00,Matches
492,Jordi Pola,es ESP,DF,Sporting Gijón,22,2000,7,3,388,4.3,0,0,0,0,0,0,0,0,0.00,0.00,0.00,0.00,0.00,Matches
493,Carlos Pomares Rayo,es ESP,DF,Oviedo,29,1992,15,8,720,8.0,0,0,0,0,0,0,2,0,0.00,0.00,0.00,0.00,0.00,Matches
494,Jorge Pombo,es ESP,MF,Racing Sant,28,1994,32,26,2126,23.6,4,1,5,2,2,4,7,2,0.17,0.04,0.21,0.08,0.13,Matches
495,Sergio Postigo,es ESP,DF,Levante,33,1988,21,18,1557,17.3,0,0,0,0,0,0,6,0,0.00,0.00,0.00,0.00,0.00,Matches
496,Darío Poveda,es ESP,"MF,FW",Cartagena,25,1997,15,8,702,7.8,3,0,3,3,0,0,2,0,0.38,0.00,0.38,0.38,0.38,Matches
497,Darío Poveda,es ESP,"FW,MF",Ibiza,25,1997,18,10,769,8.5,1,1,2,1,0,0,0,0,0.12,0.12,0.23,0.12,0.23,Matches
498,Beñat Prados,es ESP,"MF,DF",Mirandés,21,2001,39,30,2557,28.4,0,2,2,0,0,0,9,1,0.00,0.07,0.07,0.00,0.07,Matches
499,Miguel Prendes,es ESP,MF,Oviedo,21,2001,15,5,553,6.1,0,0,0,0,0,0,2,0,0.00,0.00,0.00,0.00,0.00,Matches
500,Marc Pubill,es ESP,DF,Levante,19,2003,24,18,1516,16.8,1,0,1,1,0,0,4,0,0.06,0.00,0.06,0.06,0.06,Matches
Rk,Player,Nation,Pos,Squad,Age,Born,MP,Starts,Min,90s,Gls,Ast,G+A,G-PK,PK,PKatt,CrdY,CrdR,Gls,Ast,G+A,G-PK,G+A-PK,Matches
501,Miguel Puche García,es ESP,"FW,MF",Zaragoza,21,2001,36,10,1190,13.2,1,0,1,1,0,0,3,0,0.08,0.00,0.08,0.08,0.08,Matches
502,Antonio Puertas,es ESP,"MF,FW",Granada,30,1992,35,25,2205,24.5,4,5,9,4,0,0,4,0,0.16,0.20,0.37,0.16,0.37,Matches
503,Ricard Pujol,es ESP,DF,Ponferradina,24,1998,2,1,132,1.5,0,0,0,0,0,0,0,0,0.00,0.00,0.00,0.00,0.00,Matches
504,Jorge Pulido,es ESP,DF,Huesca,31,1991,37,36,3089,34.3,2,1,3,2,0,0,7,2,0.06,0.03,0.09,0.06,0.09,Matches
505,Ruben Pulido Peñas,es ESP,DF,Huesca,21,2000,16,14,1290,14.3,0,0,0,0,0,0,5,1,0.00,0.00,0.00,0.00,0.00,Matches
506,Yacine Qasmi,ma MAR,FW,Leganés,31,1991,29,5,561,6.2,2,0,2,1,1,1,5,1,0.32,0.00,0.32,0.16,0.16,Matches
507,Dani Queipo,es ESP,"MF,FW",Sporting Gijón,20,2002,31,20,1605,17.8,3,0,3,3,0,0,1,0,0.17,0.00,0.17,0.17,0.17,Matches
508,Quini,es ESP,DF,Granada,32,1989,31,20,1796,20.0,0,1,1,0,0,0,8,0,0.00,0.05,0.05,0.00,0.05,Matches
509,Jairo Quinteros,bo BOL,DF,Zaragoza,21,2001,1,0,13,0.1,0,0,0,0,0,0,1,0,0.00,0.00,0.00,0.00,0.00,Matches
510,Quique,es ESP,"MF,FW",Eibar,32,1990,30,7,815,9.1,4,1,5,3,1,1,1,0,0.44,0.11,0.55,0.33,0.44,Matches
511,Dani Raba,es ESP,"FW,MF",Leganés,26,1995,31,20,1676,18.6,4,3,7,4,0,0,10,0,0.21,0.16,0.38,0.21,0.38,Matches
512,Yanis Rahmani,fr FRA,MF,Eibar,27,1995,32,21,1666,18.5,4,0,4,4,0,0,2,0,0.22,0.00,0.22,0.22,0.22,Matches
513,Hugo Rama,es ESP,"MF,FW",Oviedo,25,1996,34,24,1989,22.1,0,1,1,0,0,0,4,0,0.00,0.05,0.05,0.00,0.05,Matches
514,Jonás Ramalho,es ESP,DF,Málaga,29,1993,27,23,2083,23.1,0,0,0,0,0,0,1,0,0.00,0.00,0.00,0.00,0.00,Matches
515,Benito Ramírez,es ESP,MF,Las Palmas,27,1995,14,2,440,4.9,1,1,2,1,0,0,0,0,0.20,0.20,0.41,0.20,0.41,Matches
516,Sandro Ramírez,es ESP,"FW,MF",Las Palmas,27,1995,21,12,1211,13.5,7,3,10,7,0,0,4,0,0.52,0.22,0.74,0.52,0.74,Matches
517,Ramón,es ESP,GK,Mirandés,22,1999,9,9,796,8.8,0,0,0,0,0,0,0,0,0.00,0.00,0.00,0.00,0.00,Matches
518,Chris Ramos,es ESP,FW,Lugo,25,1997,24,21,1899,21.1,7,0,7,7,0,1,4,1,0.33,0.00,0.33,0.33,0.33,Matches
519,Alejandro Ramos Rodriguez,es ESP,MF,Lugo,22,2000,1,0,21,0.2,0,0,0,0,0,0,0,0,0.00,0.00,0.00,0.00,0.00,Matches
520,Abraham Rando,es ESP,DF,Villarreal B,21,2001,12,8,811,9.0,0,0,0,0,0,0,1,0,0.00,0.00,0.00,0.00,0.00,Matches
521,Andrei Ratiu,ro ROU,"DF,MF",Huesca,24,1998,38,38,3345,37.2,1,5,6,1,0,0,4,0,0.03,0.13,0.16,0.03,0.16,Matches
522,Álvaro Ratón,es ESP,GK,Zaragoza,29,1993,5,5,450,5.0,0,0,0,0,0,0,0,0,0.00,0.00,0.00,0.00,0.00,Matches
523,Nico Ratti,it ITA,GK,FC Andorra,28,1993,20,20,1800,20.0,0,0,0,0,0,0,0,0,0.00,0.00,0.00,0.00,0.00,Matches
524,Raúl,es ESP,FW,Mirandés,21,2000,39,38,3224,35.8,19,7,26,16,3,3,3,0,0.53,0.20,0.73,0.45,0.64,Matches
525,Abde Rebbach,dz ALG,"MF,FW",Alavés,23,1998,19,11,860,9.6,2,1,3,2,0,0,2,0,0.21,0.10,0.31,0.21,0.31,Matches
Rk,Player,Nation,Pos,Squad,Age,Born,MP,Starts,Min,90s,Gls,Ast,G+A,G-PK,PK,PKatt,CrdY,CrdR,Gls,Ast,G+A,G-PK,G+A-PK,Matches
526,Rebollo,es ESP,GK,Zaragoza,22,1999,2,2,180,2.0,0,0,0,0,0,0,0,0,0.00,0.00,0.00,0.00,0.00,Matches
527,Hugo Redón,es ESP,MF,Levante,19,2003,1,0,1,0.0,0,0,0,0,0,0,0,0,0.00,0.00,0.00,0.00,0.00,Matches
528,Manolo Reina,es ESP,GK,Málaga,37,1985,13,13,1170,13.0,0,0,0,0,0,0,5,1,0.00,0.00,0.00,0.00,0.00,Matches
529,Daniel Requena,es ESP,MF,Villarreal B,18,2004,1,0,12,0.1,0,0,0,0,0,0,0,0,0.00,0.00,0.00,0.00,0.00,Matches
530,Oriol Rey,es ESP,MF,Mirandés,24,1998,41,38,3317,36.9,0,2,2,0,0,0,6,0,0.00,0.05,0.05,0.00,0.05,Matches
531,José Ricardo,br BRA,DF,Lugo,23,1998,30,24,2174,24.2,0,3,3,0,0,0,11,0,0.00,0.12,0.12,0.00,0.12,Matches
532,Manuel Rico,es ESP,"MF,FW",Huesca,19,2003,4,2,121,1.3,0,0,0,0,0,0,1,0,0.00,0.00,0.00,0.00,0.00,Matches
533,Mikel Rico,es ESP,MF,Cartagena,37,1984,37,24,2200,24.4,3,0,3,3,0,0,4,0,0.12,0.00,0.12,0.12,0.12,Matches
534,Asier Riesgo,es ESP,GK,Leganés,38,1983,33,32,2909,32.3,0,1,1,0,0,0,1,0,0.00,0.03,0.03,0.00,0.03,Matches
535,Luis Rioja,es ESP,"MF,FW",Alavés,28,1993,38,34,3140,34.9,10,4,14,9,1,1,6,1,0.29,0.11,0.40,0.26,0.37,Matches
536,Cristian Rivera,es ESP,MF,Sporting Gijón,25,1997,24,16,1515,16.8,0,1,1,0,0,0,7,0,0.00,0.06,0.06,0.00,0.06,Matches
537,Rober,es ESP,DF,Levante,27,1995,34,30,2756,30.6,0,0,0,0,0,0,3,0,0.00,0.00,0.00,0.00,0.00,Matches
538,Rubén Rochina,es ESP,MF,Granada,31,1991,8,3,225,2.5,0,0,0,0,0,0,2,0,0.00,0.00,0.00,0.00,0.00,Matches
539,Ángel Rodado,es ESP,FW,Ibiza,25,1997,1,0,6,0.1,0,0,0,0,0,0,0,0,0.00,0.00,0.00,0.00,0.00,Matches
540,Rodri,es ESP,MF,Albacete,19,2003,10,1,284,3.2,0,0,0,0,0,0,3,0,0.00,0.00,0.00,0.00,0.00,Matches
541,Rodri,es ESP,MF,Villarreal B,19,2003,9,6,507,5.6,0,1,1,0,0,0,1,0,0.00,0.18,0.18,0.00,0.18,Matches
542,Pedro Rodrigues,pt POR,MF,Cartagena,25,1997,17,16,1265,14.1,0,5,5,0,0,0,4,0,0.00,0.36,0.36,0.00,0.36,Matches
543,Álvaro Rodríguez,es ESP,DF,Albacete,28,1994,35,30,2689,29.9,5,3,8,5,0,0,5,1,0.17,0.10,0.27,0.17,0.27,Matches
544,Cesar Rodriguez,ve VEN,MF,Lugo,22,2000,4,0,90,1.0,0,0,0,0,0,0,1,0,0.00,0.00,0.00,0.00,0.00,Matches
545,David Rodríguez,es ESP,DF,Tenerife,22,2000,4,0,45,0.5,0,0,0,0,0,0,1,0,0.00,0.00,0.00,0.00,0.00,Matches
546,Enol Rodríguez,es ESP,FW,Oviedo,21,2001,1,0,45,0.5,0,0,0,0,0,0,0,0,0.00,0.00,0.00,0.00,0.00,Matches
547,Kirian Rodríguez,es ESP,MF,Las Palmas,26,1996,5,4,347,3.9,0,1,1,0,0,0,0,0,0.00,0.26,0.26,0.00,0.26,Matches
548,Rafa Rodríguez,es ESP,MF,Málaga,19,2003,1,0,14,0.2,0,0,0,0,0,0,1,0,0.00,0.00,0.00,0.00,0.00,Matches
549,Riki Rodríguez,es ESP,MF,Albacete,24,1997,37,36,3027,33.6,1,1,2,1,0,0,10,1,0.03,0.03,0.06,0.03,0.06,Matches
550,Genaro Rodríguez Serrano,es ESP,"MF,DF",Málaga,24,1998,19,10,931,10.3,0,0,0,0,0,0,5,1,0.00,0.00,0.00,0.00,0.00,Matches
Rk,Player,Nation,Pos,Squad,Age,Born,MP,Starts,Min,90s,Gls,Ast,G+A,G-PK,PK,PKatt,CrdY,CrdR,Gls,Ast,G+A,G-PK,G+A-PK,Matches
551,Luis Roldán,es ESP,MF,Albacete,19,2003,1,0,32,0.4,0,0,0,0,0,0,0,0,0.00,0.00,0.00,0.00,0.00,Matches
552,San Román,es ESP,GK,Ponferradina,25,1997,5,5,450,5.0,0,0,0,0,0,0,0,0,0.00,0.00,0.00,0.00,0.00,Matches
553,Carlos Romero,es ESP,"DF,MF",Villarreal B,20,2001,24,10,967,10.7,0,2,2,0,0,0,3,0,0.00,0.19,0.19,0.00,0.19,Matches
554,Iván Romero,es ESP,"FW,MF",Tenerife,21,2001,34,28,2371,26.3,4,4,8,4,0,0,6,0,0.15,0.15,0.30,0.15,0.30,Matches
555,Jaime Romero,es ESP,"FW,MF",Cartagena,32,1990,6,0,54,0.6,0,0,0,0,0,0,0,0,0.00,0.00,0.00,0.00,0.00,Matches
556,Guillermo Rosas,es ESP,"DF,MF",Sporting Gijón,22,2000,35,32,2922,32.5,1,1,2,1,0,0,7,1,0.03,0.03,0.06,0.03,0.06,Matches
557,Waldo Rubio,es ESP,MF,Tenerife,26,1995,31,29,2208,24.5,6,2,8,6,0,0,6,0,0.24,0.08,0.33,0.24,0.33,Matches
558,Carlos Ruiz,es ESP,DF,Tenerife,39,1983,13,11,886,9.8,0,0,0,0,0,0,3,1,0.00,0.00,0.00,0.00,0.00,Matches
559,Isma Ruiz,es ESP,MF,Ibiza,21,2001,16,11,966,10.7,0,0,0,0,0,0,5,0,0.00,0.00,0.00,0.00,0.00,Matches
560,Sergio Ruiz,es ESP,MF,Granada,27,1994,19,9,979,10.9,1,1,2,1,0,0,4,1,0.09,0.09,0.18,0.09,0.18,Matches
561,Armando Sadiku,al ALB,FW,Cartagena,31,1991,31,15,1389,15.4,8,0,8,5,3,3,3,0,0.52,0.00,0.52,0.32,0.32,Matches
562,Jorge Sáenz,es ESP,DF,Leganés,25,1996,37,35,3203,35.6,0,0,0,0,0,0,11,0,0.00,0.00,0.00,0.00,0.00,Matches
563,Íñigo Sainz-Maza,es ESP,MF,Racing Sant,24,1998,35,33,2775,30.8,0,2,2,0,0,0,12,3,0.00,0.06,0.06,0.00,0.06,Matches
564,Kike Salas,es ESP,DF,Tenerife,20,2002,7,4,405,4.5,0,0,0,0,0,0,2,0,0.00,0.00,0.00,0.00,0.00,Matches
565,José Salinas,es ESP,"DF,MF",Mirandés,21,2000,41,41,3681,40.9,2,3,5,2,0,0,7,0,0.05,0.07,0.12,0.05,0.12,Matches
566,ALex Salomón,es ESP,DF,Ponferradina,26,1996,17,7,695,7.7,1,0,1,1,0,0,1,0,0.13,0.00,0.13,0.13,0.13,Matches
567,Cristian Salvador,es ESP,MF,Huesca,27,1994,28,22,1952,21.7,0,0,0,0,0,0,10,1,0.00,0.00,0.00,0.00,0.00,Matches
568,Alejandro Sánchez,es ESP,FW,Ibiza,18,2004,3,0,49,0.5,1,0,1,1,0,0,0,0,1.84,0.00,1.84,1.84,1.84,Matches
569,Carlos Sanchez,es ESP,DF,Cartagena,21,2001,1,1,90,1.0,0,0,0,0,0,0,0,0,0.00,0.00,0.00,0.00,0.00,Matches
570,Diego Sánchez,es ESP,"DF,MF",Sporting Gijón,19,2003,20,16,1343,14.9,1,1,2,1,0,0,3,1,0.07,0.07,0.13,0.07,0.13,Matches
571,Germán Sánchez,es ESP,DF,Racing Sant,35,1986,21,20,1678,18.6,1,1,2,1,0,0,5,1,0.05,0.05,0.11,0.05,0.11,Matches
572,Juanlu Sánchez,es ESP,"MF,DF",Mirandés,18,2003,37,33,2781,30.9,2,5,7,2,0,0,4,0,0.06,0.16,0.23,0.06,0.23,Matches
573,Borja Sánchez Laborde,es ESP,MF,Oviedo,26,1996,24,12,1208,13.4,1,2,3,1,0,0,3,0,0.07,0.15,0.22,0.07,0.22,Matches
574,Pepe Sánchez,es ESP,DF,Granada,22,2000,3,1,116,1.3,0,0,0,0,0,0,0,0,0.00,0.00,0.00,0.00,0.00,Matches
575,Ricard Sánchez,es ESP,DF,Granada,22,2000,33,30,2540,28.2,3,2,5,3,0,0,6,0,0.11,0.07,0.18,0.11,0.18,Matches
Rk,Player,Nation,Pos,Squad,Age,Born,MP,Starts,Min,90s,Gls,Ast,G+A,G-PK,PK,PKatt,CrdY,CrdR,Gls,Ast,G+A,G-PK,G+A-PK,Matches
576,Luca Sangalli,es ESP,MF,Cartagena,27,1995,22,6,693,7.7,0,1,1,0,0,0,5,0,0.00,0.13,0.13,0.00,0.13,Matches
577,Marco Sangalli,es ESP,MF,Racing Sant,30,1992,15,5,612,6.8,0,0,0,0,0,0,2,0,0.00,0.00,0.00,0.00,0.00,Matches
578,Marco Sangalli,es ESP,MF,Oviedo,30,1992,10,6,504,5.6,0,1,1,0,0,0,2,0,0.00,0.18,0.18,0.00,0.18,Matches
579,Adrián Sanmartín,es ESP,FW,Cartagena,17,2005,2,0,12,0.1,0,0,0,0,0,0,0,0,0.00,0.00,0.00,0.00,0.00,Matches
580,Pau Sans,es ESP,MF,Zaragoza,17,2004,7,0,120,1.3,0,0,0,0,0,0,0,0,0.00,0.00,0.00,0.00,0.00,Matches
581,Sergio Santos,es ESP,DF,Mirandés,21,2001,6,1,194,2.2,0,0,0,0,0,0,0,0,0.00,0.00,0.00,0.00,0.00,Matches
582,Aitor Sanz,es ESP,MF,Tenerife,37,1984,37,35,2770,30.8,1,0,1,1,0,0,17,1,0.03,0.00,0.03,0.03,0.03,Matches
583,Alvaro Sanz,es ESP,MF,Mirandés,21,2001,15,9,735,8.2,0,1,1,0,0,0,2,1,0.00,0.12,0.12,0.00,0.12,Matches
584,Marcelo Saracchi,uy URU,DF,Levante,24,1998,25,18,1521,16.9,0,0,0,0,0,0,6,1,0.00,0.00,0.00,0.00,0.00,Matches
585,Eneko Satrústegui,es ESP,DF,Racing Sant,31,1990,25,22,1926,21.4,0,0,0,0,0,0,3,0,0.00,0.00,0.00,0.00,0.00,Matches
586,Marko Šćepović,rs SRB,FW,Lugo,31,1991,7,1,177,2.0,0,0,0,0,0,0,0,0,0.00,0.00,0.00,0.00,0.00,Matches
587,Aleksandar Sedlar,rs SRB,"DF,MF",Alavés,30,1991,30,29,2462,27.4,0,0,0,0,0,0,7,0,0.00,0.00,0.00,0.00,0.00,Matches
588,Daniel Selma,es ESP,FW,Tenerife,21,2001,5,0,33,0.4,0,0,0,0,0,0,0,0,0.00,0.00,0.00,0.00,0.00,Matches
589,Josep Señé,es ESP,MF,Lugo,30,1991,33,28,2386,26.5,2,0,2,2,0,0,7,0,0.08,0.00,0.08,0.08,0.08,Matches
590,Leonardo Sequeira,ar ARG,"MF,FW",Oviedo,27,1995,12,2,276,3.1,1,0,1,1,0,0,0,0,0.33,0.00,0.33,0.33,0.33,Matches
591,Patrick Sequeira,cr CRC,GK,Lugo,23,1999,4,4,360,4.0,0,0,0,0,0,0,2,0,0.00,0.00,0.00,0.00,0.00,Matches
592,Sergi,es ESP,DF,Leganés,30,1992,33,31,2748,30.5,1,1,2,1,0,0,3,0,0.03,0.03,0.07,0.03,0.07,Matches
593,Francho Serrano,es ESP,MF,Zaragoza,20,2001,36,28,2486,27.6,1,1,2,1,0,0,3,0,0.04,0.04,0.07,0.04,0.07,Matches
594,Javier Serrano,es ESP,"MF,DF",Ibiza,19,2003,15,14,1215,13.5,0,0,0,0,0,0,4,0,0.00,0.00,0.00,0.00,0.00,Matches
595,Javier Serrano,es ESP,MF,Mirandés,19,2003,9,2,232,2.6,0,0,0,0,0,0,0,0,0.00,0.00,0.00,0.00,0.00,Matches
596,Nicolás Serrano,es ESP,"MF,FW",Mirandés,19,2003,16,10,871,9.7,0,1,1,0,0,0,1,0,0.00,0.10,0.10,0.00,0.10,Matches
597,Mario Sesé,es ESP,MF,Oviedo,19,2002,1,1,45,0.5,0,0,0,0,0,0,0,0,0.00,0.00,0.00,0.00,0.00,Matches
598,Salva Sevilla,es ESP,MF,Alavés,38,1984,36,28,2301,25.6,3,2,5,0,3,4,12,0,0.12,0.08,0.20,0.00,0.08,Matches
599,Armando Shashoua,eng ENG,MF,Ibiza,21,2000,10,4,410,4.6,0,0,0,0,0,0,1,0,0.00,0.00,0.00,0.00,0.00,Matches
600,Samuel Shashoua,eng ENG,"FW,MF",Tenerife,23,1999,13,5,568,6.3,1,1,2,1,0,0,1,0,0.16,0.16,0.32,0.16,0.32,Matches
Rk,Player,Nation,Pos,Squad,Age,Born,MP,Starts,Min,90s,Gls,Ast,G+A,G-PK,PK,PKatt,CrdY,CrdR,Gls,Ast,G+A,G-PK,G+A-PK,Matches
601,Gaku Shibasaki,jp JPN,MF,Leganés,30,1992,30,18,1745,19.4,0,1,1,0,0,0,4,1,0.00,0.05,0.05,0.00,0.05,Matches
602,Sidnei,br BRA,DF,Las Palmas,32,1989,19,13,1095,12.2,1,0,1,1,0,0,2,0,0.08,0.00,0.08,0.08,0.08,Matches
603,Óscar Sielva,es ESP,MF,Huesca,30,1991,23,14,1282,14.2,2,1,3,2,0,0,7,0,0.14,0.07,0.21,0.14,0.21,Matches
604,Grego Sierra,es ESP,DF,Burgos,29,1993,25,21,1835,20.4,1,0,1,1,0,0,13,0,0.05,0.00,0.05,0.05,0.05,Matches
605,Jonathan Silva,ar ARG,"DF,MF",Granada,28,1994,12,5,514,5.7,0,0,0,0,0,0,1,0,0.00,0.00,0.00,0.00,0.00,Matches
606,Matheus Pereira da Silva,br BRA,MF,Eibar,24,1998,39,37,3199,35.5,2,2,4,2,0,0,15,0,0.06,0.06,0.11,0.06,0.11,Matches
607,Giuliano Simeone,ar ARG,FW,Zaragoza,19,2002,36,32,2804,31.2,9,3,12,9,0,0,6,1,0.29,0.10,0.39,0.29,0.39,Matches
608,Nikola Šipčić,me MNE,DF,Tenerife,27,1995,30,22,2108,23.4,1,0,1,1,0,0,7,0,0.04,0.00,0.04,0.04,0.04,Matches
609,Antonio Sivera,es ESP,GK,Alavés,25,1996,41,41,3690,41.0,0,0,0,0,0,0,3,0,0.00,0.00,0.00,0.00,0.00,Matches
610,Patrick Soko,cm CMR,MF,Huesca,24,1997,22,12,876,9.7,0,2,2,0,0,0,3,0,0.00,0.21,0.21,0.00,0.21,Matches
611,Fran Sol,es ESP,FW,Málaga,30,1992,32,13,1232,13.7,3,2,5,2,1,1,2,0,0.22,0.15,0.37,0.15,0.29,Matches
612,Roberto Soldado,es ESP,FW,Levante,37,1985,25,9,912,10.1,2,1,3,1,1,1,8,0,0.20,0.10,0.30,0.10,0.20,Matches
613,Son,es ESP,DF,Levante,28,1994,34,25,2408,26.8,1,0,1,1,0,0,3,0,0.04,0.00,0.04,0.04,0.04,Matches
614,Juan Soriano,es ESP,GK,Tenerife,24,1997,42,42,3780,42.0,0,1,1,0,0,0,4,0,0.00,0.02,0.02,0.00,0.02,Matches
615,Alberto Soro,es ESP,"MF,FW",Granada,23,1999,15,4,429,4.8,0,0,0,0,0,0,1,0,0.00,0.00,0.00,0.00,0.00,Matches
616,Xairo Soto,es ESP,MF,Ibiza,17,2005,1,0,6,0.1,0,0,0,0,0,0,0,0,0.00,0.00,0.00,0.00,0.00,Matches
617,Yuri de Souza,br BRA,FW,Ponferradina,39,1982,37,17,1581,17.6,9,1,10,6,3,3,1,1,0.51,0.06,0.57,0.34,0.40,Matches
618,Stoichkov,es ESP,"MF,FW",Eibar,28,1993,40,36,2984,33.2,12,0,12,9,3,4,12,0,0.36,0.00,0.36,0.27,0.27,Matches
619,Álex Suárez,es ESP,DF,Las Palmas,29,1993,40,38,3043,33.8,1,0,1,1,0,0,9,0,0.03,0.00,0.03,0.03,0.03,Matches
620,Jaime Suárez Juesas,es ESP,MF,Oviedo,25,1996,23,18,1495,16.6,1,0,1,1,0,0,5,0,0.06,0.00,0.06,0.06,0.06,Matches
621,Mamadou Sylla,sn SEN,FW,Alavés,28,1994,19,9,785,8.7,4,1,5,4,0,0,1,1,0.46,0.11,0.57,0.46,0.57,Matches
622,Rodrigo Tarín,es ESP,DF,Oviedo,26,1996,23,23,1997,22.2,1,0,1,1,0,0,7,0,0.05,0.00,0.05,0.05,0.05,Matches
623,Dani Tasende,es ESP,DF,Villarreal B,22,2000,38,33,3005,33.4,3,1,4,3,0,0,6,0,0.09,0.03,0.12,0.09,0.12,Matches
624,Heriberto Tavares,cv CPV,"MF,FW",Ponferradina,25,1997,19,4,436,4.8,0,1,1,0,0,0,4,0,0.00,0.21,0.21,0.00,0.21,Matches
625,Sergio Tejera,es ESP,MF,Cartagena,32,1990,12,5,475,5.3,0,0,0,0,0,0,2,0,0.00,0.00,0.00,0.00,0.00,Matches
Rk,Player,Nation,Pos,Squad,Age,Born,MP,Starts,Min,90s,Gls,Ast,G+A,G-PK,PK,PKatt,CrdY,CrdR,Gls,Ast,G+A,G-PK,G+A-PK,Matches
626,Álvaro Tejero,es ESP,DF,Eibar,26,1996,35,29,2596,28.8,2,1,3,2,0,0,3,0,0.07,0.03,0.10,0.07,0.10,Matches
627,Nahuel Tenaglia,ar ARG,DF,Alavés,26,1996,34,33,2830,31.4,3,1,4,3,0,0,9,0,0.10,0.03,0.13,0.10,0.13,Matches
628,Marc Tenas,es ESP,MF,Alavés,21,2001,1,0,14,0.2,0,0,0,0,0,0,0,0,0.00,0.00,0.00,0.00,0.00,Matches
629,Ramón Terrats,es ESP,MF,Villarreal B,21,2000,5,5,444,4.9,0,0,0,0,0,0,2,0,0.00,0.00,0.00,0.00,0.00,Matches
630,Idrissa Thiam,mr MTN,"MF,FW",Lugo,21,2000,12,3,382,4.2,0,2,2,0,0,0,0,0,0.00,0.47,0.47,0.00,0.47,Matches
631,Fausto Tienza,es ESP,MF,Racing Sant,32,1990,26,13,1196,13.3,0,0,0,0,0,0,6,1,0.00,0.00,0.00,0.00,0.00,Matches
632,David Timor,es ESP,"MF,DF",Huesca,32,1989,35,25,2201,24.5,0,0,0,0,0,0,9,0,0.00,0.00,0.00,0.00,0.00,Matches
633,Pablo Tomeo,es ESP,MF,Huesca,22,2000,19,9,927,10.3,0,0,0,0,0,0,4,0,0.00,0.00,0.00,0.00,0.00,Matches
634,Raúl Torrente,es ESP,DF,Granada,20,2001,2,1,42,0.5,0,0,0,0,0,0,0,0,0.00,0.00,0.00,0.00,0.00,Matches
635,Liberman Torres,ec ECU,MF,Villarreal B,20,2002,4,2,121,1.3,0,0,0,0,0,0,0,0,0.00,0.00,0.00,0.00,0.00,Matches
636,Xavi Torres,es ESP,"DF,MF",Lugo,35,1986,33,31,2630,29.2,2,0,2,1,1,1,8,1,0.07,0.00,0.07,0.03,0.03,Matches
637,Marcos Trabanco,es ESP,DF,Sporting Gijón,21,2001,1,1,73,0.8,0,0,0,0,0,0,1,0,0.00,0.00,0.00,0.00,0.00,Matches
638,Angel Troncho,es ESP,MF,Eibar,19,2002,14,3,344,3.8,0,0,0,0,0,0,1,0,0.00,0.00,0.00,0.00,0.00,Matches
639,Iker Undabarrena,es ESP,MF,Leganés,27,1995,33,32,2568,28.5,0,2,2,0,0,0,7,0,0.00,0.07,0.07,0.00,0.07,Matches
640,Oscar Ureña,do DOM,"MF,FW",Cartagena,19,2003,10,8,646,7.2,0,2,2,0,0,0,2,0,0.00,0.28,0.28,0.00,0.28,Matches
641,Myrto Uzuni,al ALB,"FW,MF",Granada,27,1995,38,35,3032,33.7,22,6,28,15,7,8,6,0,0.65,0.18,0.83,0.45,0.62,Matches
642,Valentín Vada,ar ARG,"MF,FW",Zaragoza,26,1996,37,24,2048,22.8,4,3,7,3,1,2,7,0,0.18,0.13,0.31,0.13,0.26,Matches
643,Álvaro Vadillo,es ESP,MF,Eibar,27,1994,22,3,505,5.6,0,2,2,0,0,0,4,1,0.00,0.36,0.36,0.00,0.36,Matches
644,Pablo Valcarce,es ESP,"MF,FW",Burgos,29,1993,37,17,1607,17.9,0,3,3,0,0,0,4,0,0.00,0.17,0.17,0.00,0.17,Matches
645,Eugeni Valderrama,es ESP,"MF,FW",Zaragoza,28,1994,21,6,604,6.7,0,1,1,0,0,0,1,0,0.00,0.15,0.15,0.00,0.15,Matches
646,Gerard Valentín,es ESP,MF,Huesca,29,1993,38,20,2027,22.5,1,4,5,1,0,0,11,0,0.04,0.18,0.22,0.04,0.22,Matches
647,Pol Valentín,es ESP,"MF,DF",Sporting Gijón,25,1997,22,8,915,10.2,0,2,2,0,0,0,1,0,0.00,0.20,0.20,0.00,0.20,Matches
648,Germán Valera,es ESP,FW,FC Andorra,20,2002,38,28,2361,26.2,2,1,3,2,0,0,3,0,0.08,0.04,0.11,0.08,0.11,Matches
649,Álex Valle,es ESP,DF,FC Andorra,18,2004,7,3,305,3.4,0,0,0,0,0,0,0,0,0.00,0.00,0.00,0.00,0.00,Matches
650,Borja Valle,es ESP,"FW,MF",Cartagena,30,1992,39,27,2304,25.6,6,0,6,6,0,0,4,0,0.23,0.00,0.23,0.23,0.23,Matches
Rk,Player,Nation,Pos,Squad,Age,Born,MP,Starts,Min,90s,Gls,Ast,G+A,G-PK,PK,PKatt,CrdY,CrdR,Gls,Ast,G+A,G-PK,G+A-PK,Matches
651,Hugo Vallejo,es ESP,"MF,FW",Ponferradina,22,2000,29,19,1534,17.0,3,1,4,3,0,0,4,0,0.18,0.06,0.23,0.18,0.23,Matches
652,Manu Vallejo,es ESP,"FW,MF",Oviedo,25,1997,16,9,789,8.8,4,0,4,3,1,1,1,0,0.46,0.00,0.46,0.34,0.34,Matches
653,Álvaro Vallés,es ESP,GK,Las Palmas,25,1997,34,34,3060,34.0,0,0,0,0,0,0,2,0,0.00,0.00,0.00,0.00,0.00,Matches
654,Jonathan Varane,mq MTQ,MF,Sporting Gijón,20,2001,17,10,913,10.1,0,2,2,0,0,0,4,1,0.00,0.20,0.20,0.00,0.20,Matches
655,José Luis García Vayá,es ESP,MF,Levante,23,1998,39,36,3169,35.2,1,2,3,1,0,0,11,1,0.03,0.06,0.09,0.03,0.09,Matches
656,Javier Vázquez López,es ESP,DF,Ibiza,21,2000,34,24,2222,24.7,0,2,2,0,0,0,7,0,0.00,0.08,0.08,0.00,0.08,Matches
657,Pablo Vázquez,es ESP,DF,Cartagena,27,1994,18,16,1435,15.9,1,2,3,1,0,0,6,2,0.06,0.13,0.19,0.06,0.19,Matches
658,Frederico Venâncio,pt POR,DF,Eibar,29,1993,29,24,2301,25.6,1,1,2,1,0,0,6,2,0.04,0.04,0.08,0.04,0.08,Matches
659,Rúben Vezo,pt POR,DF,Levante,28,1994,27,27,2286,25.4,0,0,0,0,0,0,8,0,0.00,0.00,0.00,0.00,0.00,Matches
660,David Vicente,es ESP,DF,Mirandés,23,1999,9,1,230,2.6,0,0,0,0,0,0,1,0,0.00,0.00,0.00,0.00,0.00,Matches
661,Iñigo Vicente,es ESP,MF,Racing Sant,24,1998,40,35,2867,31.9,7,7,14,6,1,3,5,0,0.22,0.22,0.44,0.19,0.41,Matches
662,Fede Vico,es ESP,"MF,FW",Leganés,28,1994,40,15,1705,18.9,1,2,3,0,1,1,5,1,0.05,0.11,0.16,0.00,0.11,Matches
663,Daniel Vidal,es ESP,MF,Lugo,22,2000,3,0,36,0.4,0,0,0,0,0,0,0,0,0.00,0.00,0.00,0.00,0.00,Matches
664,Marc Vidal,es ESP,GK,FC Andorra,22,2000,6,6,540,6.0,0,0,0,0,0,0,0,0,0.00,0.00,0.00,0.00,0.00,Matches
665,Jonathan Viera,es ESP,MF,Las Palmas,32,1989,32,28,2534,28.2,7,5,12,3,4,4,5,0,0.25,0.18,0.43,0.11,0.28,Matches
666,Carlos Vigaray,es ESP,DF,Zaragoza,27,1994,2,0,25,0.3,0,0,0,0,0,0,0,0,0.00,0.00,0.00,0.00,0.00,Matches
667,Martí Vilà,es ESP,DF,FC Andorra,23,1999,18,15,1226,13.6,0,1,1,0,0,0,5,1,0.00,0.07,0.07,0.00,0.07,Matches
668,Adrià Vilanova,es ESP,DF,FC Andorra,25,1997,27,18,1658,18.4,0,3,3,0,0,0,1,0,0.00,0.16,0.16,0.00,0.16,Matches
669,Ignasi Vilarrasa,es ESP,"MF,DF",Huesca,22,1999,29,12,1228,13.6,0,0,0,0,0,0,2,0,0.00,0.00,0.00,0.00,0.00,Matches
670,Fran Villalba,es ESP,"MF,FW",Málaga,24,1998,34,29,2293,25.5,1,2,3,1,0,0,7,0,0.04,0.08,0.12,0.04,0.12,Matches
671,Asier Villalibre,es ESP,FW,Alavés,24,1997,16,8,938,10.4,4,2,6,4,0,0,3,0,0.38,0.19,0.58,0.38,0.58,Matches
672,Juan Villar,es ESP,"FW,MF",Huesca,34,1988,7,0,92,1.0,0,0,0,0,0,0,1,1,0.00,0.00,0.00,0.00,0.00,Matches
673,Viti,es ESP,MF,Oviedo,24,1997,29,25,2113,23.5,2,2,4,2,0,0,1,0,0.09,0.09,0.17,0.09,0.17,Matches
674,Vitolo,es ESP,"FW,MF",Las Palmas,32,1989,8,0,113,1.3,0,0,0,0,0,0,0,1,0.00,0.00,0.00,0.00,0.00,Matches
675,Shon Weissman,il ISR,FW,Granada,26,1996,13,10,765,8.5,1,0,1,1,0,0,1,0,0.12,0.00,0.12,0.12,0.12,Matches
Rk,Player,Nation,Pos,Squad,Age,Born,MP,Starts,Min,90s,Gls,Ast,G+A,G-PK,PK,PKatt,CrdY,CrdR,Gls,Ast,G+A,G-PK,G+A-PK,Matches
676,Óscar Whalley,es ESP,GK,Lugo,28,1994,38,38,3420,38.0,0,0,0,0,0,0,1,0,0.00,0.00,0.00,0.00,0.00,Matches
677,Xeber,es ESP,"MF,FW",Alavés,25,1997,31,18,1529,17.0,4,0,4,4,0,0,1,2,0.24,0.00,0.24,0.24,0.24,Matches
678,Rubén Yáñez,es ESP,GK,Málaga,28,1993,29,29,2610,29.0,0,1,1,0,0,0,2,0,0.00,0.03,0.03,0.00,0.03,Matches
679,Yoel,es ESP,GK,Eibar,33,1988,11,11,990,11.0,0,0,0,0,0,0,0,0,0.00,0.00,0.00,0.00,0.00,Matches
680,Míchel Zabaco,es ESP,DF,Burgos,33,1989,15,10,913,10.1,0,0,0,0,0,0,1,0,0.00,0.00,0.00,0.00,0.00,Matches
681,Alberto Zapater,es ESP,MF,Zaragoza,37,1985,29,15,1352,15.0,1,2,3,1,0,0,4,1,0.07,0.13,0.20,0.07,0.20,Matches
682,Bryan Zaragoza,es ESP,"MF,FW",Granada,20,2001,34,6,1091,12.1,5,0,5,5,0,0,3,0,0.41,0.00,0.41,0.41,0.41,Matches
683,Jorge Zarfino,uy URU,MF,Sporting Gijón,30,1991,27,22,1985,22.1,3,2,5,3,0,0,7,0,0.14,0.09,0.23,0.14,0.23,Matches
684,Ekain Zenitagoia,es ESP,FW,Ibiza,28,1994,39,34,2853,31.7,5,4,9,2,3,4,7,0,0.16,0.13,0.28,0.06,0.19,Matches
685,Luca Zidane,dz ALG,GK,Eibar,24,1998,31,31,2790,31.0,0,0,0,0,0,0,3,0,0.00,0.00,0.00,0.00,0.00,Matches
686,Elady Zorrilla,es ESP,"MF,FW",Tenerife,32,1990,21,7,870,9.7,3,0,3,1,2,2,7,0,0.31,0.00,0.31,0.10,0.10,Matches
687,Loren Zúñiga,gq EQG,"FW,MF",Málaga,19,2003,23,3,501,5.6,0,0,0,0,0,0,4,0,0.00,0.00,0.00,0.00,0.00,Matches
688,Uroš Đurđević,me MNE,FW,Sporting Gijón,28,1994,32,22,1950,21.7,5,1,6,3,2,2,8,0,0.23,0.05,0.28,0.14,0.18,Matches
