Rk,Player,Nation,Pos,Squad,Age,Born,MP,Starts,Min,90s,Gls,Ast,G+A,G-PK,PK,PKatt,CrdY,CrdR,Gls,Ast,G+A,G-PK,G+A-PK,Matches
1,Nabil Aberdin,fr FRA,DF,Getafe,20,2002,2,2,180,2.0,0,0,0,0,0,0,0,0,0.00,0.00,0.00,0.00,0.00,Matches
2,Abner,br BRA,DF,Real Betis,23,2000,23,15,1400,15.6,0,1,1,0,0,0,3,0,0.00,0.06,0.06,0.00,0.06,Matches
3,Abdel Abqar,ma MAR,DF,Alavés,24,1999,27,27,2312,25.7,0,0,0,0,0,0,10,0,0.00,0.00,0.00,0.00,0.00,Matches
4,Marcos Acuña,ar ARG,"DF,MF",Sevilla,31,1991,21,18,1292,14.4,1,2,3,1,0,0,7,0,0.07,0.14,0.21,0.07,0.21,Matches
5,Julen Agirrezabala,es ESP,GK,Athletic Club,22,2000,4,2,238,2.6,0,0,0,0,0,0,0,0,0.00,0.00,0.00,0.00,0.00,Matches
6,Lucien Agoume,fr FRA,MF,Sevilla,21,2002,12,9,777,8.6,0,0,0,0,0,0,3,0,0.00,0.00,0.00,0.00,0.00,Matches
7,Joseph Aidoo,gh GHA,DF,Celta Vigo,27,1995,6,4,407,4.5,0,0,0,0,0,0,0,0,0.00,0.00,0.00,0.00,0.00,Matches
8,Ilias Akhomach,ma MAR,MF,Villarreal,19,2004,31,17,1511,16.8,2,2,4,2,0,0,4,0,0.12,0.12,0.24,0.12,0.24,Matches
9,Sergio Akieme,es ESP,"DF,MF",Almería,25,1997,19,19,1675,18.6,2,0,2,2,0,0,2,0,0.11,0.00,0.11,0.11,0.11,Matches
10,Paul Akouokou,ci CIV,MF,Real Betis,25,1997,2,0,27,0.3,0,0,0,0,0,0,0,0,0.00,0.00,0.00,0.00,0.00,Matches
11,David Alaba,at AUT,DF,Real Madrid,31,1992,14,14,1154,12.8,0,1,1,0,0,0,2,0,0.00,0.08,0.08,0.00,0.08,Matches
12,Raúl Albiol,es ESP,DF,Villarreal,37,1985,26,24,2031,22.6,0,1,1,0,0,0,6,0,0.00,0.04,0.04,0.00,0.04,Matches
13,Rubén Alcaraz,es ESP,MF,Cádiz,32,1991,36,36,3134,34.8,3,1,4,1,2,2,14,0,0.09,0.03,0.11,0.03,0.06,Matches
14,Omar Alderete,py PAR,DF,Getafe,26,1996,31,24,2195,24.4,0,1,1,0,0,0,8,1,0.00,0.04,0.04,0.00,0.04,Matches
15,Iván Alejo,es ESP,MF,Cádiz,28,1995,30,21,1692,18.8,0,2,2,0,0,0,17,0,0.00,0.11,0.11,0.00,0.11,Matches
16,Carles Aleñá,es ESP,MF,Getafe,25,1998,29,10,1020,11.3,1,1,2,1,0,0,6,0,0.09,0.09,0.18,0.09,0.18,Matches
17,Mohamed Ali Cho,fr FRA,FW,Real Sociedad,19,2004,11,1,249,2.8,0,0,0,0,0,0,0,0,0.00,0.00,0.00,0.00,0.00,Matches
18,Tadeo Allende,ar ARG,MF,Celta Vigo,24,1999,10,2,336,3.7,1,0,1,1,0,0,1,0,0.27,0.00,0.27,0.27,0.27,Matches
19,André Almeida,pt POR,"FW,MF",Valencia,23,2000,18,12,965,10.7,2,1,3,2,0,0,0,0,0.19,0.09,0.28,0.19,0.28,Matches
20,Marcos Alonso,es ESP,DF,Barcelona,32,1990,5,3,252,2.8,0,0,0,0,0,0,0,0,0.00,0.00,0.00,0.00,0.00,Matches
21,Adrià Altimira,es ESP,"DF,MF",Villarreal,22,2001,11,10,775,8.6,0,0,0,0,0,0,3,0,0.00,0.00,0.00,0.00,0.00,Matches
22,Sergi Altimira,es ESP,MF,Real Betis,21,2001,14,6,568,6.3,1,0,1,1,0,0,1,0,0.16,0.00,0.16,0.16,0.16,Matches
23,Gastón Álvarez,uy URU,DF,Getafe,23,2000,34,29,2537,28.2,2,0,2,2,0,0,7,0,0.07,0.00,0.07,0.07,0.07,Matches
24,Hugo Álvarez,es ESP,"MF,FW",Celta Vigo,20,2003,12,8,762,8.5,1,1,2,1,0,0,1,0,0.12,0.12,0.24,0.12,0.24,Matches
25,Yeray Álvarez,es ESP,DF,Athletic Club,28,1995,19,14,1152,12.8,0,0,0,0,0,0,1,1,0.00,0.00,0.00,0.00,0.00,Matches
Rk,Player,Nation,Pos,Squad,Age,Born,MP,Starts,Min,90s,Gls,Ast,G+A,G-PK,PK,PKatt,CrdY,CrdR,Gls,Ast,G+A,G-PK,G+A-PK,Matches
26,Selim Amallah,ma MAR,"MF,FW",Valencia,26,1996,20,7,604,6.7,0,1,1,0,0,0,5,1,0.00,0.15,0.15,0.00,0.15,Matches
27,Amath,sn SEN,"FW,MF",Mallorca,27,1996,15,3,394,4.4,0,0,0,0,0,0,2,0,0.00,0.00,0.00,0.00,0.00,Matches
28,Miguel Ángel Rubio,es ESP,DF,Granada,25,1998,19,17,1560,17.3,1,0,1,1,0,0,5,0,0.06,0.00,0.06,0.06,0.06,Matches
29,Fabrizio Angileri,ar ARG,DF,Getafe,29,1994,11,2,164,1.8,0,0,0,0,0,0,2,1,0.00,0.00,0.00,0.00,0.00,Matches
30,Mauro Arambarri,uy URU,MF,Getafe,27,1995,7,3,339,3.8,0,0,0,0,0,0,2,0,0.00,0.00,0.00,0.00,0.00,Matches
31,Jon Aramburu,ve VEN,"DF,MF",Real Sociedad,21,2002,11,5,543,6.0,0,0,0,0,0,0,3,0,0.00,0.00,0.00,0.00,0.00,Matches
32,Julian Araujo,mx MEX,DF,Las Palmas,21,2001,25,15,1462,16.2,1,0,1,1,0,0,5,0,0.06,0.00,0.06,0.06,0.06,Matches
33,Ronald Araújo,uy URU,DF,Barcelona,24,1999,25,21,1997,22.2,1,2,3,1,0,0,6,0,0.05,0.09,0.14,0.05,0.14,Matches
34,Adu Ares,es ESP,MF,Athletic Club,21,2001,12,2,265,2.9,0,0,0,0,0,0,2,0,0.00,0.00,0.00,0.00,0.00,Matches
35,Jesús Areso,es ESP,"DF,MF",Osasuna,24,1999,37,29,2660,29.6,1,6,7,1,0,0,3,0,0.03,0.20,0.24,0.03,0.24,Matches
36,Matias Arezo,uy URU,FW,Granada,20,2002,14,3,369,4.1,0,0,0,0,0,0,1,0,0.00,0.00,0.00,0.00,0.00,Matches
37,Iñigo Arguibide,es ESP,FW,Osasuna,18,2005,1,0,17,0.2,0,0,0,0,0,0,0,0,0.00,0.00,0.00,0.00,0.00,Matches
38,José Arnaiz,es ESP,"FW,MF",Osasuna,28,1995,26,9,929,10.3,2,1,3,2,0,0,3,0,0.19,0.10,0.29,0.19,0.29,Matches
39,Sergio Arribas,es ESP,"MF,FW",Almería,21,2001,34,22,2047,22.7,9,4,13,9,0,0,1,0,0.40,0.18,0.57,0.40,0.57,Matches
40,Kepa Arrizabalaga,es ESP,GK,Real Madrid,28,1994,14,13,1198,13.3,0,0,0,0,0,0,1,0,0.00,0.00,0.00,0.00,0.00,Matches
41,Iago Aspas,es ESP,FW,Celta Vigo,35,1987,35,31,2707,30.1,9,10,19,6,3,5,6,1,0.30,0.33,0.63,0.20,0.53,Matches
42,Ezequiel Ávila,ar ARG,"FW,MF",Osasuna,29,1994,17,10,864,9.6,1,3,4,1,0,0,3,2,0.10,0.31,0.42,0.10,0.42,Matches
43,Ezequiel Ávila,ar ARG,"MF,FW",Real Betis,29,1994,6,4,298,3.3,1,0,1,1,0,0,4,1,0.30,0.00,0.30,0.30,0.30,Matches
44,César Azpilicueta,es ESP,"DF,MF",Atlético Madrid,33,1989,25,14,1423,15.8,0,2,2,0,0,0,4,0,0.00,0.13,0.13,0.00,0.13,Matches
45,Iddrisu Baba,gh GHA,MF,Almería,27,1996,25,14,1430,15.9,0,0,0,0,0,0,5,0,0.00,0.00,0.00,0.00,0.00,Matches
46,Srđan Babić,rs SRB,DF,Almería,27,1996,1,1,90,1.0,0,0,0,0,0,0,0,0,0.00,0.00,0.00,0.00,0.00,Matches
47,Loïc Bade,fr FRA,DF,Sevilla,23,2000,28,27,2277,25.3,0,1,1,0,0,0,5,1,0.00,0.04,0.04,0.00,0.04,Matches
48,Álex Baena,es ESP,"MF,FW",Villarreal,22,2001,34,33,2579,28.7,2,14,16,2,0,1,11,1,0.07,0.49,0.56,0.07,0.56,Matches
49,Eric Bailly,ci CIV,DF,Villarreal,29,1994,10,9,839,9.3,0,0,0,0,0,0,4,0,0.00,0.00,0.00,0.00,0.00,Matches
50,Cédric Bakambu,cd COD,FW,Real Betis,32,1991,4,2,194,2.2,0,0,0,0,0,0,1,0,0.00,0.00,0.00,0.00,0.00,Matches
Rk,Player,Nation,Pos,Squad,Age,Born,MP,Starts,Min,90s,Gls,Ast,G+A,G-PK,PK,PKatt,CrdY,CrdR,Gls,Ast,G+A,G-PK,G+A-PK,Matches
51,Alejandro Balde,es ESP,"DF,MF",Barcelona,19,2003,18,15,1378,15.3,0,1,1,0,0,0,1,0,0.00,0.07,0.07,0.00,0.07,Matches
52,Iván Balliu,al ALB,DF,Rayo Vallecano,31,1992,33,32,2873,31.9,0,1,1,0,0,0,4,0,0.00,0.03,0.03,0.00,0.03,Matches
53,Jonathan Bamba,ci CIV,"MF,FW",Celta Vigo,27,1996,27,24,1981,22.0,3,2,5,3,0,0,0,0,0.14,0.09,0.23,0.14,0.23,Matches
54,Léo Baptistão,br BRA,"FW,MF",Almería,30,1992,32,22,1837,20.4,6,0,6,6,0,0,6,1,0.29,0.00,0.29,0.29,0.29,Matches
55,Kike Barja,es ESP,"FW,MF",Osasuna,26,1997,16,3,303,3.4,0,0,0,0,0,0,3,0,0.00,0.00,0.00,0.00,0.00,Matches
56,Ander Barrenetxea,es ESP,"MF,FW",Real Sociedad,21,2001,29,20,1427,15.9,4,1,5,4,0,0,1,0,0.25,0.06,0.32,0.25,0.32,Matches
57,Pablo Barrios,es ESP,MF,Atlético Madrid,20,2003,24,17,1555,17.3,0,1,1,0,0,0,5,0,0.00,0.06,0.06,0.00,0.06,Matches
58,Marc Bartra,es ESP,DF,Real Betis,32,1991,3,3,225,2.5,0,0,0,0,0,0,1,0,0.00,0.00,0.00,0.00,0.00,Matches
59,Augusto Batalla,ar ARG,GK,Granada,27,1996,17,17,1530,17.0,0,0,0,0,0,0,3,0,0.00,0.00,0.00,0.00,0.00,Matches
60,Bebé,cv CPV,"FW,MF",Rayo Vallecano,33,1990,19,0,212,2.4,2,0,2,1,1,1,1,0,0.85,0.00,0.85,0.42,0.42,Matches
61,Sheraldo Becker,sr SUR,"FW,MF",Real Sociedad,28,1995,15,8,771,8.6,2,2,4,2,0,0,1,0,0.23,0.23,0.47,0.23,0.47,Matches
62,Héctor Bellerín,es ESP,DF,Real Betis,28,1995,23,20,1711,19.0,0,1,1,0,0,0,0,1,0.00,0.05,0.05,0.00,0.05,Matches
63,Jude Bellingham,eng ENG,"MF,FW",Real Madrid,20,2003,28,27,2315,25.7,19,6,25,18,1,1,5,1,0.74,0.23,0.97,0.70,0.93,Matches
64,Fran Beltrán,es ESP,MF,Celta Vigo,24,1999,33,28,2428,27.0,0,0,0,0,0,0,2,0,0.00,0.00,0.00,0.00,0.00,Matches
65,Carlos Benavídez,uy URU,MF,Alavés,25,1998,29,10,1136,12.6,3,1,4,3,0,0,5,0,0.24,0.08,0.32,0.24,0.32,Matches
66,Yuri Berchiche,es ESP,DF,Athletic Club,33,1990,27,22,1930,21.4,3,1,4,3,0,0,5,0,0.14,0.05,0.19,0.14,0.19,Matches
67,Álex Berenguer,es ESP,MF,Athletic Club,28,1995,35,15,1592,17.7,7,3,10,6,1,1,4,0,0.40,0.17,0.57,0.34,0.51,Matches
68,Antonio Blanco,es ESP,MF,Alavés,23,2000,33,29,2426,27.0,0,1,1,0,0,0,5,1,0.00,0.04,0.04,0.00,0.04,Matches
69,Daley Blind,nl NED,DF,Girona,33,1990,34,33,2972,33.0,1,2,3,1,0,0,6,0,0.03,0.06,0.09,0.03,0.09,Matches
70,Adri Bosch,es ESP,DF,Granada,22,2001,1,0,26,0.3,0,0,0,0,0,0,0,0,0.00,0.00,0.00,0.00,0.00,Matches
71,Yassine Bounou,ma MAR,GK,Sevilla,32,1991,1,1,90,1.0,0,0,0,0,0,0,0,0,0.00,0.00,0.00,0.00,0.00,Matches
72,Lucas Boyé,ar ARG,FW,Granada,27,1996,31,30,2541,28.2,6,3,9,6,0,0,8,1,0.21,0.11,0.32,0.21,0.32,Matches
73,Darko Brašanac,rs SRB,MF,Osasuna,31,1992,2,0,48,0.5,0,0,0,0,0,0,0,0,0.00,0.00,0.00,0.00,0.00,Matches
74,Brau,es ESP,DF,Granada,21,2001,1,0,31,0.3,0,0,0,0,0,0,0,0,0.00,0.00,0.00,0.00,0.00,Matches
75,Claudio Bravo,cl CHI,GK,Real Betis,40,1983,7,7,630,7.0,0,0,0,0,0,0,0,0,0.00,0.00,0.00,0.00,0.00,Matches
Rk,Player,Nation,Pos,Squad,Age,Born,MP,Starts,Min,90s,Gls,Ast,G+A,G-PK,PK,PKatt,CrdY,CrdR,Gls,Ast,G+A,G-PK,G+A-PK,Matches
76,Ben Brereton,cl CHI,"MF,FW",Villarreal,24,1999,14,2,270,3.0,0,0,0,0,0,0,2,0,0.00,0.00,0.00,0.00,0.00,Matches
77,Ante Budimir,hr CRO,FW,Osasuna,32,1991,33,29,2435,27.1,17,2,19,14,3,4,4,0,0.63,0.07,0.70,0.52,0.59,Matches
78,Manu Bueno,es ESP,MF,Sevilla,19,2004,4,1,117,1.3,0,0,0,0,0,0,1,0,0.00,0.00,0.00,0.00,0.00,Matches
79,Pablo Busto,es ESP,DF,Real Betis,17,2005,2,0,44,0.5,0,0,0,0,0,0,0,0,0.00,0.00,0.00,0.00,0.00,Matches
80,José Callejón,es ESP,"MF,FW",Granada,36,1987,25,7,803,8.9,0,1,1,0,0,0,2,0,0.00,0.11,0.11,0.00,0.11,Matches
81,Eduardo Camavinga,fr FRA,MF,Real Madrid,20,2002,31,21,1817,20.2,0,2,2,0,0,0,9,0,0.00,0.10,0.10,0.00,0.10,Matches
82,Sergio Camello,es ESP,FW,Rayo Vallecano,22,2001,31,20,1661,18.5,3,1,4,3,0,0,3,0,0.16,0.05,0.22,0.16,0.22,Matches
83,José Campaña,es ESP,MF,Las Palmas,30,1993,8,1,171,1.9,0,0,0,0,0,0,0,0,0.00,0.00,0.00,0.00,0.00,Matches
84,João Cancelo,pt POR,DF,Barcelona,29,1994,32,29,2503,27.8,2,4,6,2,0,0,7,0,0.07,0.14,0.22,0.07,0.22,Matches
85,Sergi Canós,es ESP,MF,Valencia,26,1997,27,15,1229,13.7,1,2,3,1,0,0,1,0,0.07,0.15,0.22,0.07,0.22,Matches
86,Étienne Capoue,fr FRA,MF,Villarreal,35,1988,32,15,1455,16.2,1,1,2,1,0,0,8,0,0.06,0.06,0.12,0.06,0.12,Matches
87,Isaac Carcelen,es ESP,DF,Cádiz,30,1993,35,29,2611,29.0,0,0,0,0,0,0,2,0,0.00,0.00,0.00,0.00,0.00,Matches
88,Dani Cárdenas,es ESP,GK,Rayo Vallecano,26,1997,1,1,90,1.0,0,0,0,0,0,0,0,0,0.00,0.00,0.00,0.00,0.00,Matches
89,Marc Cardona,es ESP,FW,Las Palmas,28,1995,26,6,737,8.2,4,1,5,3,1,1,4,0,0.49,0.12,0.61,0.37,0.49,Matches
90,Sergi Cardona,es ESP,DF,Las Palmas,24,1999,35,30,2814,31.3,1,2,3,1,0,0,11,0,0.03,0.06,0.10,0.03,0.10,Matches
91,Johnny Cardoso,us USA,MF,Real Betis,21,2001,17,15,1328,14.8,1,2,3,1,0,0,3,0,0.07,0.14,0.20,0.07,0.20,Matches
92,Carmona,es ESP,"MF,DF",Getafe,21,2002,30,15,1313,14.6,1,1,2,1,0,0,8,0,0.07,0.07,0.14,0.07,0.14,Matches
93,Yannick Carrasco,be BEL,"DF,MF",Atlético Madrid,29,1993,3,3,221,2.5,0,1,1,0,0,0,0,0,0.00,0.41,0.41,0.00,0.41,Matches
94,Álvaro Carreras,es ESP,"MF,FW",Granada,20,2003,13,5,475,5.3,0,0,0,0,0,0,1,0,0.00,0.00,0.00,0.00,0.00,Matches
95,Dani Carvajal,es ESP,DF,Real Madrid,31,1992,28,25,2171,24.1,4,3,7,4,0,0,5,1,0.17,0.12,0.29,0.17,0.29,Matches
96,William Carvalho,pt POR,MF,Real Betis,31,1992,22,4,680,7.6,1,3,4,1,0,0,2,0,0.13,0.40,0.53,0.13,0.53,Matches
97,Marc Casado,es ESP,MF,Barcelona,19,2003,2,0,15,0.2,0,0,0,0,0,0,0,0,0.00,0.00,0.00,0.00,0.00,Matches
98,Catena,es ESP,DF,Osasuna,28,1994,30,28,2534,28.2,1,3,4,1,0,0,8,1,0.04,0.11,0.14,0.04,0.14,Matches
99,Dani Ceballos,es ESP,MF,Real Madrid,26,1996,20,5,598,6.6,0,2,2,0,0,0,2,0,0.00,0.30,0.30,0.00,0.30,Matches
100,Álex Centelles,es ESP,DF,Almería,25,1997,14,11,980,10.9,0,1,1,0,0,0,2,0,0.00,0.09,0.09,0.00,0.09,Matches
Rk,Player,Nation,Pos,Squad,Age,Born,MP,Starts,Min,90s,Gls,Ast,G+A,G-PK,PK,PKatt,CrdY,CrdR,Gls,Ast,G+A,G-PK,G+A-PK,Matches
101,Franco Cervi,ar ARG,"MF,DF",Celta Vigo,29,1994,17,5,546,6.1,0,1,1,0,0,0,2,0,0.00,0.16,0.16,0.00,0.16,Matches
102,Pep Chavarría,es ESP,"DF,MF",Rayo Vallecano,25,1998,22,12,1167,13.0,1,1,2,1,0,0,6,1,0.08,0.08,0.15,0.08,0.15,Matches
103,Andreas Christensen,dk DEN,"DF,MF",Barcelona,27,1996,30,27,1979,22.0,2,2,4,2,0,0,4,0,0.09,0.09,0.18,0.09,0.18,Matches
104,Chumi,es ESP,DF,Almería,24,1999,31,26,2434,27.0,0,1,1,0,0,0,4,0,0.00,0.04,0.04,0.00,0.04,Matches
105,Víctor Chust,es ESP,DF,Cádiz,23,2000,22,22,1864,20.7,0,1,1,0,0,0,3,2,0.00,0.05,0.05,0.00,0.05,Matches
106,Pathé Ciss,sn SEN,MF,Rayo Vallecano,29,1994,31,16,1664,18.5,1,0,1,1,0,0,10,0,0.05,0.00,0.05,0.05,0.05,Matches
107,Silvi Clúa,es ESP,MF,Girona,18,2005,1,0,1,0.0,0,0,0,0,0,0,0,0,0.00,0.00,0.00,0.00,0.00,Matches
108,Saúl Coco,gq EQG,DF,Las Palmas,24,1999,30,26,2295,25.5,1,0,1,1,0,0,6,1,0.04,0.00,0.04,0.04,0.04,Matches
109,Santi Comesaña,es ESP,MF,Villarreal,26,1996,27,20,1653,18.4,2,0,2,2,0,0,8,2,0.11,0.00,0.11,0.11,0.11,Matches
110,Copete,es ESP,DF,Mallorca,23,1999,19,17,1333,14.8,1,1,2,1,0,0,7,0,0.07,0.07,0.14,0.07,0.14,Matches
111,Francis Coquelin,fr FRA,MF,Villarreal,32,1991,17,10,910,10.1,0,0,0,0,0,0,4,0,0.00,0.00,0.00,0.00,0.00,Matches
112,Theo Corbeanu,ca CAN,MF,Granada,21,2002,9,2,182,2.0,1,0,1,1,0,0,2,0,0.49,0.00,0.49,0.49,0.49,Matches
113,Jesús Corona,mx MEX,"DF,FW",Sevilla,30,1993,2,0,17,0.2,0,0,0,0,0,0,0,0,0.00,0.00,0.00,0.00,0.00,Matches
114,Ángel Correa,ar ARG,"FW,MF",Atlético Madrid,28,1995,32,14,1528,17.0,9,2,11,9,0,0,3,0,0.53,0.12,0.65,0.53,0.65,Matches
115,Thierry Correia,pt POR,DF,Valencia,24,1999,31,25,2154,23.9,0,2,2,0,0,0,4,1,0.00,0.08,0.08,0.00,0.08,Matches
116,Jaume Costa,es ESP,"DF,MF",Mallorca,35,1988,30,19,1682,18.7,0,1,1,0,0,0,7,0,0.00,0.05,0.05,0.00,0.05,Matches
117,Samu Costa,pt POR,MF,Mallorca,22,2000,34,26,2303,25.6,1,1,2,1,0,0,8,0,0.04,0.04,0.08,0.04,0.08,Matches
118,Thibaut Courtois,be BEL,GK,Real Madrid,31,1992,4,4,332,3.7,0,0,0,0,0,0,0,0,0.00,0.00,0.00,0.00,0.00,Matches
119,Yan Couto,br BRA,"MF,DF",Girona,21,2002,34,24,2245,24.9,1,8,9,1,0,0,8,0,0.04,0.32,0.36,0.04,0.36,Matches
120,Crespo,pt POR,MF,Rayo Vallecano,26,1996,15,4,527,5.9,0,0,0,0,0,0,4,0,0.00,0.00,0.00,0.00,0.00,Matches
121,Cristian,es ESP,GK,Valencia,25,1998,1,0,57,0.6,0,0,0,0,0,0,0,0,0.00,0.00,0.00,0.00,0.00,Matches
122,Juan Cruz Armada,es ESP,DF,Osasuna,31,1992,26,18,1667,18.5,0,1,1,0,0,0,3,0,0.00,0.05,0.05,0.00,0.05,Matches
123,Juan Cruz,es ESP,MF,Real Betis,23,2000,5,0,76,0.8,0,0,0,0,0,0,0,0,0.00,0.00,0.00,0.00,0.00,Matches
124,Pau Cubarsí,es ESP,DF,Barcelona,16,2007,19,18,1558,17.3,0,0,0,0,0,0,4,0,0.00,0.00,0.00,0.00,0.00,Matches
125,Iván Cuéllar,es ESP,GK,Mallorca,39,1984,1,1,90,1.0,0,0,0,0,0,0,0,0,0.00,0.00,0.00,0.00,0.00,Matches
Rk,Player,Nation,Pos,Squad,Age,Born,MP,Starts,Min,90s,Gls,Ast,G+A,G-PK,PK,PKatt,CrdY,CrdR,Gls,Ast,G+A,G-PK,G+A-PK,Matches
126,Jorge Cuenca,es ESP,DF,Villarreal,23,1999,29,21,1963,21.8,3,1,4,3,0,0,7,0,0.14,0.05,0.18,0.14,0.18,Matches
127,Eric Curbelo,es ESP,DF,Las Palmas,29,1994,2,1,102,1.1,0,0,0,0,0,0,0,0,0.00,0.00,0.00,0.00,0.00,Matches
128,Alberto Dadie,es ESP,DF,Real Sociedad,21,2002,1,0,28,0.3,0,0,0,0,0,0,0,0,0.00,0.00,0.00,0.00,0.00,Matches
129,Sergi Darder,es ESP,MF,Mallorca,29,1993,36,21,2157,24.0,2,5,7,2,0,0,4,0,0.08,0.21,0.29,0.08,0.29,Matches
130,Rodrigo De Paul,ar ARG,MF,Atlético Madrid,29,1994,34,25,2075,23.1,3,5,8,3,0,0,7,0,0.13,0.22,0.35,0.13,0.35,Matches
131,Mouctar Diakhaby,gn GUI,"DF,MF",Valencia,26,1996,14,12,1073,11.9,1,0,1,1,0,0,6,0,0.08,0.00,0.08,0.08,0.08,Matches
132,Moussa Diakité,ml MLI,MF,Cádiz,19,2003,1,0,1,0.0,0,0,0,0,0,0,0,0,0.00,0.00,0.00,0.00,0.00,Matches
133,Assane Diao,sn SEN,MF,Real Betis,17,2005,18,13,1048,11.6,2,0,2,2,0,0,4,0,0.17,0.00,0.17,0.17,0.17,Matches
134,Brahim Díaz,ma MAR,"MF,FW",Real Madrid,23,1999,31,18,1545,17.2,8,6,14,8,0,0,0,0,0.47,0.35,0.82,0.47,0.82,Matches
135,Víctor Díaz,es ESP,DF,Granada,35,1988,4,2,162,1.8,0,0,0,0,0,0,1,0,0.00,0.00,0.00,0.00,0.00,Matches
136,Famara Diedhiou,sn SEN,FW,Granada,30,1992,8,0,89,1.0,0,1,1,0,0,0,1,0,0.00,1.01,1.01,0.00,1.01,Matches
137,Stole Dimitrievski,mk MKD,GK,Rayo Vallecano,29,1993,37,37,3330,37.0,0,0,0,0,0,0,2,0,0.00,0.00,0.00,0.00,0.00,Matches
138,Djené,tg TOG,"DF,MF",Getafe,31,1991,33,30,2484,27.6,0,0,0,0,0,0,14,1,0.00,0.00,0.00,0.00,0.00,Matches
139,Marko Dmitrović,rs SRB,GK,Sevilla,31,1992,13,13,1170,13.0,0,0,0,0,0,0,1,0,0.00,0.00,0.00,0.00,0.00,Matches
140,Jaume Doménech,es ESP,GK,Valencia,32,1990,2,1,79,0.9,0,0,0,0,0,0,0,0,0.00,0.00,0.00,0.00,0.00,Matches
141,Carlos Dominguez,es ESP,DF,Celta Vigo,22,2001,22,18,1584,17.6,0,0,0,0,0,0,2,0,0.00,0.00,0.00,0.00,0.00,Matches
142,Mario Dominguez,es ESP,MF,Valencia,19,2004,3,0,25,0.3,0,0,0,0,0,0,0,0,0.00,0.00,0.00,0.00,0.00,Matches
143,Carlos Dotor,es ESP,MF,Celta Vigo,22,2001,17,7,708,7.9,0,0,0,0,0,0,2,0,0.00,0.00,0.00,0.00,0.00,Matches
144,Anastasios Douvikas,gr GRE,FW,Celta Vigo,23,1999,32,7,905,10.1,7,1,8,7,0,0,2,0,0.70,0.10,0.80,0.70,0.80,Matches
145,Artem Dovbyk,ua UKR,FW,Girona,26,1997,36,32,2587,28.7,24,8,32,17,7,8,2,0,0.83,0.28,1.11,0.59,0.87,Matches
146,Domingos Duarte,pt POR,DF,Getafe,28,1995,15,11,907,10.1,0,0,0,0,0,0,5,2,0.00,0.00,0.00,0.00,0.00,Matches
147,Rubén Duarte,es ESP,DF,Alavés,27,1995,28,21,1878,20.9,2,1,3,2,0,0,7,0,0.10,0.05,0.14,0.10,0.14,Matches
148,Hugo Duro,es ESP,FW,Valencia,23,1999,37,35,2976,33.1,13,2,15,13,0,0,4,0,0.39,0.06,0.45,0.39,0.45,Matches
149,Aritz Elustondo,es ESP,DF,Real Sociedad,29,1994,15,7,812,9.0,0,1,1,0,0,0,2,0,0.00,0.11,0.11,0.00,0.11,Matches
150,Adri Embarba,es ESP,"MF,FW",Almería,31,1992,36,29,2476,27.5,3,2,5,2,1,1,5,0,0.11,0.07,0.18,0.07,0.15,Matches
Rk,Player,Nation,Pos,Squad,Age,Born,MP,Starts,Min,90s,Gls,Ast,G+A,G-PK,PK,PKatt,CrdY,CrdR,Gls,Ast,G+A,G-PK,G+A-PK,Matches
151,Youssef En-Nesyri,ma MAR,FW,Sevilla,26,1997,33,28,2570,28.6,16,2,18,15,1,1,4,0,0.56,0.07,0.63,0.53,0.60,Matches
152,Gonzalo Escalante,ar ARG,MF,Cádiz,30,1993,25,18,1697,18.9,1,2,3,1,0,0,2,1,0.05,0.11,0.16,0.05,0.16,Matches
153,Aarón Escandell,es ESP,GK,Las Palmas,27,1995,2,1,153,1.7,0,0,0,0,0,0,0,1,0.00,0.00,0.00,0.00,0.00,Matches
154,Alfonso Espino,uy URU,DF,Rayo Vallecano,31,1992,31,29,2507,27.9,0,1,1,0,0,0,9,0,0.00,0.04,0.04,0.00,0.04,Matches
155,Bernardo Espinosa,co COL,DF,Girona,34,1989,2,0,2,0.0,0,0,0,0,0,0,0,0,0.00,0.00,0.00,0.00,0.00,Matches
156,Karl Etta Eyong,cm CMR,FW,Cádiz,19,2003,1,0,21,0.2,0,0,0,0,0,0,0,0,0.00,0.00,0.00,0.00,0.00,Matches
157,Abde Ezzalzouli,ma MAR,MF,Real Betis,21,2001,26,6,865,9.6,1,0,1,1,0,1,1,0,0.10,0.00,0.10,0.10,0.10,Matches
158,Abde Ezzalzouli,ma MAR,"FW,MF",Barcelona,21,2001,2,0,68,0.8,0,0,0,0,0,0,0,0,0.00,0.00,0.00,0.00,0.00,Matches
159,Radamel Falcao,co COL,FW,Rayo Vallecano,37,1986,22,2,407,4.5,1,0,1,0,1,1,4,0,0.22,0.00,0.22,0.00,0.00,Matches
160,Fali,es ESP,DF,Cádiz,29,1993,30,30,2547,28.3,0,0,0,0,0,0,12,0,0.00,0.00,0.00,0.00,0.00,Matches
161,Ansu Fati,es ESP,"FW,MF",Barcelona,20,2002,3,0,50,0.6,0,0,0,0,0,0,0,0,0.00,0.00,0.00,0.00,0.00,Matches
162,Nabil Fekir,fr FRA,"MF,FW",Real Betis,30,1993,19,10,1049,11.7,1,2,3,1,0,0,1,0,0.09,0.17,0.26,0.09,0.26,Matches
163,Luiz Felipe,it ITA,DF,Real Betis,26,1997,4,4,360,4.0,0,0,0,0,0,0,1,0,0.00,0.00,0.00,0.00,0.00,Matches
164,João Félix,pt POR,FW,Barcelona,23,1999,30,18,1540,17.1,7,3,10,7,0,0,3,0,0.41,0.18,0.58,0.41,0.58,Matches
165,Kiko Femenía,es ESP,DF,Villarreal,32,1991,23,16,1583,17.6,0,0,0,0,0,0,8,1,0.00,0.00,0.00,0.00,0.00,Matches
166,Aitor Fernández,es ESP,GK,Osasuna,32,1991,7,6,551,6.1,0,0,0,0,0,0,2,0,0.00,0.00,0.00,0.00,0.00,Matches
167,Álex Fernández,es ESP,MF,Cádiz,30,1992,26,14,1285,14.3,0,1,1,0,0,0,3,0,0.00,0.07,0.07,0.00,0.07,Matches
168,Carlos Fernández,es ESP,FW,Real Sociedad,27,1996,10,5,408,4.5,2,1,3,1,1,1,3,0,0.44,0.22,0.66,0.22,0.44,Matches
169,Raúl Fernández,es ESP,GK,Granada,35,1988,4,4,280,3.1,0,0,0,0,0,0,0,0,0.00,0.00,0.00,0.00,0.00,Matches
170,Valery Fernández,es ESP,MF,Girona,23,1999,27,2,506,5.6,2,0,2,2,0,0,1,0,0.36,0.00,0.36,0.36,0.36,Matches
171,Fernando,br BRA,MF,Sevilla,36,1987,8,5,459,5.1,0,0,0,0,0,0,0,0,0.00,0.00,0.00,0.00,0.00,Matches
172,Fernando,es ESP,GK,Almería,33,1990,4,4,360,4.0,0,0,0,0,0,0,0,0,0.00,0.00,0.00,0.00,0.00,Matches
173,André Ferreira,pt POR,GK,Granada,27,1996,15,14,1340,14.9,0,0,0,0,0,0,1,0,0.00,0.00,0.00,0.00,0.00,Matches
174,Rachad Fettal,ma MAR,FW,Almería,18,2005,1,0,17,0.2,0,0,0,0,0,0,0,0,0.00,0.00,0.00,0.00,0.00,Matches
175,Pablo Fornals,es ESP,MF,Real Betis,27,1996,15,14,1148,12.8,3,2,5,3,0,0,2,0,0.24,0.16,0.39,0.24,0.39,Matches
Rk,Player,Nation,Pos,Squad,Age,Born,MP,Starts,Min,90s,Gls,Ast,G+A,G-PK,PK,PKatt,CrdY,CrdR,Gls,Ast,G+A,G-PK,G+A-PK,Matches
176,Héctor Fort,es ESP,DF,Barcelona,16,2006,7,4,318,3.5,0,2,2,0,0,0,0,0,0.00,0.57,0.57,0.00,0.57,Matches
177,Dimitri Foulquier,fr FRA,"DF,MF",Valencia,30,1993,33,19,1842,20.5,0,0,0,0,0,0,3,0,0.00,0.00,0.00,0.00,0.00,Matches
178,Juan Foyth,ar ARG,DF,Villarreal,25,1998,12,12,1062,11.8,1,1,2,1,0,0,1,0,0.08,0.08,0.17,0.08,0.17,Matches
179,Jorge de Frutos,es ESP,MF,Rayo Vallecano,26,1997,36,14,1549,17.2,2,0,2,2,0,0,1,0,0.12,0.00,0.12,0.12,0.12,Matches
180,Daniel Fuzato,br BRA,GK,Getafe,26,1997,1,0,7,0.1,0,0,0,0,0,0,0,0,0.00,0.00,0.00,0.00,0.00,Matches
181,Matteo Gabbia,it ITA,DF,Villarreal,23,1999,7,6,477,5.3,0,0,0,0,0,0,2,0,0.00,0.00,0.00,0.00,0.00,Matches
182,Javi Galán,es ESP,"DF,MF",Atlético Madrid,28,1994,5,0,88,1.0,0,0,0,0,0,0,1,0,0.00,0.00,0.00,0.00,0.00,Matches
183,Javi Galán,es ESP,DF,Real Sociedad,28,1994,14,13,1075,11.9,0,1,1,0,0,0,3,0,0.00,0.08,0.08,0.00,0.08,Matches
184,Iñigo Ruiz de Galarreta,es ESP,MF,Athletic Club,29,1993,29,25,2091,23.2,1,1,2,1,0,0,7,0,0.04,0.04,0.09,0.04,0.09,Matches
185,Aleix García,es ESP,MF,Girona,26,1997,37,36,3199,35.5,3,6,9,3,0,0,4,1,0.08,0.17,0.25,0.08,0.25,Matches
186,Álvaro García,es ESP,MF,Rayo Vallecano,30,1992,32,30,2475,27.5,6,1,7,6,0,0,8,1,0.22,0.04,0.25,0.22,0.25,Matches
187,Dani García,es ESP,MF,Athletic Club,33,1990,17,7,745,8.3,1,0,1,1,0,0,4,0,0.12,0.00,0.12,0.12,0.12,Matches
188,David García,es ESP,DF,Osasuna,29,1994,27,27,2334,25.9,0,1,1,0,0,0,5,0,0.00,0.04,0.04,0.00,0.04,Matches
189,Eric García,es ESP,"DF,MF",Barcelona,22,2001,2,0,57,0.6,0,0,0,0,0,0,1,0,0.00,0.00,0.00,0.00,0.00,Matches
190,Eric García,es ESP,DF,Girona,22,2001,30,30,2637,29.3,5,0,5,5,0,0,4,0,0.17,0.00,0.17,0.17,0.17,Matches
191,Fran Garcia,es ESP,DF,Real Madrid,23,1999,25,15,1398,15.5,1,5,6,1,0,0,2,0,0.06,0.32,0.39,0.06,0.39,Matches
192,Gonzalo García,es ESP,FW,Real Madrid,19,2004,2,0,19,0.2,0,0,0,0,0,0,0,0,0.00,0.00,0.00,0.00,0.00,Matches
193,Jastin García,es ESP,FW,Girona,19,2004,3,0,32,0.4,0,0,0,0,0,0,0,0,0.00,0.00,0.00,0.00,0.00,Matches
194,Raúl García,es ESP,FW,Athletic Club,37,1986,20,1,420,4.7,1,0,1,1,0,0,3,0,0.21,0.00,0.21,0.21,0.21,Matches
195,Rubén García,es ESP,"FW,MF",Osasuna,30,1993,30,19,1547,17.2,3,2,5,3,0,0,1,0,0.17,0.12,0.29,0.17,0.29,Matches
196,Santiago García,es ESP,MF,Getafe,21,2001,1,0,25,0.3,0,0,0,0,0,0,0,0,0.00,0.00,0.00,0.00,0.00,Matches
197,Unai García,es ESP,DF,Osasuna,31,1992,9,6,560,6.2,1,0,1,1,0,0,6,1,0.16,0.00,0.16,0.16,0.16,Matches
198,Yarek Gasiorowski,es ESP,DF,Valencia,18,2005,14,7,735,8.2,0,0,0,0,0,0,1,0,0.00,0.00,0.00,0.00,0.00,Matches
199,Federico Gattoni,ar ARG,DF,Sevilla,24,1999,2,0,10,0.1,0,0,0,0,0,0,0,0,0.00,0.00,0.00,0.00,0.00,Matches
200,Gavi,es ESP,"MF,FW",Barcelona,18,2004,12,10,944,10.5,1,1,2,1,0,0,5,0,0.10,0.10,0.19,0.10,0.19,Matches
Rk,Player,Nation,Pos,Squad,Age,Born,MP,Starts,Min,90s,Gls,Ast,G+A,G-PK,PK,PKatt,CrdY,CrdR,Gls,Ast,G+A,G-PK,G+A-PK,Matches
201,Paulo Gazzaniga,ar ARG,GK,Girona,31,1992,38,38,3420,38.0,0,0,0,0,0,0,2,0,0.00,0.00,0.00,0.00,0.00,Matches
202,David Gil,es ESP,GK,Cádiz,29,1994,5,4,372,4.1,0,0,0,0,0,0,1,0,0.00,0.00,0.00,0.00,0.00,Matches
203,Maxi Gómez,uy URU,FW,Cádiz,26,1996,31,12,1163,12.9,0,0,0,0,0,0,2,0,0.00,0.00,0.00,0.00,0.00,Matches
204,Moi Gómez,es ESP,"MF,FW",Osasuna,29,1994,28,23,2006,22.3,3,0,3,3,0,0,3,0,0.13,0.00,0.13,0.13,0.13,Matches
205,Unai Gómez,es ESP,MF,Athletic Club,20,2003,25,9,875,9.7,2,0,2,2,0,0,1,0,0.21,0.00,0.21,0.21,0.21,Matches
206,Édgar González,es ESP,"DF,MF",Almería,26,1997,31,30,2522,28.0,2,0,2,2,0,0,7,1,0.07,0.00,0.07,0.07,0.07,Matches
207,Fabio González,es ESP,MF,Las Palmas,26,1997,6,1,123,1.4,0,0,0,0,0,0,1,0,0.00,0.00,0.00,0.00,0.00,Matches
208,Giovanni González,uy URU,DF,Mallorca,28,1994,34,27,2464,27.4,1,1,2,1,0,0,6,0,0.04,0.04,0.07,0.04,0.07,Matches
209,Hugo González,es ESP,FW,Valencia,20,2003,9,0,87,1.0,0,1,1,0,0,0,0,0,0.00,1.03,1.03,0.00,1.03,Matches
210,Iñaki González,es ESP,MF,Las Palmas,19,2004,1,0,5,0.1,0,0,0,0,0,0,0,0,0.00,0.00,0.00,0.00,0.00,Matches
211,Peter González,do DOM,MF,Valencia,21,2002,15,5,649,7.2,0,0,0,0,0,0,1,0,0.00,0.00,0.00,0.00,0.00,Matches
212,Urko González,es ESP,MF,Real Sociedad,22,2001,5,2,156,1.7,0,0,0,0,0,0,1,0,0.00,0.00,0.00,0.00,0.00,Matches
213,Andoni Gorosabel,es ESP,DF,Alavés,26,1996,36,33,2854,31.7,1,0,1,1,0,0,6,0,0.03,0.00,0.03,0.03,0.03,Matches
214,Pablo Gozalbez,es ESP,MF,Valencia,22,2001,5,1,103,1.1,0,0,0,0,0,0,0,0,0.00,0.00,0.00,0.00,0.00,Matches
215,Mason Greenwood,eng ENG,"MF,FW",Getafe,21,2001,33,30,2662,29.6,8,6,14,6,2,3,6,1,0.27,0.20,0.47,0.20,0.41,Matches
216,Dominik Greif,sk SVK,GK,Mallorca,26,1997,1,1,90,1.0,0,0,0,0,0,0,0,0,0.00,0.00,0.00,0.00,0.00,Matches
217,Antoine Griezmann,fr FRA,"FW,MF",Atlético Madrid,32,1991,33,31,2644,29.4,16,6,22,12,4,4,5,0,0.54,0.20,0.75,0.41,0.61,Matches
218,Vicente Guaita,es ESP,GK,Celta Vigo,36,1987,27,26,2403,26.7,0,0,0,0,0,0,2,0,0.00,0.00,0.00,0.00,0.00,Matches
219,Andrés Guardado,mx MEX,MF,Real Betis,36,1986,12,4,447,5.0,0,0,0,0,0,0,2,0,0.00,0.00,0.00,0.00,0.00,Matches
220,Sergi Guardiola,es ESP,FW,Cádiz,32,1991,22,1,495,5.5,1,1,2,1,0,0,1,0,0.18,0.18,0.36,0.18,0.36,Matches
221,Nemanja Gudelj,rs SRB,"DF,MF",Sevilla,31,1991,22,20,1742,19.4,1,1,2,1,0,0,7,0,0.05,0.05,0.10,0.05,0.10,Matches
222,Gonçalo Guedes,pt POR,"FW,MF",Villarreal,26,1996,17,9,951,10.6,3,2,5,3,0,0,0,0,0.28,0.19,0.47,0.28,0.47,Matches
223,Javier Guerra,es ESP,MF,Valencia,20,2003,36,28,2498,27.8,4,1,5,4,0,0,3,1,0.14,0.04,0.18,0.14,0.18,Matches
224,Ander Guevara,es ESP,MF,Alavés,26,1997,37,33,2932,32.6,1,0,1,1,0,0,7,0,0.03,0.00,0.03,0.03,0.03,Matches
225,Hugo Guillamón,es ESP,MF,Valencia,23,2000,26,12,1315,14.6,1,0,1,1,0,0,7,0,0.07,0.00,0.07,0.07,0.07,Matches
Rk,Player,Nation,Pos,Squad,Age,Born,MP,Starts,Min,90s,Gls,Ast,G+A,G-PK,PK,PKatt,CrdY,CrdR,Gls,Ast,G+A,G-PK,G+A-PK,Matches
226,Marc Guiu,es ESP,FW,Barcelona,17,2006,3,1,74,0.8,1,0,1,1,0,0,1,0,1.22,0.00,1.22,1.22,1.22,Matches
227,Arda Güler,tr TUR,"MF,FW",Real Madrid,18,2005,10,4,377,4.2,6,0,6,6,0,0,1,0,1.43,0.00,1.43,1.43,1.43,Matches
228,Gerard Gumbau,es ESP,MF,Granada,28,1994,35,31,2674,29.7,0,3,3,0,0,0,12,0,0.00,0.10,0.10,0.00,0.10,Matches
229,İlkay Gündoğan,de GER,MF,Barcelona,32,1990,36,33,2994,33.3,5,9,14,4,1,2,5,0,0.15,0.27,0.42,0.12,0.39,Matches
230,Jon Guridi,es ESP,MF,Alavés,28,1995,36,34,2678,29.8,3,4,7,3,0,0,2,0,0.10,0.13,0.24,0.10,0.24,Matches
231,Gorka Guruzeta,es ESP,FW,Athletic Club,26,1996,32,30,2217,24.6,14,5,19,14,0,1,2,0,0.57,0.20,0.77,0.57,0.77,Matches
232,Miguel Gutiérrez,es ESP,"DF,MF",Girona,22,2001,35,35,3032,33.7,2,7,9,2,0,0,4,0,0.06,0.21,0.27,0.06,0.27,Matches
233,Munir El Haddadi,ma MAR,"MF,FW",Las Palmas,27,1995,38,32,2449,27.2,3,2,5,3,0,1,3,0,0.11,0.07,0.18,0.11,0.18,Matches
234,Ianis Hagi,ro ROU,MF,Alavés,24,1998,22,8,804,8.9,0,2,2,0,0,1,3,0,0.00,0.22,0.22,0.00,0.22,Matches
235,Luiz Henrique,br BRA,MF,Real Betis,22,2001,14,6,616,6.8,0,3,3,0,0,0,1,0,0.00,0.44,0.44,0.00,0.44,Matches
236,Mario Hermoso,es ESP,DF,Atlético Madrid,28,1995,31,29,2557,28.4,0,1,1,0,0,0,9,0,0.00,0.04,0.04,0.00,0.04,Matches
237,Aridane Hernández,es ESP,DF,Rayo Vallecano,34,1989,19,19,1690,18.8,0,0,0,0,0,0,3,0,0.00,0.00,0.00,0.00,0.00,Matches
238,Javi Hernández,es ESP,DF,Cádiz,25,1998,30,28,2514,27.9,1,2,3,1,0,0,10,0,0.04,0.07,0.11,0.04,0.11,Matches
239,Luis Hernández,es ESP,DF,Cádiz,34,1989,9,8,723,8.0,1,0,1,1,0,0,4,0,0.12,0.00,0.12,0.12,0.12,Matches
240,Jorge Herrando,es ESP,DF,Osasuna,22,2001,19,18,1644,18.3,0,1,1,0,0,0,4,0,0.00,0.05,0.05,0.00,0.05,Matches
241,Ander Herrera,es ESP,MF,Athletic Club,33,1989,23,10,1030,11.4,0,3,3,0,0,0,4,0,0.00,0.26,0.26,0.00,0.26,Matches
242,Cristian Herrera,es ESP,MF,Las Palmas,32,1991,8,1,166,1.8,1,0,1,1,0,0,1,0,0.54,0.00,0.54,0.54,0.54,Matches
243,Sergio Herrera,es ESP,GK,Osasuna,30,1993,32,32,2869,31.9,0,0,0,0,0,0,2,0,0.00,0.00,0.00,0.00,0.00,Matches
244,Yangel Herrera,ve VEN,MF,Girona,25,1998,29,27,2107,23.4,5,0,5,5,0,0,9,0,0.21,0.00,0.21,0.21,0.21,Matches
245,Juanma Herzog,es ESP,DF,Las Palmas,19,2004,4,3,292,3.2,2,0,2,2,0,0,1,0,0.62,0.00,0.62,0.62,0.62,Matches
246,Martin Hongla,cm CMR,"MF,DF",Granada,25,1998,13,6,562,6.2,0,0,0,0,0,0,0,0,0.00,0.00,0.00,0.00,0.00,Matches
247,Xabier Huarte Armendáriz,es ESP,MF,Osasuna,22,2001,1,0,9,0.1,0,0,0,0,0,0,0,0,0.00,0.00,0.00,0.00,0.00,Matches
248,Pablo Ibáñez,es ESP,MF,Osasuna,24,1998,33,12,1152,12.8,1,2,3,1,0,0,5,0,0.08,0.16,0.23,0.08,0.23,Matches
249,Iglesias,es ESP,"DF,MF",Getafe,25,1998,23,16,1412,15.7,0,2,2,0,0,0,4,0,0.00,0.13,0.13,0.00,0.13,Matches
250,Borja Iglesias,es ESP,FW,Real Betis,30,1993,11,4,408,4.5,0,1,1,0,0,0,2,0,0.00,0.22,0.22,0.00,0.22,Matches
Rk,Player,Nation,Pos,Squad,Age,Born,MP,Starts,Min,90s,Gls,Ast,G+A,G-PK,PK,PKatt,CrdY,CrdR,Gls,Ast,G+A,G-PK,G+A-PK,Matches
251,Imanol,es ESP,DF,Athletic Club,23,2000,9,5,525,5.8,0,0,0,0,0,0,2,0,0.00,0.00,0.00,0.00,0.00,Matches
252,Isco,es ESP,MF,Real Betis,31,1992,29,28,2326,25.8,8,5,13,6,2,2,10,0,0.31,0.19,0.50,0.23,0.43,Matches
253,Diego Iturralde,es ESP,DF,Sevilla,20,2003,1,0,37,0.4,0,0,0,0,0,0,0,0,0.00,0.00,0.00,0.00,0.00,Matches
254,Adnan Januzaj,be BEL,"FW,MF",Sevilla,28,1995,8,0,193,2.1,0,0,0,0,0,0,0,0,0.00,0.00,0.00,0.00,0.00,Matches
255,Mikel Jauregizar,es ESP,MF,Athletic Club,19,2003,7,1,151,1.7,0,0,0,0,0,0,0,0,0.00,0.00,0.00,0.00,0.00,Matches
256,Salim El Jebari,ma MAR,MF,Atlético Madrid,19,2004,1,0,13,0.1,0,0,0,0,0,0,0,0,0.00,0.00,0.00,0.00,0.00,Matches
257,Frenkie de Jong,nl NED,MF,Barcelona,26,1997,20,20,1634,18.2,2,0,2,2,0,0,7,0,0.11,0.00,0.11,0.11,0.11,Matches
258,Joan Jordán,es ESP,MF,Sevilla,29,1994,8,4,380,4.2,0,0,0,0,0,0,1,0,0.00,0.00,0.00,0.00,0.00,Matches
259,Jordi,es ESP,MF,Getafe,22,2001,13,5,573,6.4,0,0,0,0,0,0,1,0,0.00,0.00,0.00,0.00,0.00,Matches
260,Jeremy Jorge,es ESP,FW,Getafe,20,2003,1,0,2,0.0,0,0,0,0,0,0,0,0,0.00,0.00,0.00,0.00,0.00,Matches
261,Willian José,br BRA,FW,Real Betis,31,1991,33,25,1971,21.9,10,5,15,10,0,0,0,1,0.46,0.23,0.68,0.46,0.68,Matches
262,Joselu,es ESP,FW,Real Madrid,33,1990,34,15,1687,18.7,10,2,12,10,0,2,1,0,0.53,0.11,0.64,0.53,0.64,Matches
263,Kamil Jóźwiak,pl POL,MF,Granada,25,1998,11,7,571,6.3,0,1,1,0,0,0,2,0,0.00,0.16,0.16,0.00,0.16,Matches
264,Juanmi,es ESP,FW,Cádiz,30,1993,16,9,873,9.7,3,1,4,3,0,0,3,0,0.31,0.10,0.41,0.31,0.41,Matches
265,Juanpe,es ESP,DF,Girona,32,1991,17,6,746,8.3,0,0,0,0,0,0,4,0,0.00,0.00,0.00,0.00,0.00,Matches
266,Vinicius Júnior,br BRA,FW,Real Madrid,23,2000,26,22,1864,20.7,15,5,20,14,1,1,7,0,0.72,0.24,0.97,0.68,0.92,Matches
267,Filip Jørgensen,dk DEN,GK,Villarreal,21,2002,36,36,3240,36.0,0,0,0,0,0,0,4,0,0.00,0.00,0.00,0.00,0.00,Matches
268,Sory Kaba,gn GUI,FW,Las Palmas,28,1995,17,9,720,8.0,1,1,2,1,0,0,2,0,0.12,0.12,0.25,0.12,0.25,Matches
269,Kaiky,br BRA,DF,Almería,19,2004,8,5,523,5.8,1,0,1,1,0,0,2,0,0.17,0.00,0.17,0.17,0.17,Matches
270,Jon Karrikaburu,es ESP,FW,Alavés,20,2002,2,0,16,0.2,0,0,0,0,0,0,0,0,0.00,0.00,0.00,0.00,0.00,Matches
271,Ibrahima Kebe,ml MLI,MF,Girona,22,2000,2,0,9,0.1,0,0,0,0,0,0,1,0,0.00,0.00,0.00,0.00,0.00,Matches
272,Kiké,es ESP,FW,Alavés,33,1989,33,15,1423,15.8,3,2,5,3,0,1,3,0,0.19,0.13,0.32,0.19,0.32,Matches
273,Koke,es ESP,MF,Atlético Madrid,31,1992,35,32,2493,27.7,0,4,4,0,0,0,5,0,0.00,0.14,0.14,0.00,0.14,Matches
274,Ibrahima Koné,ml MLI,FW,Almería,24,1999,9,2,277,3.1,0,0,0,0,0,0,0,0,0.00,0.00,0.00,0.00,0.00,Matches
275,Rominigue Kouamé,ml MLI,MF,Cádiz,26,1996,16,9,821,9.1,0,0,0,0,0,0,2,0,0.00,0.00,0.00,0.00,0.00,Matches
Rk,Player,Nation,Pos,Squad,Age,Born,MP,Starts,Min,90s,Gls,Ast,G+A,G-PK,PK,PKatt,CrdY,CrdR,Gls,Ast,G+A,G-PK,G+A-PK,Matches
276,Jules Koundé,fr FRA,DF,Barcelona,24,1998,35,32,2899,32.2,1,2,3,1,0,0,4,0,0.03,0.06,0.09,0.03,0.09,Matches
277,Toni Kroos,de GER,MF,Real Madrid,33,1990,33,24,2124,23.6,1,8,9,1,0,0,3,0,0.04,0.34,0.38,0.04,0.38,Matches
278,Takefusa Kubo,jp JPN,"FW,MF",Real Sociedad,22,2001,30,24,2150,23.9,7,4,11,7,0,0,1,0,0.29,0.17,0.46,0.29,0.46,Matches
279,Luca de la Torre,us USA,MF,Celta Vigo,25,1998,31,22,1956,21.7,1,4,5,1,0,0,4,1,0.05,0.18,0.23,0.05,0.23,Matches
280,Yoel Lago,es ESP,DF,Celta Vigo,19,2004,1,1,90,1.0,0,0,0,0,0,0,0,0,0.00,0.00,0.00,0.00,0.00,Matches
281,Érik Lamela,ar ARG,MF,Sevilla,31,1992,13,5,463,5.1,2,0,2,2,0,0,3,0,0.39,0.00,0.39,0.39,0.39,Matches
282,Bruno Langa,mz MOZ,DF,Almería,25,1997,11,9,820,9.1,1,0,1,1,0,0,1,1,0.11,0.00,0.11,0.11,0.11,Matches
283,Cyle Larin,ca CAN,FW,Mallorca,28,1995,35,20,1823,20.3,3,2,5,3,0,0,8,0,0.15,0.10,0.25,0.15,0.25,Matches
284,Juanmi Latasa,es ESP,FW,Getafe,22,2001,32,15,1555,17.3,2,0,2,2,0,0,7,1,0.12,0.00,0.12,0.12,0.12,Matches
285,Toni Lato,es ESP,DF,Mallorca,25,1997,28,16,1544,17.2,0,1,1,0,0,0,3,0,0.00,0.06,0.06,0.00,0.06,Matches
286,Lázaro,br BRA,MF,Almería,21,2002,14,2,285,3.2,0,0,0,0,0,0,0,0,0.00,0.00,0.00,0.00,0.00,Matches
287,Robin Le Normand,es ESP,DF,Real Sociedad,26,1996,29,28,2469,27.4,2,0,2,2,0,0,13,0,0.07,0.00,0.07,0.07,0.07,Matches
288,Jeremías Ledesma,ar ARG,GK,Cádiz,30,1993,34,34,3048,33.9,0,0,0,0,0,0,0,0,0.00,0.00,0.00,0.00,0.00,Matches
289,Florian Lejeune,fr FRA,DF,Rayo Vallecano,32,1991,37,37,3327,37.0,3,1,4,3,0,0,5,0,0.08,0.03,0.11,0.08,0.11,Matches
290,Stefan Lekovic,rs SRB,DF,Villarreal,19,2004,1,0,29,0.3,0,0,0,0,0,0,0,0,0.00,0.00,0.00,0.00,0.00,Matches
291,Iñigo Lekue,es ESP,DF,Athletic Club,30,1993,27,22,2002,22.2,0,2,2,0,0,0,4,0,0.00,0.09,0.09,0.00,0.09,Matches
292,Thomas Lemar,fr FRA,MF,Atlético Madrid,27,1995,3,3,164,1.8,0,0,0,0,0,0,0,0,0.00,0.00,0.00,0.00,0.00,Matches
293,Álvaro Lemos,es ESP,DF,Las Palmas,30,1993,4,3,251,2.8,0,0,0,0,0,0,1,0,0.00,0.00,0.00,0.00,0.00,Matches
294,Ruben Lendinez,es ESP,DF,Valencia,20,2003,1,0,11,0.1,0,0,0,0,0,0,0,0,0.00,0.00,0.00,0.00,0.00,Matches
295,Robert Lewandowski,pl POL,FW,Barcelona,34,1988,35,32,2750,30.6,19,8,27,15,4,4,5,0,0.62,0.26,0.88,0.49,0.75,Matches
296,Samuel Lino,br BRA,"MF,DF",Atlético Madrid,23,1999,34,25,2080,23.1,4,5,9,4,0,0,1,0,0.17,0.22,0.39,0.17,0.39,Matches
297,Javier Llabrés,es ESP,MF,Mallorca,20,2002,16,1,247,2.7,1,0,1,1,0,0,1,0,0.36,0.00,0.36,0.36,0.36,Matches
298,Marcos Llorente,es ESP,"MF,DF",Atlético Madrid,28,1995,37,29,2565,28.5,6,4,10,6,0,0,5,0,0.21,0.14,0.35,0.21,0.35,Matches
299,Enzo Loiodice,fr FRA,MF,Las Palmas,22,2000,34,19,1790,19.9,0,1,1,0,0,0,2,0,0.00,0.05,0.05,0.00,0.05,Matches
300,David López,es ESP,DF,Girona,33,1989,25,25,1965,21.8,3,0,3,3,0,0,4,0,0.14,0.00,0.14,0.14,0.14,Matches
Rk,Player,Nation,Pos,Squad,Age,Born,MP,Starts,Min,90s,Gls,Ast,G+A,G-PK,PK,PKatt,CrdY,CrdR,Gls,Ast,G+A,G-PK,G+A-PK,Matches
301,Diego López,es ESP,"MF,FW",Valencia,21,2002,36,30,2656,29.5,3,6,9,3,0,0,2,0,0.10,0.20,0.30,0.10,0.30,Matches
302,Fermin López,es ESP,"MF,FW",Barcelona,20,2003,31,14,1446,16.1,8,0,8,8,0,0,2,0,0.50,0.00,0.50,0.50,0.50,Matches
303,Javi López,es ESP,DF,Alavés,21,2002,32,25,2386,26.5,1,3,4,1,0,0,3,0,0.04,0.11,0.15,0.04,0.15,Matches
304,Unai López,es ESP,MF,Rayo Vallecano,27,1995,35,28,2108,23.4,1,2,3,1,0,0,8,0,0.04,0.09,0.13,0.04,0.13,Matches
305,Dion Lopy,sn SEN,MF,Almería,21,2002,30,23,1916,21.3,0,0,0,0,0,0,5,0,0.00,0.00,0.00,0.00,0.00,Matches
306,Anthony Lozano,hn HON,FW,Getafe,30,1993,6,0,92,1.0,0,0,0,0,0,0,1,0,0.00,0.00,0.00,0.00,0.00,Matches
307,Anthony Lozano,hn HON,FW,Almería,30,1993,13,10,772,8.6,3,0,3,3,0,0,1,0,0.35,0.00,0.35,0.35,0.35,Matches
308,Lucas,br BRA,DF,Cádiz,22,2001,28,15,1539,17.1,1,0,1,1,0,0,6,0,0.06,0.00,0.06,0.06,0.06,Matches
309,José Luis Gayà,es ESP,DF,Valencia,28,1995,24,22,1791,19.9,1,2,3,1,0,0,2,0,0.05,0.10,0.15,0.05,0.15,Matches
310,José Luis Morales,es ESP,"FW,MF",Villarreal,36,1987,29,8,1048,11.6,7,0,7,7,0,0,0,0,0.60,0.00,0.60,0.60,0.60,Matches
311,Dodi Lukebakio,be BEL,"MF,FW",Sevilla,25,1997,23,12,1125,12.5,5,1,6,5,0,0,0,0,0.40,0.08,0.48,0.40,0.48,Matches
312,Andriy Lunin,ua UKR,GK,Real Madrid,24,1999,21,21,1890,21.0,0,0,0,0,0,0,2,0,0.00,0.00,0.00,0.00,0.00,Matches
313,Darwin Machís,ve VEN,MF,Cádiz,30,1993,21,10,785,8.7,4,0,4,3,1,1,0,1,0.46,0.00,0.46,0.34,0.34,Matches
314,Pablo Maffeo,es ESP,"DF,MF",Mallorca,26,1997,22,17,1454,16.2,1,2,3,1,0,0,3,1,0.06,0.12,0.19,0.06,0.19,Matches
315,Jon Magunazelaia,es ESP,FW,Real Sociedad,22,2001,5,1,121,1.3,0,0,0,0,0,0,0,0,0.00,0.00,0.00,0.00,0.00,Matches
316,Nemanja Maksimović,rs SRB,MF,Getafe,28,1995,37,37,3265,36.3,4,0,4,4,0,0,4,0,0.11,0.00,0.11,0.11,0.11,Matches
317,Giorgi Mamardashvili,ge GEO,GK,Valencia,22,2000,37,37,3284,36.5,0,0,0,0,0,0,3,1,0.00,0.00,0.00,0.00,0.00,Matches
318,Wilson Manafá,pt POR,"DF,MF",Granada,29,1994,4,3,240,2.7,0,0,0,0,0,0,1,0,0.00,0.00,0.00,0.00,0.00,Matches
319,Reinildo Mandava,mz MOZ,DF,Atlético Madrid,29,1994,16,7,731,8.1,2,1,3,2,0,0,2,0,0.25,0.12,0.37,0.25,0.37,Matches
320,Aïssa Mandi,dz ALG,DF,Villarreal,31,1991,16,12,1113,12.4,1,0,1,1,0,0,3,0,0.08,0.00,0.08,0.08,0.08,Matches
321,Javier Manquillo,es ESP,"DF,MF",Celta Vigo,29,1994,12,10,744,8.3,0,1,1,0,0,0,3,0,0.00,0.12,0.12,0.00,0.12,Matches
322,Faitout Maouassa,fr FRA,DF,Granada,25,1998,6,2,229,2.5,0,1,1,0,0,0,0,0,0.00,0.39,0.39,0.00,0.39,Matches
323,Marcão,br BRA,DF,Sevilla,27,1996,7,3,355,3.9,0,0,0,0,0,0,2,0,0.00,0.00,0.00,0.00,0.00,Matches
324,Óscar de Marcos,es ESP,DF,Athletic Club,34,1989,28,26,2258,25.1,1,5,6,1,0,0,5,0,0.04,0.20,0.24,0.04,0.24,Matches
325,Alberto Marí,es ESP,FW,Valencia,22,2001,16,2,276,3.1,1,1,2,0,1,1,0,0,0.33,0.33,0.65,0.00,0.33,Matches
Rk,Player,Nation,Pos,Squad,Age,Born,MP,Starts,Min,90s,Gls,Ast,G+A,G-PK,PK,PKatt,CrdY,CrdR,Gls,Ast,G+A,G-PK,G+A-PK,Matches
326,José Mari,es ESP,MF,Cádiz,35,1987,3,0,14,0.2,0,0,0,0,0,0,1,0,0.00,0.00,0.00,0.00,0.00,Matches
327,José María Giménez,uy URU,DF,Atlético Madrid,28,1995,22,14,1326,14.7,0,0,0,0,0,0,5,0,0.00,0.00,0.00,0.00,0.00,Matches
328,Mariano,do DOM,FW,Sevilla,29,1993,9,2,244,2.7,0,0,0,0,0,0,1,0,0.00,0.00,0.00,0.00,0.00,Matches
329,Rafa Marín,es ESP,DF,Alavés,21,2002,33,27,2443,27.1,0,0,0,0,0,0,6,0,0.00,0.00,0.00,0.00,0.00,Matches
330,Diego Mariño,es ESP,GK,Almería,33,1990,1,1,90,1.0,0,0,0,0,0,0,0,0,0.00,0.00,0.00,0.00,0.00,Matches
331,Mika Mármol,es ESP,DF,Las Palmas,22,2001,36,36,3178,35.3,0,1,1,0,0,0,6,1,0.00,0.03,0.03,0.00,0.03,Matches
332,Unai Marrero,es ESP,GK,Real Sociedad,21,2001,2,1,142,1.6,0,0,0,0,0,0,0,0,0.00,0.00,0.00,0.00,0.00,Matches
333,Roger Martí,es ESP,FW,Cádiz,32,1991,23,18,1359,15.1,2,3,5,2,0,0,3,0,0.13,0.20,0.33,0.13,0.33,Matches
334,Iván Martín,es ESP,MF,Girona,24,1999,36,33,2729,30.3,5,4,9,5,0,0,5,0,0.16,0.13,0.30,0.16,0.30,Matches
335,Jon Martin,es ESP,DF,Real Sociedad,17,2006,1,0,24,0.3,0,0,0,0,0,0,0,0,0.00,0.00,0.00,0.00,0.00,Matches
336,Mario Martín,es ESP,MF,Real Madrid,19,2004,2,0,18,0.2,0,0,0,0,0,0,0,0,0.00,0.00,0.00,0.00,0.00,Matches
337,Arnau Martinez,es ESP,DF,Girona,20,2003,21,14,1241,13.8,0,2,2,0,0,0,5,0,0.00,0.15,0.15,0.00,0.15,Matches
338,Iñigo Martínez,es ESP,DF,Barcelona,32,1991,20,13,1296,14.4,0,0,0,0,0,0,5,0,0.00,0.00,0.00,0.00,0.00,Matches
339,Marc Martínez,es ESP,GK,Granada,33,1990,3,3,270,3.0,0,0,0,0,0,0,0,0,0.00,0.00,0.00,0.00,0.00,Matches
340,Marvin,es ESP,"MF,DF",Las Palmas,23,2000,31,17,1855,20.6,0,2,2,0,0,0,5,0,0.00,0.10,0.10,0.00,0.10,Matches
341,Omar Mascarell,gq EQG,MF,Mallorca,30,1993,29,18,1571,17.5,0,0,0,0,0,0,8,1,0.00,0.00,0.00,0.00,0.00,Matches
342,Jaime Mata,es ESP,"FW,MF",Getafe,34,1988,35,22,1787,19.9,5,1,6,5,0,0,10,1,0.25,0.05,0.30,0.25,0.30,Matches
343,Luís Maximiano,pt POR,GK,Almería,24,1999,33,33,2970,33.0,0,0,0,0,0,0,1,0,0.00,0.00,0.00,0.00,0.00,Matches
344,Borja Mayoral,es ESP,FW,Getafe,26,1997,27,25,2153,23.9,15,1,16,11,4,4,2,0,0.63,0.04,0.67,0.46,0.50,Matches
345,Mamadou Mbaye,sn SEN,DF,Cádiz,25,1998,4,2,288,3.2,0,0,0,0,0,0,2,0,0.00,0.00,0.00,0.00,0.00,Matches
346,Hannibal Mejbri,tn TUN,MF,Sevilla,20,2003,6,1,104,1.2,0,0,0,0,0,0,2,0,0.00,0.00,0.00,0.00,0.00,Matches
347,Óscar Melendo,es ESP,"MF,FW",Granada,25,1997,26,15,1122,12.5,0,0,0,0,0,0,2,0,0.00,0.00,0.00,0.00,0.00,Matches
348,Gonzalo Melero,es ESP,"MF,FW",Almería,29,1994,28,10,1103,12.3,1,1,2,1,0,0,3,0,0.08,0.08,0.16,0.08,0.16,Matches
349,Memphis,nl NED,FW,Atlético Madrid,29,1994,23,9,893,9.9,5,1,6,5,0,0,2,0,0.50,0.10,0.60,0.50,0.60,Matches
350,Houboulang Mendes,gw GNB,DF,Almería,25,1998,7,4,396,4.4,0,0,0,0,0,0,0,0,0.00,0.00,0.00,0.00,0.00,Matches
Rk,Player,Nation,Pos,Squad,Age,Born,MP,Starts,Min,90s,Gls,Ast,G+A,G-PK,PK,PKatt,CrdY,CrdR,Gls,Ast,G+A,G-PK,G+A-PK,Matches
351,Tomás Mendes,es ESP,MF,Alavés,18,2004,1,0,6,0.1,0,0,0,0,0,0,0,0,0.00,0.00,0.00,0.00,0.00,Matches
352,Brais Méndez,es ESP,"MF,FW",Real Sociedad,26,1997,32,27,2413,26.8,5,6,11,5,0,0,7,0,0.19,0.22,0.41,0.19,0.41,Matches
353,Bruno Méndez,uy URU,DF,Granada,23,1999,17,15,1333,14.8,2,0,2,2,0,0,4,0,0.14,0.00,0.14,0.14,0.14,Matches
354,Diego Méndez,es ESP,MF,Rayo Vallecano,19,2003,1,0,5,0.1,0,0,0,0,0,0,0,0,0.00,0.00,0.00,0.00,0.00,Matches
355,Ferland Mendy,fr FRA,DF,Real Madrid,28,1995,23,21,1720,19.1,0,0,0,0,0,0,5,0,0.00,0.00,0.00,0.00,0.00,Matches
356,Jorge Meré,es ESP,DF,Cádiz,26,1997,10,8,673,7.5,0,0,0,0,0,0,0,0,0.00,0.00,0.00,0.00,0.00,Matches
357,Mikel Merino,es ESP,MF,Real Sociedad,27,1996,32,27,2482,27.6,5,3,8,5,0,0,10,0,0.18,0.11,0.29,0.18,0.29,Matches
358,Omenuke Mfulu,cd COD,MF,Las Palmas,29,1994,5,1,82,0.9,0,0,0,0,0,0,1,0,0.00,0.00,0.00,0.00,0.00,Matches
359,Miguel,es ESP,FW,Alavés,23,1999,3,1,65,0.7,0,0,0,0,0,0,0,0,0.00,0.00,0.00,0.00,0.00,Matches
360,Éder Militão,br BRA,DF,Real Madrid,25,1998,10,6,496,5.5,0,0,0,0,0,0,0,0,0.00,0.00,0.00,0.00,0.00,Matches
361,Luis Milla,es ESP,MF,Getafe,28,1994,27,25,2115,23.5,0,1,1,0,0,0,6,0,0.00,0.04,0.04,0.00,0.04,Matches
362,Marko Milovanović,rs SRB,FW,Almería,19,2003,11,2,308,3.4,1,0,1,1,0,0,0,0,0.29,0.00,0.29,0.29,0.29,Matches
363,Óscar Mingueza,es ESP,"DF,MF",Celta Vigo,24,1999,38,33,2998,33.3,2,2,4,2,0,0,4,0,0.06,0.06,0.12,0.06,0.12,Matches
364,Ignasi Miquel,es ESP,DF,Granada,30,1992,34,33,2992,33.2,1,1,2,1,0,0,5,0,0.03,0.03,0.06,0.03,0.06,Matches
365,Rafa Mir,es ESP,FW,Sevilla,26,1997,15,3,391,4.3,2,0,2,2,0,0,1,0,0.46,0.00,0.46,0.46,0.46,Matches
366,Juan Miranda,es ESP,DF,Real Betis,23,2000,25,21,1858,20.6,1,1,2,1,0,0,8,0,0.05,0.05,0.10,0.05,0.10,Matches
367,Stefan Mitrović,rs SRB,DF,Getafe,33,1990,11,9,699,7.8,1,0,1,1,0,0,3,0,0.13,0.00,0.13,0.13,0.13,Matches
368,Luka Modrić,hr CRO,MF,Real Madrid,37,1985,32,18,1688,18.8,2,6,8,2,0,0,2,0,0.11,0.32,0.43,0.11,0.43,Matches
369,Johan Mojica,co COL,"DF,MF",Osasuna,30,1992,30,22,2041,22.7,0,3,3,0,0,0,1,0,0.00,0.13,0.13,0.00,0.13,Matches
370,Alberto Moleiro,es ESP,"MF,FW",Las Palmas,19,2003,28,21,1803,20.0,3,3,6,3,0,0,1,0,0.15,0.15,0.30,0.15,0.30,Matches
371,Nahuel Molina,ar ARG,"MF,DF",Atlético Madrid,25,1998,30,19,1852,20.6,2,3,5,2,0,0,4,1,0.10,0.15,0.24,0.10,0.24,Matches
372,Jon Moncayola,es ESP,MF,Osasuna,25,1998,33,21,1800,20.0,1,3,4,1,0,0,2,1,0.05,0.15,0.20,0.05,0.20,Matches
373,César Montes,mx MEX,DF,Almería,26,1997,21,21,1788,19.9,0,0,0,0,0,0,5,0,0.00,0.00,0.00,0.00,0.00,Matches
374,Álvaro Morata,es ESP,FW,Atlético Madrid,30,1992,32,21,1904,21.2,15,3,18,15,0,1,4,1,0.71,0.14,0.85,0.71,0.85,Matches
375,Alberto Moreno,es ESP,DF,Villarreal,31,1992,27,17,1484,16.5,2,2,4,2,0,0,5,2,0.12,0.12,0.24,0.12,0.24,Matches
Rk,Player,Nation,Pos,Squad,Age,Born,MP,Starts,Min,90s,Gls,Ast,G+A,G-PK,PK,PKatt,CrdY,CrdR,Gls,Ast,G+A,G-PK,G+A-PK,Matches
376,Gerard Moreno,es ESP,FW,Villarreal,31,1992,30,28,2215,24.6,10,6,16,8,2,3,0,0,0.41,0.24,0.65,0.33,0.57,Matches
377,Jorge Moreno,es ESP,DF,Osasuna,22,2001,1,0,15,0.2,0,0,0,0,0,0,0,0,0.00,0.00,0.00,0.00,0.00,Matches
378,Ilaix Moriba,gn GUI,MF,Getafe,20,2003,14,8,605,6.7,0,2,2,0,0,0,5,1,0.00,0.30,0.30,0.00,0.30,Matches
379,Manu Morlanes,es ESP,MF,Mallorca,24,1999,35,16,1615,17.9,0,2,2,0,0,0,2,0,0.00,0.11,0.11,0.00,0.11,Matches
380,Cristhian Mosquera,es ESP,DF,Valencia,19,2004,36,33,3075,34.2,0,0,0,0,0,0,2,0,0.00,0.00,0.00,0.00,0.00,Matches
381,Yerson Mosquera,co COL,DF,Villarreal,22,2001,16,14,1229,13.7,2,1,3,2,0,0,4,0,0.15,0.07,0.22,0.15,0.22,Matches
382,Abdul Mumin,gh GHA,DF,Rayo Vallecano,25,1998,20,19,1694,18.8,1,0,1,1,0,0,5,1,0.05,0.00,0.05,0.05,0.05,Matches
383,Iker Muniain,es ESP,MF,Athletic Club,30,1992,20,5,594,6.6,2,0,2,2,0,0,1,0,0.30,0.00,0.30,0.30,0.30,Matches
384,Aihen Muñoz,es ESP,DF,Real Sociedad,25,1997,21,11,1127,12.5,0,2,2,0,0,0,2,0,0.00,0.16,0.16,0.00,0.16,Matches
385,Iker Muñoz,es ESP,MF,Osasuna,20,2002,28,20,1854,20.6,4,0,4,4,0,0,5,0,0.19,0.00,0.19,0.19,0.19,Matches
386,Javier Muñoz,es ESP,MF,Las Palmas,28,1995,37,30,2640,29.3,2,3,5,2,0,0,6,0,0.07,0.10,0.17,0.07,0.17,Matches
387,Vedat Muriqi,xk KVX,FW,Mallorca,29,1994,29,25,2327,25.9,7,2,9,6,1,3,5,0,0.27,0.08,0.35,0.23,0.31,Matches
388,Nacho,es ESP,DF,Real Madrid,33,1990,29,18,1746,19.4,0,1,1,0,0,0,4,2,0.00,0.05,0.05,0.00,0.05,Matches
389,Matija Nastasić,rs SRB,DF,Mallorca,30,1993,26,25,2258,25.1,2,0,2,2,0,0,8,0,0.08,0.00,0.08,0.08,0.08,Matches
390,Roberto Navarro,es ESP,MF,Cádiz,21,2002,28,24,1888,21.0,1,1,2,1,0,0,0,1,0.05,0.05,0.10,0.05,0.10,Matches
391,Jesús Navas,es ESP,"DF,MF",Sevilla,37,1985,29,25,2003,22.3,0,2,2,0,0,0,6,1,0.00,0.09,0.09,0.00,0.09,Matches
392,Álvaro Negredo,es ESP,FW,Cádiz,37,1985,7,0,54,0.6,0,0,0,0,0,0,0,0,0.00,0.00,0.00,0.00,0.00,Matches
393,Carlos Neva,es ESP,DF,Granada,27,1996,36,36,3146,35.0,0,2,2,0,0,0,4,0,0.00,0.06,0.06,0.00,0.06,Matches
394,Tanguy Nianzou,fr FRA,DF,Sevilla,21,2002,8,3,318,3.5,0,0,0,0,0,0,3,0,0.00,0.00,0.00,0.00,0.00,Matches
395,Saúl Ñíguez,es ESP,MF,Atlético Madrid,28,1994,34,14,1374,15.3,1,4,5,1,0,0,10,1,0.07,0.26,0.33,0.07,0.33,Matches
396,Peru Nolaskoain,es ESP,"DF,MF",Athletic Club,24,1998,2,0,10,0.1,0,0,0,0,0,0,0,0,0.00,0.00,0.00,0.00,0.00,Matches
397,Randy Nteka,ao ANG,FW,Rayo Vallecano,25,1997,16,3,572,6.4,1,1,2,0,1,1,3,0,0.16,0.16,0.31,0.00,0.16,Matches
398,Unai Núñez,es ESP,DF,Celta Vigo,26,1997,34,31,2801,31.1,1,0,1,1,0,0,4,0,0.03,0.00,0.03,0.03,0.03,Matches
399,Ørjan Nyland,no NOR,GK,Sevilla,32,1990,24,24,2160,24.0,0,0,0,0,0,0,1,0,0.00,0.00,0.00,0.00,0.00,Matches
400,Jan Oblak,si SVN,GK,Atlético Madrid,30,1993,38,38,3420,38.0,0,0,0,0,0,0,1,0,0.00,0.00,0.00,0.00,0.00,Matches
Rk,Player,Nation,Pos,Squad,Age,Born,MP,Starts,Min,90s,Gls,Ast,G+A,G-PK,PK,PKatt,CrdY,CrdR,Gls,Ast,G+A,G-PK,G+A-PK,Matches
401,Brian Ocampo,uy URU,MF,Cádiz,24,1999,13,1,248,2.8,1,0,1,1,0,0,2,0,0.36,0.00,0.36,0.36,0.36,Matches
402,Lucas Ocampos,ar ARG,"MF,FW",Sevilla,29,1994,35,34,2871,31.9,4,3,7,3,1,1,8,0,0.13,0.09,0.22,0.09,0.19,Matches
403,Álvaro Odriozola,es ESP,DF,Real Sociedad,27,1995,9,6,393,4.4,0,0,0,0,0,0,0,0,0.00,0.00,0.00,0.00,0.00,Matches
404,Aingeru Olabarrieta,es ESP,FW,Athletic Club,17,2005,1,0,9,0.1,0,0,0,0,0,0,0,0,0.00,0.00,0.00,0.00,0.00,Matches
405,Olasagasti,es ESP,MF,Real Sociedad,22,2000,14,2,360,4.0,0,0,0,0,0,0,3,0,0.00,0.00,0.00,0.00,0.00,Matches
406,Samu Omorodion,es ESP,FW,Alavés,19,2004,34,21,1918,21.3,8,1,9,8,0,0,6,0,0.38,0.05,0.42,0.38,0.42,Matches
407,Samu Omorodion,es ESP,FW,Granada,19,2004,1,1,80,0.9,1,0,1,1,0,0,0,0,1.13,0.00,1.13,1.13,1.13,Matches
408,Aimar Oroz,es ESP,MF,Osasuna,21,2001,33,26,2339,26.0,2,1,3,1,1,1,3,0,0.08,0.04,0.12,0.04,0.08,Matches
409,Eneko Ortiz,es ESP,MF,Alavés,20,2003,1,0,14,0.2,0,0,0,0,0,0,0,0,0.00,0.00,0.00,0.00,0.00,Matches
410,Asier Osambela,es ESP,MF,Osasuna,19,2004,1,0,9,0.1,0,0,0,0,0,0,0,0,0.00,0.00,0.00,0.00,0.00,Matches
411,Milutin Osmajić,me MNE,FW,Cádiz,24,1999,1,0,5,0.1,0,0,0,0,0,0,0,0,0.00,0.00,0.00,0.00,0.00,Matches
412,Aiham Ousou,sy SYR,DF,Cádiz,23,2000,6,5,430,4.8,0,0,0,0,0,0,0,0,0.00,0.00,0.00,0.00,0.00,Matches
413,Jesús Owono,gq EQG,GK,Alavés,22,2001,4,4,360,4.0,0,0,0,0,0,0,1,0,0.00,0.00,0.00,0.00,0.00,Matches
414,Mikel Oyarzabal,es ESP,"FW,MF",Real Sociedad,26,1997,33,23,2156,24.0,9,3,12,7,2,2,3,0,0.38,0.13,0.50,0.29,0.42,Matches
415,Cenk Özkacar,tr TUR,DF,Valencia,22,2000,23,18,1598,17.8,0,0,0,0,0,0,3,0,0.00,0.00,0.00,0.00,0.00,Matches
416,Jon Pacheco,es ESP,DF,Real Sociedad,22,2001,23,16,1526,17.0,1,1,2,1,0,0,8,0,0.06,0.06,0.12,0.06,0.12,Matches
417,Isaac Palazón Camacho,es ESP,MF,Rayo Vallecano,28,1994,37,34,2791,31.0,4,1,5,2,2,2,8,0,0.13,0.03,0.16,0.06,0.10,Matches
418,Joaquín Panichelli,ar ARG,"MF,FW",Alavés,20,2002,8,2,226,2.5,0,0,0,0,0,0,0,0,0.00,0.00,0.00,0.00,0.00,Matches
419,Sokratis Papastathopoulos,gr GRE,DF,Real Betis,35,1988,15,12,1136,12.6,0,0,0,0,0,0,6,0,0.00,0.00,0.00,0.00,0.00,Matches
420,Victor Parada,es ESP,DF,Alavés,21,2002,2,0,3,0.0,0,0,0,0,0,0,0,0,0.00,0.00,0.00,0.00,0.00,Matches
421,Aitor Paredes,es ESP,DF,Athletic Club,23,2000,34,31,2704,30.0,1,0,1,1,0,0,9,1,0.03,0.00,0.03,0.03,0.03,Matches
422,Daniel Parejo,es ESP,MF,Villarreal,34,1989,33,29,2580,28.7,3,5,8,0,3,3,4,0,0.10,0.17,0.28,0.00,0.17,Matches
423,Pascu,es ESP,FW,Villarreal,20,2003,1,0,14,0.2,0,0,0,0,0,0,0,0,0.00,0.00,0.00,0.00,0.00,Matches
424,Gabriel Paulista,br BRA,DF,Atlético Madrid,32,1990,5,5,405,4.5,0,0,0,0,0,0,1,0,0.00,0.00,0.00,0.00,0.00,Matches
425,Gabriel Paulista,br BRA,DF,Valencia,32,1990,18,16,1398,15.5,0,0,0,0,0,0,6,1,0.00,0.00,0.00,0.00,0.00,Matches
Rk,Player,Nation,Pos,Squad,Age,Born,MP,Starts,Min,90s,Gls,Ast,G+A,G-PK,PK,PKatt,CrdY,CrdR,Gls,Ast,G+A,G-PK,G+A-PK,Matches
426,Nicolás Paz,ar ARG,MF,Real Madrid,18,2004,4,0,23,0.3,0,0,0,0,0,0,0,0,0.00,0.00,0.00,0.00,0.00,Matches
427,Alfonso Pedraza,es ESP,DF,Villarreal,27,1996,19,14,1116,12.4,1,3,4,1,0,0,4,1,0.08,0.24,0.32,0.08,0.32,Matches
428,Pedri,es ESP,"MF,FW",Barcelona,20,2002,24,16,1476,16.4,4,2,6,4,0,0,3,0,0.24,0.12,0.37,0.24,0.37,Matches
429,Adrià Pedrosa,es ESP,"DF,MF",Sevilla,25,1998,31,15,1753,19.5,1,4,5,1,0,0,1,0,0.05,0.21,0.26,0.05,0.26,Matches
430,Pejiño,es ESP,"MF,FW",Las Palmas,27,1996,17,6,504,5.6,2,0,2,2,0,0,1,0,0.36,0.00,0.36,0.36,0.36,Matches
431,Facundo Pellistri,uy URU,"MF,FW",Granada,21,2001,15,14,1232,13.7,2,1,3,2,0,0,2,1,0.15,0.07,0.22,0.15,0.22,Matches
432,Iñaki Peña,es ESP,GK,Barcelona,24,1999,10,10,900,10.0,0,0,0,0,0,0,0,0,0.00,0.00,0.00,0.00,0.00,Matches
433,Marcos Peña,es ESP,MF,Almería,18,2005,7,4,441,4.9,0,0,0,0,0,0,3,0,0.00,0.00,0.00,0.00,0.00,Matches
434,Rubén Peña,es ESP,"DF,MF",Osasuna,32,1991,29,26,2088,23.2,0,2,2,0,0,0,3,0,0.00,0.09,0.09,0.00,0.09,Matches
435,Alberto Perea,es ESP,"FW,MF",Granada,32,1990,2,0,2,0.0,0,0,0,0,0,0,0,0,0.00,0.00,0.00,0.00,0.00,Matches
436,Ayoze Pérez,es ESP,"MF,FW",Real Betis,30,1993,31,29,2294,25.5,9,1,10,9,0,0,4,0,0.35,0.04,0.39,0.35,0.39,Matches
437,Carles Pérez,es ESP,MF,Celta Vigo,25,1998,16,7,772,8.6,1,1,2,1,0,0,3,0,0.12,0.12,0.23,0.12,0.23,Matches
438,Francisco Perez,es ESP,MF,Valencia,20,2002,32,27,2049,22.8,1,4,5,1,0,0,4,0,0.04,0.18,0.22,0.04,0.22,Matches
439,Kike Pérez,es ESP,"MF,FW",Rayo Vallecano,26,1997,24,9,835,9.3,1,0,1,1,0,0,7,0,0.11,0.00,0.11,0.11,0.11,Matches
440,Máximo Perrone,ar ARG,MF,Las Palmas,20,2003,29,20,1623,18.0,0,0,0,0,0,0,6,0,0.00,0.00,0.00,0.00,0.00,Matches
441,Njegoš Petrović,rs SRB,MF,Granada,24,1999,10,0,157,1.7,0,0,0,0,0,0,0,0,0.00,0.00,0.00,0.00,0.00,Matches
442,Germán Pezzella,ar ARG,DF,Real Betis,32,1991,32,32,2767,30.7,1,0,1,1,0,0,7,0,0.03,0.00,0.03,0.03,0.03,Matches
443,Kamil Piątkowski,pl POL,DF,Granada,23,2000,9,6,505,5.6,0,0,0,0,0,0,1,1,0.00,0.00,0.00,0.00,0.00,Matches
444,Yéremy Pino,es ESP,"MF,FW",Villarreal,20,2002,7,7,475,5.3,0,0,0,0,0,0,4,0,0.00,0.00,0.00,0.00,0.00,Matches
445,Portu,es ESP,"FW,MF",Getafe,31,1992,3,0,97,1.1,0,0,0,0,0,0,1,0,0.00,0.00,0.00,0.00,0.00,Matches
446,Portu,es ESP,"MF,FW",Girona,31,1992,33,11,1188,13.2,7,5,12,7,0,0,3,0,0.53,0.38,0.91,0.53,0.91,Matches
447,José Pozo,es ESP,"FW,MF",Rayo Vallecano,27,1996,2,0,19,0.2,0,0,0,0,0,0,0,0,0.00,0.00,0.00,0.00,0.00,Matches
448,Alejandro Pozo Pozo,es ESP,"DF,MF",Almería,24,1999,21,9,976,10.8,0,0,0,0,0,0,3,0,0.00,0.00,0.00,0.00,0.00,Matches
449,Beñat Prados,es ESP,MF,Athletic Club,22,2001,26,16,1449,16.1,0,0,0,0,0,0,1,0,0.00,0.00,0.00,0.00,0.00,Matches
450,Abdón Prats,es ESP,FW,Mallorca,30,1992,34,11,1270,14.1,6,1,7,6,0,0,4,0,0.43,0.07,0.50,0.43,0.50,Matches
Rk,Player,Nation,Pos,Squad,Age,Born,MP,Starts,Min,90s,Gls,Ast,G+A,G-PK,PK,PKatt,CrdY,CrdR,Gls,Ast,G+A,G-PK,G+A-PK,Matches
451,Marc Pubill,es ESP,DF,Almería,20,2003,23,22,1883,20.9,1,3,4,1,0,0,2,0,0.05,0.14,0.19,0.05,0.19,Matches
452,Antonio Puertas,es ESP,"MF,FW",Granada,31,1992,27,6,730,8.1,0,2,2,0,0,2,3,1,0.00,0.25,0.25,0.00,0.25,Matches
453,Arnau Puigmal,es ESP,"MF,DF",Almería,22,2001,11,3,255,2.8,0,0,0,0,0,0,3,0,0.00,0.00,0.00,0.00,0.00,Matches
454,Nemanja Radonjić,rs SRB,MF,Mallorca,27,1996,11,4,353,3.9,0,0,0,0,0,0,0,0,0.00,0.00,0.00,0.00,0.00,Matches
455,Aleksandar Radovanović,rs SRB,DF,Almería,29,1993,9,8,569,6.3,0,0,0,0,0,0,2,0,0.00,0.00,0.00,0.00,0.00,Matches
456,Abdellah Raihani,ma MAR,FW,Atlético Madrid,19,2004,1,0,10,0.1,0,0,0,0,0,0,0,0,0.00,0.00,0.00,0.00,0.00,Matches
457,Antonio Raillo,es ESP,DF,Mallorca,31,1991,26,25,2195,24.4,3,2,5,3,0,0,6,1,0.12,0.08,0.21,0.12,0.21,Matches
458,Predrag Rajković,rs SRB,GK,Mallorca,27,1995,36,36,3240,36.0,0,0,0,0,0,0,2,0,0.00,0.00,0.00,0.00,0.00,Matches
459,Ivan Rakitić,hr CRO,MF,Sevilla,35,1988,18,16,1425,15.8,2,1,3,2,0,0,6,0,0.13,0.06,0.19,0.13,0.19,Matches
460,Largie Ramazani,be BEL,"MF,FW",Almería,22,2001,29,16,1555,17.3,3,5,8,3,0,0,11,2,0.17,0.29,0.46,0.17,0.46,Matches
461,Benito Ramírez,es ESP,MF,Las Palmas,28,1995,20,2,384,4.3,1,1,2,1,0,0,0,0,0.23,0.23,0.47,0.23,0.47,Matches
462,Sandro Ramírez,es ESP,"FW,MF",Las Palmas,28,1995,27,21,1808,20.1,1,3,4,1,0,1,3,0,0.05,0.15,0.20,0.05,0.20,Matches
463,Chris Ramos,es ESP,FW,Cádiz,26,1997,37,30,2612,29.0,5,1,6,5,0,0,5,0,0.17,0.03,0.21,0.17,0.21,Matches
464,Sergio Ramos,es ESP,DF,Sevilla,37,1986,28,28,2517,28.0,3,0,3,3,0,0,7,1,0.11,0.00,0.11,0.11,0.11,Matches
465,Raphinha,br BRA,"FW,MF",Barcelona,26,1996,28,17,1368,15.2,6,9,15,5,1,1,4,1,0.39,0.59,0.99,0.33,0.92,Matches
466,Andrei Ratiu,ro ROU,"DF,MF",Rayo Vallecano,25,1998,12,6,630,7.0,0,0,0,0,0,0,1,0,0.00,0.00,0.00,0.00,0.00,Matches
467,Raúl,es ESP,FW,Osasuna,22,2000,35,13,1355,15.1,6,1,7,6,0,0,4,0,0.40,0.07,0.46,0.40,0.46,Matches
468,Abde Rebbach,dz ALG,MF,Alavés,24,1998,23,6,722,8.0,1,0,1,1,0,0,1,0,0.12,0.00,0.12,0.12,0.12,Matches
469,Pepe Reina,es ESP,GK,Villarreal,40,1982,2,2,180,2.0,0,0,0,0,0,0,2,1,0.00,0.00,0.00,0.00,0.00,Matches
470,Álex Remiro,es ESP,GK,Real Sociedad,28,1995,37,37,3275,36.4,0,0,0,0,0,0,3,1,0.00,0.00,0.00,0.00,0.00,Matches
471,Chadi Riad,ma MAR,DF,Real Betis,20,2003,26,24,2164,24.0,0,0,0,0,0,0,1,0,0.00,0.00,0.00,0.00,0.00,Matches
472,Diego Rico,es ESP,DF,Getafe,30,1993,32,28,2535,28.2,0,7,7,0,0,0,10,0,0.00,0.25,0.25,0.00,0.25,Matches
473,Luis Rioja,es ESP,MF,Alavés,29,1993,37,31,2498,27.8,5,4,9,2,3,4,4,0,0.18,0.14,0.32,0.07,0.22,Matches
474,Rodrigo Riquelme,es ESP,"MF,DF",Atlético Madrid,23,2000,34,17,1528,17.0,3,5,8,3,0,0,1,0,0.18,0.29,0.47,0.18,0.47,Matches
475,Alberto Risco,es ESP,MF,Getafe,17,2005,4,1,137,1.5,0,0,0,0,0,0,0,0,0.00,0.00,0.00,0.00,0.00,Matches
Rk,Player,Nation,Pos,Squad,Age,Born,MP,Starts,Min,90s,Gls,Ast,G+A,G-PK,PK,PKatt,CrdY,CrdR,Gls,Ast,G+A,G-PK,G+A-PK,Matches
476,Mihailo Ristić,rs SRB,"DF,MF",Celta Vigo,27,1995,12,9,808,9.0,0,0,0,0,0,0,2,0,0.00,0.00,0.00,0.00,0.00,Matches
477,Gorka Rivera Alonso,es ESP,DF,Getafe,18,2004,1,0,3,0.0,0,0,0,0,0,0,0,0,0.00,0.00,0.00,0.00,0.00,Matches
478,Sergi Roberto,es ESP,"MF,DF",Barcelona,31,1992,14,10,860,9.6,3,2,5,3,0,0,4,0,0.31,0.21,0.52,0.31,0.52,Matches
479,Lucas Robertone,ar ARG,MF,Almería,26,1997,33,29,2381,26.5,0,5,5,0,0,0,11,0,0.00,0.19,0.19,0.00,0.19,Matches
480,Marc Roca,es ESP,MF,Real Betis,26,1996,26,24,1980,22.0,2,2,4,2,0,0,5,0,0.09,0.09,0.18,0.09,0.18,Matches
481,Sergio Rodelas,es ESP,"MF,FW",Granada,18,2004,3,2,122,1.4,0,1,1,0,0,0,0,0,0.00,0.74,0.74,0.00,0.74,Matches
482,Rodri,es ESP,MF,Real Betis,23,2000,29,9,1051,11.7,0,0,0,0,0,0,0,0,0.00,0.00,0.00,0.00,0.00,Matches
483,Álvaro Rodríguez,uy URU,FW,Real Madrid,19,2004,1,0,1,0.0,0,0,0,0,0,0,0,0,0.00,0.00,0.00,0.00,0.00,Matches
484,Óscar Rodríguez Arnaiz,es ESP,"MF,FW",Getafe,25,1998,24,9,967,10.7,2,1,3,2,0,0,9,0,0.19,0.09,0.28,0.19,0.28,Matches
485,Damián Rodríguez,es ESP,MF,Celta Vigo,20,2003,5,3,258,2.9,0,2,2,0,0,0,1,0,0.00,0.70,0.70,0.00,0.70,Matches
486,Dani Rodríguez,es ESP,MF,Mallorca,35,1988,36,31,2615,29.1,2,4,6,2,0,0,9,0,0.07,0.14,0.21,0.07,0.21,Matches
487,Guido Rodríguez,ar ARG,MF,Real Betis,29,1994,24,22,1846,20.5,2,0,2,2,0,0,6,0,0.10,0.00,0.10,0.10,0.10,Matches
488,Kirian Rodríguez,es ESP,MF,Las Palmas,27,1996,37,36,3211,35.7,6,2,8,6,0,0,8,0,0.17,0.06,0.22,0.17,0.22,Matches
489,Miguel Rodríguez,es ESP,MF,Celta Vigo,20,2003,15,2,300,3.3,0,0,0,0,0,0,2,0,0.00,0.00,0.00,0.00,0.00,Matches
490,Rodrygo,br BRA,FW,Real Madrid,22,2001,34,28,2380,26.4,10,5,15,10,0,1,2,0,0.38,0.19,0.57,0.38,0.57,Matches
491,Carlos Romero,es ESP,DF,Villarreal,21,2001,7,2,262,2.9,0,0,0,0,0,0,1,0,0.00,0.00,0.00,0.00,0.00,Matches
492,Isaac Romero,es ESP,FW,Sevilla,23,2000,14,14,1039,11.5,4,4,8,4,0,0,2,0,0.35,0.35,0.69,0.35,0.69,Matches
493,Luka Romero,ar ARG,MF,Almería,18,2004,13,5,438,4.9,3,0,3,3,0,0,2,0,0.62,0.00,0.62,0.62,0.62,Matches
494,Oriol Romeu,es ESP,MF,Barcelona,31,1991,28,11,936,10.4,0,1,1,0,0,0,4,0,0.00,0.10,0.10,0.00,0.10,Matches
495,Unai Ropero,es ESP,FW,Alavés,21,2001,1,0,5,0.1,0,0,0,0,0,0,0,0,0.00,0.00,0.00,0.00,0.00,Matches
496,Vitor Roque,br BRA,FW,Barcelona,18,2005,14,2,328,3.6,2,0,2,2,0,0,4,1,0.55,0.00,0.55,0.55,0.55,Matches
497,Antonio Rüdiger,de GER,DF,Real Madrid,30,1993,33,30,2709,30.1,1,0,1,1,0,0,7,0,0.03,0.00,0.03,0.03,0.03,Matches
498,Javi Rueda,es ESP,"DF,MF",Celta Vigo,21,2002,1,0,20,0.2,0,0,0,0,0,0,0,0,0.00,0.00,0.00,0.00,0.00,Matches
499,Aitor Ruibal,es ESP,"DF,MF",Real Betis,27,1996,18,11,1017,11.3,2,1,3,2,0,0,5,0,0.18,0.09,0.27,0.18,0.27,Matches
500,Sergio Ruiz,es ESP,MF,Granada,28,1994,35,30,2494,27.7,0,4,4,0,0,0,9,0,0.00,0.14,0.14,0.00,0.14,Matches
Rk,Player,Nation,Pos,Squad,Age,Born,MP,Starts,Min,90s,Gls,Ast,G+A,G-PK,PK,PKatt,CrdY,CrdR,Gls,Ast,G+A,G-PK,G+A-PK,Matches
501,Youssouf Sabaly,sn SEN,DF,Real Betis,30,1993,12,12,1046,11.6,0,1,1,0,0,0,2,0,0.00,0.09,0.09,0.00,0.09,Matches
502,Umar Sadiq,ng NGA,FW,Real Sociedad,26,1997,26,12,1077,12.0,3,1,4,3,0,0,4,0,0.25,0.08,0.33,0.25,0.33,Matches
503,Pablo Saenz,es ESP,MF,Granada,22,2001,1,0,19,0.2,0,0,0,0,0,0,0,0,0.00,0.00,0.00,0.00,0.00,Matches
504,Kike Salas,es ESP,DF,Sevilla,21,2002,23,19,1605,17.8,3,0,3,3,0,0,10,0,0.17,0.00,0.17,0.17,0.17,Matches
505,Salvi,es ESP,MF,Rayo Vallecano,32,1991,1,0,28,0.3,0,0,0,0,0,0,0,0,0.00,0.00,0.00,0.00,0.00,Matches
506,Diadie Samassékou,ml MLI,MF,Cádiz,27,1996,4,0,92,1.0,0,0,0,0,0,0,0,0,0.00,0.00,0.00,0.00,0.00,Matches
507,Fede San Emeterio,es ESP,MF,Cádiz,26,1997,4,3,152,1.7,1,0,1,1,0,0,1,1,0.59,0.00,0.59,0.59,0.59,Matches
508,Oihan Sancet,es ESP,MF,Athletic Club,23,2000,30,25,1975,21.9,4,5,9,4,0,1,5,2,0.18,0.23,0.41,0.18,0.41,Matches
509,Antonio Sánchez,es ESP,MF,Mallorca,26,1997,29,21,1452,16.1,3,1,4,3,0,0,3,0,0.19,0.06,0.25,0.19,0.25,Matches
510,Juanlu Sánchez,es ESP,"DF,MF",Sevilla,19,2003,26,11,1181,13.1,0,2,2,0,0,0,2,0,0.00,0.15,0.15,0.00,0.15,Matches
511,Manu Sánchez,es ESP,"DF,MF",Celta Vigo,22,2000,26,20,1775,19.7,0,5,5,0,0,0,3,0,0.00,0.25,0.25,0.00,0.25,Matches
512,Ricard Sánchez,es ESP,DF,Granada,23,2000,33,25,2295,25.5,3,0,3,3,0,0,8,0,0.12,0.00,0.12,0.12,0.12,Matches
513,Yellu Santiago,es ESP,MF,Getafe,19,2004,14,8,656,7.3,1,0,1,1,0,0,4,0,0.14,0.00,0.14,0.14,0.14,Matches
514,Paco Sanz,es ESP,DF,Almería,18,2004,1,0,24,0.3,0,0,0,0,0,0,0,0,0.00,0.00,0.00,0.00,0.00,Matches
515,Stefan Savić,me MNE,DF,Atlético Madrid,32,1991,23,19,1630,18.1,0,0,0,0,0,0,7,1,0.00,0.00,0.00,0.00,0.00,Matches
516,Sávio,br BRA,"MF,FW",Girona,19,2004,37,35,2976,33.1,9,10,19,9,0,0,5,0,0.27,0.30,0.57,0.27,0.57,Matches
517,Aleksandar Sedlar,rs SRB,DF,Alavés,31,1991,11,11,946,10.5,1,0,1,1,0,0,2,0,0.10,0.00,0.10,0.10,0.10,Matches
518,André Silva,pt POR,FW,Real Sociedad,27,1995,19,9,729,8.1,3,0,3,2,1,1,1,0,0.37,0.00,0.37,0.25,0.25,Matches
519,Rui Silva,pt POR,GK,Real Betis,29,1994,28,28,2475,27.5,0,0,0,0,0,0,4,0,0.00,0.00,0.00,0.00,0.00,Matches
520,Giuliano Simeone,ar ARG,MF,Alavés,20,2002,14,6,630,7.0,1,2,3,1,0,1,1,0,0.14,0.29,0.43,0.14,0.43,Matches
521,Unai Simón,es ESP,GK,Athletic Club,26,1997,36,36,3182,35.4,0,0,0,0,0,0,2,0,0.00,0.00,0.00,0.00,0.00,Matches
522,Daley Sinkgraven,nl NED,DF,Las Palmas,28,1995,10,6,374,4.2,0,0,0,0,0,0,0,1,0.00,0.00,0.00,0.00,0.00,Matches
523,Jailson Siqueira,br BRA,"DF,MF",Celta Vigo,27,1995,14,9,897,10.0,0,1,1,0,0,0,1,0,0.00,0.10,0.10,0.00,0.10,Matches
524,Antonio Sivera,es ESP,GK,Alavés,26,1996,34,34,3060,34.0,0,0,0,0,0,0,3,0,0.00,0.00,0.00,0.00,0.00,Matches
525,Rubén Sobrino,es ESP,"MF,FW",Cádiz,31,1992,32,18,1646,18.3,0,1,1,0,0,0,8,1,0.00,0.05,0.05,0.00,0.05,Matches
Rk,Player,Nation,Pos,Squad,Age,Born,MP,Starts,Min,90s,Gls,Ast,G+A,G-PK,PK,PKatt,CrdY,CrdR,Gls,Ast,G+A,G-PK,G+A-PK,Matches
526,Alex Sola,es ESP,"DF,FW",Real Sociedad,24,1999,2,0,30,0.3,0,0,0,0,0,0,0,0,0.00,0.00,0.00,0.00,0.00,Matches
527,Alex Sola,es ESP,MF,Alavés,24,1999,29,14,1262,14.0,0,3,3,0,0,0,2,0,0.00,0.21,0.21,0.00,0.21,Matches
528,Jhon Solis,co COL,MF,Girona,18,2004,18,2,384,4.3,0,0,0,0,0,0,0,0,0.00,0.00,0.00,0.00,0.00,Matches
529,David Soria,es ESP,GK,Getafe,30,1993,38,38,3413,37.9,0,0,0,0,0,0,3,0,0.00,0.00,0.00,0.00,0.00,Matches
530,Alberto Soro,es ESP,"FW,MF",Granada,24,1999,1,0,8,0.1,0,0,0,0,0,0,0,0,0.00,0.00,0.00,0.00,0.00,Matches
531,Hugo Sotelo,es ESP,MF,Celta Vigo,19,2003,17,8,721,8.0,0,1,1,0,0,0,1,0,0.00,0.12,0.12,0.00,0.12,Matches
532,Boubakary Soumaré,fr FRA,MF,Sevilla,24,1999,28,26,2286,25.4,0,1,1,0,0,0,10,0,0.00,0.04,0.04,0.00,0.04,Matches
533,Djibril Sow,ch SUI,MF,Sevilla,26,1997,24,18,1460,16.2,1,1,2,1,0,0,6,0,0.06,0.06,0.12,0.06,0.12,Matches
534,Çağlar Söyüncü,tr TUR,DF,Atlético Madrid,27,1996,6,1,114,1.3,0,0,0,0,0,0,0,1,0.00,0.00,0.00,0.00,0.00,Matches
535,Carl Starfelt,se SWE,DF,Celta Vigo,28,1995,27,26,2216,24.6,1,0,1,1,0,0,4,0,0.04,0.00,0.04,0.04,0.04,Matches
536,Jørgen Strand Larsen,no NOR,FW,Celta Vigo,23,2000,37,36,2863,31.8,13,3,16,13,0,0,5,0,0.41,0.09,0.50,0.41,0.50,Matches
537,Cristhian Stuani,uy URU,FW,Girona,36,1986,31,5,804,8.9,9,3,12,9,0,0,6,0,1.01,0.34,1.34,1.01,1.34,Matches
538,Álex Suárez,es ESP,DF,Las Palmas,30,1993,32,30,2562,28.5,2,0,2,2,0,0,7,0,0.07,0.00,0.07,0.07,0.07,Matches
539,Damián Suárez,uy URU,DF,Getafe,35,1988,16,15,1299,14.4,0,2,2,0,0,0,7,1,0.00,0.14,0.14,0.00,0.14,Matches
540,Denis Suárez,es ESP,MF,Villarreal,29,1994,4,1,133,1.5,0,0,0,0,0,0,0,0,0.00,0.00,0.00,0.00,0.00,Matches
541,Luis Suárez,co COL,"FW,MF",Almería,25,1997,15,10,917,10.2,6,0,6,5,1,1,3,0,0.59,0.00,0.59,0.49,0.49,Matches
542,Suso,es ESP,MF,Sevilla,29,1993,29,15,1517,16.9,1,4,5,1,0,0,5,1,0.06,0.24,0.30,0.06,0.30,Matches
543,Max Svensson,es ESP,FW,Osasuna,21,2001,1,0,3,0.0,0,0,0,0,0,0,0,0,0.00,0.00,0.00,0.00,0.00,Matches
544,Williot Swedberg,se SWE,FW,Celta Vigo,19,2004,15,4,439,4.9,5,0,5,5,0,0,1,0,1.03,0.00,1.03,1.03,1.03,Matches
545,Mamadou Sylla,sn SEN,FW,Alavés,29,1994,2,0,18,0.2,0,0,0,0,0,0,0,0,0.00,0.00,0.00,0.00,0.00,Matches
546,Alexander Sørloth,no NOR,FW,Villarreal,27,1995,34,30,2489,27.7,23,6,29,23,0,0,3,0,0.83,0.22,1.05,0.83,1.05,Matches
547,Yassin Tallal,es ESP,MF,Getafe,18,2005,1,0,3,0.0,0,0,0,0,0,0,0,0,0.00,0.00,0.00,0.00,0.00,Matches
548,Renato Tapia,pe PER,"MF,DF",Celta Vigo,28,1995,21,15,1337,14.9,0,0,0,0,0,0,5,1,0.00,0.00,0.00,0.00,0.00,Matches
549,César Tárrega,es ESP,DF,Valencia,21,2002,1,0,8,0.1,0,0,0,0,0,0,0,0,0.00,0.00,0.00,0.00,0.00,Matches
550,Marciano Tchami,gw GNB,FW,Almería,19,2004,6,0,43,0.5,0,0,0,0,0,0,0,0,0.00,0.00,0.00,0.00,0.00,Matches
Rk,Player,Nation,Pos,Squad,Age,Born,MP,Starts,Min,90s,Gls,Ast,G+A,G-PK,PK,PKatt,CrdY,CrdR,Gls,Ast,G+A,G-PK,G+A-PK,Matches
551,Aurélien Tchouaméni,fr FRA,"MF,DF",Real Madrid,23,2000,27,22,1987,22.1,3,1,4,3,0,0,7,0,0.14,0.05,0.18,0.14,0.18,Matches
552,Nahuel Tenaglia,ar ARG,DF,Alavés,27,1996,25,11,1141,12.7,1,0,1,1,0,0,5,0,0.08,0.00,0.08,0.08,0.08,Matches
553,Marc-André ter Stegen,de GER,GK,Barcelona,31,1992,28,28,2520,28.0,0,0,0,0,0,0,3,0,0.00,0.00,0.00,0.00,0.00,Matches
554,Ramón Terrats,es ESP,MF,Villarreal,22,2000,19,6,785,8.7,0,2,2,0,0,0,4,0,0.00,0.23,0.23,0.00,0.23,Matches
555,Kieran Tierney,sct SCO,DF,Real Sociedad,26,1997,20,14,1238,13.8,0,2,2,0,0,0,1,0,0.00,0.15,0.15,0.00,0.15,Matches
556,Raúl de Tomás,es ESP,FW,Rayo Vallecano,28,1994,25,15,1272,14.1,1,2,3,0,1,1,5,0,0.07,0.14,0.21,0.00,0.14,Matches
557,Pablo Torre,es ESP,MF,Girona,20,2003,26,4,701,7.8,0,2,2,0,0,0,1,0,0.00,0.26,0.26,0.00,0.26,Matches
558,Raúl Torrente,es ESP,DF,Granada,21,2001,17,14,1250,13.9,0,0,0,0,0,0,4,0,0.00,0.00,0.00,0.00,0.00,Matches
559,Ferrán Torres,es ESP,FW,Barcelona,23,2000,29,12,1211,13.5,7,2,9,7,0,0,2,0,0.52,0.15,0.67,0.52,0.67,Matches
560,Óliver Torres,es ESP,MF,Sevilla,28,1994,27,18,1616,18.0,0,1,1,0,0,0,3,0,0.00,0.06,0.06,0.00,0.06,Matches
561,Lucas Torró,es ESP,MF,Osasuna,29,1994,28,21,1788,19.9,1,0,1,1,0,0,5,0,0.05,0.00,0.05,0.05,0.05,Matches
562,Bertrand Traoré,bf BFA,MF,Villarreal,27,1995,11,6,568,6.3,1,0,1,1,0,0,4,0,0.16,0.00,0.16,0.16,0.16,Matches
563,Hamari Traoré,ml MLI,DF,Real Sociedad,31,1992,31,27,2292,25.5,0,2,2,0,0,0,7,0,0.00,0.08,0.08,0.00,0.08,Matches
564,Óscar Trejo,ar ARG,"FW,MF",Rayo Vallecano,35,1988,31,19,1380,15.3,0,0,0,0,0,0,4,1,0.00,0.00,0.00,0.00,0.00,Matches
565,Manu Trigueros,es ESP,MF,Villarreal,31,1991,14,2,309,3.4,0,0,0,0,0,0,0,0,0.00,0.00,0.00,0.00,0.00,Matches
566,Viktor Tsyhankov,ua UKR,MF,Girona,25,1997,30,26,2052,22.8,8,7,15,8,0,0,0,0,0.35,0.31,0.66,0.35,0.66,Matches
567,Beñat Turrientes,es ESP,MF,Real Sociedad,21,2002,29,19,1687,18.7,0,1,1,0,0,0,4,0,0.00,0.05,0.05,0.00,0.05,Matches
568,Enes Ünal,tr TUR,FW,Getafe,26,1997,3,1,140,1.6,0,1,1,0,0,0,0,0,0.00,0.64,0.64,0.00,0.64,Matches
569,Myrto Uzuni,al ALB,"FW,MF",Granada,28,1995,34,28,2448,27.2,11,1,12,7,4,5,3,0,0.40,0.04,0.44,0.26,0.29,Matches
570,Óscar Valentín,es ESP,MF,Rayo Vallecano,28,1994,34,32,2692,29.9,1,0,1,1,0,0,7,1,0.03,0.00,0.03,0.03,0.03,Matches
571,Martin Valjent,sk SVK,DF,Mallorca,27,1995,28,28,2349,26.1,0,1,1,0,0,0,5,0,0.00,0.04,0.04,0.00,0.04,Matches
572,Jesús Vallejo,es ESP,DF,Granada,26,1997,3,1,108,1.2,0,0,0,0,0,0,1,0,0.00,0.00,0.00,0.00,0.00,Matches
573,Álvaro Vallés,es ESP,GK,Las Palmas,26,1997,37,37,3263,36.3,0,0,0,0,0,0,2,1,0.00,0.00,0.00,0.00,0.00,Matches
574,Federico Valverde,uy URU,MF,Real Madrid,25,1998,37,33,2904,32.3,2,7,9,2,0,0,2,0,0.06,0.22,0.28,0.06,0.28,Matches
575,Siebe Van Der Heyden,be BEL,DF,Mallorca,25,1998,6,4,286,3.2,0,0,0,0,0,0,2,1,0.00,0.00,0.00,0.00,0.00,Matches
Rk,Player,Nation,Pos,Squad,Age,Born,MP,Starts,Min,90s,Gls,Ast,G+A,G-PK,PK,PKatt,CrdY,CrdR,Gls,Ast,G+A,G-PK,G+A-PK,Matches
576,José Luis García Vayá,es ESP,MF,Valencia,24,1998,37,37,3302,36.7,7,1,8,0,7,8,4,0,0.19,0.03,0.22,0.00,0.03,Matches
577,Borja Vázquez,es ESP,FW,Cádiz,18,2005,1,0,4,0.0,0,0,0,0,0,0,0,0,0.00,0.00,0.00,0.00,0.00,Matches
578,Jesus Vazquez,es ESP,DF,Valencia,20,2003,20,6,716,8.0,1,0,1,1,0,0,1,0,0.13,0.00,0.13,0.13,0.13,Matches
579,Kevin Vázquez,es ESP,DF,Celta Vigo,30,1993,12,10,700,7.8,0,0,0,0,0,0,3,0,0.00,0.00,0.00,0.00,0.00,Matches
580,Lucas Vázquez,es ESP,DF,Real Madrid,32,1991,29,14,1419,15.8,3,6,9,3,0,0,0,0,0.19,0.38,0.57,0.19,0.57,Matches
581,Gabriel Veiga,es ESP,MF,Celta Vigo,21,2002,1,0,18,0.2,0,0,0,0,0,0,0,0,0.00,0.00,0.00,0.00,0.00,Matches
582,Alejo Véliz,ar ARG,FW,Sevilla,19,2003,6,0,35,0.4,0,0,0,0,0,0,0,0,0.00,0.00,0.00,0.00,0.00,Matches
583,Arthur Vermeeren,be BEL,MF,Atlético Madrid,18,2005,5,2,162,1.8,0,0,0,0,0,0,2,0,0.00,0.00,0.00,0.00,0.00,Matches
584,Mikel Vesga,es ESP,MF,Athletic Club,30,1993,27,18,1534,17.0,3,1,4,1,2,2,2,0,0.18,0.06,0.23,0.06,0.12,Matches
585,Carlos Vicente,es ESP,MF,Alavés,24,1999,18,12,1114,12.4,2,4,6,2,0,0,1,0,0.16,0.32,0.48,0.16,0.48,Matches
586,Nacho Vidal,es ESP,DF,Osasuna,28,1995,7,0,96,1.1,1,0,1,1,0,0,0,0,0.94,0.00,0.94,0.94,0.94,Matches
587,Nacho Vidal,es ESP,DF,Mallorca,28,1995,8,5,416,4.6,0,0,0,0,0,0,2,0,0.00,0.00,0.00,0.00,0.00,Matches
588,Fran Vieites,es ESP,GK,Real Betis,24,1999,4,3,315,3.5,0,0,0,0,0,0,0,0,0.00,0.00,0.00,0.00,0.00,Matches
589,Jonathan Viera,es ESP,"MF,FW",Las Palmas,33,1989,9,7,617,6.9,2,1,3,0,2,2,1,0,0.29,0.15,0.44,0.00,0.15,Matches
590,Jonathan Viera,es ESP,MF,Almería,33,1989,12,12,912,10.1,0,3,3,0,0,0,3,1,0.00,0.30,0.30,0.00,0.30,Matches
591,Toni Villa,es ESP,MF,Girona,28,1995,2,0,13,0.1,0,0,0,0,0,0,0,0,0.00,0.00,0.00,0.00,0.00,Matches
592,Asier Villalibre,es ESP,FW,Athletic Club,25,1997,18,4,513,5.7,2,1,3,2,0,0,0,0,0.35,0.18,0.53,0.35,0.53,Matches
593,Gonzalo Villar,es ESP,MF,Granada,25,1998,35,21,1803,20.0,1,3,4,1,0,0,7,0,0.05,0.15,0.20,0.05,0.20,Matches
594,Iván Villar,es ESP,GK,Celta Vigo,26,1997,12,12,1014,11.3,0,0,0,0,0,0,0,2,0.00,0.00,0.00,0.00,0.00,Matches
595,Ricardo Visus,es ESP,DF,Real Betis,22,2001,3,1,166,1.8,0,0,0,0,0,0,0,0,0.00,0.00,0.00,0.00,0.00,Matches
596,Daniel Vivian,es ESP,DF,Athletic Club,24,1999,33,31,2878,32.0,0,0,0,0,0,0,6,0,0.00,0.00,0.00,0.00,0.00,Matches
597,Shon Weissman,il ISR,FW,Granada,27,1996,5,0,82,0.9,0,0,0,0,0,0,0,0,0.00,0.00,0.00,0.00,0.00,Matches
598,Iñaki Williams,gh GHA,MF,Athletic Club,29,1994,34,32,2844,31.6,12,3,15,12,0,0,4,0,0.38,0.09,0.47,0.38,0.47,Matches
599,Nico Williams,es ESP,MF,Athletic Club,21,2002,31,29,2263,25.1,5,11,16,5,0,0,6,1,0.20,0.44,0.64,0.20,0.64,Matches
600,Axel Witsel,be BEL,DF,Atlético Madrid,34,1989,35,30,2783,30.9,2,0,2,2,0,0,5,0,0.06,0.00,0.06,0.06,0.06,Matches
Rk,Player,Nation,Pos,Squad,Age,Born,MP,Starts,Min,90s,Gls,Ast,G+A,G-PK,PK,PKatt,CrdY,CrdR,Gls,Ast,G+A,G-PK,G+A-PK,Matches
601,Xeber,es ESP,"MF,FW",Alavés,26,1997,10,3,302,3.4,0,0,0,0,0,0,1,0,0.00,0.00,0.00,0.00,0.00,Matches
602,Antal Yaakobishvili,hu HUN,DF,Girona,19,2004,1,0,61,0.7,0,0,0,0,0,0,0,0,0.00,0.00,0.00,0.00,0.00,Matches
603,Lamine Yamal,es ESP,"FW,MF",Barcelona,16,2007,37,22,2201,24.5,5,5,10,5,0,0,3,0,0.20,0.20,0.41,0.20,0.41,Matches
604,Roman Yaremchuk,ua UKR,FW,Valencia,27,1995,25,11,928,10.3,3,0,3,3,0,0,2,0,0.29,0.00,0.29,0.29,0.29,Matches
605,Arsen Zakharyan,ru RUS,"MF,FW",Real Sociedad,20,2003,29,15,1228,13.6,1,2,3,1,0,0,1,0,0.07,0.15,0.22,0.07,0.22,Matches
606,Joseba Zaldúa,es ESP,"DF,MF",Cádiz,31,1992,13,9,704,7.8,0,0,0,0,0,0,3,0,0.00,0.00,0.00,0.00,0.00,Matches
607,Bryan Zaragoza,es ESP,"MF,FW",Granada,21,2001,21,18,1638,18.2,6,2,8,5,1,1,5,0,0.33,0.11,0.44,0.27,0.38,Matches
608,Igor Zubeldia,es ESP,DF,Real Sociedad,26,1997,30,29,2518,28.0,0,2,2,0,0,0,11,1,0.00,0.07,0.07,0.00,0.07,Matches
609,Martín Zubimendi,es ESP,MF,Real Sociedad,24,1999,31,29,2654,29.5,4,1,5,4,0,0,5,0,0.14,0.03,0.17,0.14,0.17,Matches
