Unnamed: 0_level_0,Unnamed: 1_level_0,Unnamed: 2_level_0,Unnamed: 3_level_0,Unnamed: 4_level_0,Unnamed: 5_level_0,Unnamed: 6_level_0,Unnamed: 7_level_0,Standard,Standard,Standard,Standard,Standard,Standard,Standard,Standard,Standard,Standard,Unnamed: 18_level_0
Rk,Player,Nation,Pos,Squad,Age,Born,90s,Gls,Sh,SoT,SoT%,Sh/90,SoT/90,G/Sh,G/SoT,PK,PKatt,Matches
1,Tony Abad,es ESP,"DF,MF",Huesca,27,1996,19.9,0,4,0,0.0,0.20,0.00,0.00,,0,0,Matches
2,Haitam Abaida,ma MAR,FW,Málaga,22,2002,0.2,0,0,0,,0.00,0.00,,,0,0,Matches
3,Amir Abedzadeh,ir IRN,GK,Castellón,31,1993,2.9,0,0,0,,0.00,0.00,,,0,0,Matches
4,Álvaro Aceves,es ESP,GK,Eldense,21,2003,0.7,0,0,0,,0.00,0.00,,,0,0,Matches
5,Adilson,pt POR,"FW,MF",Córdoba,27,1997,15.3,3,28,8,28.6,1.83,0.52,0.11,0.38,0,0,Matches
6,David Affengruber,at AUT,DF,Elche,23,2001,35.6,0,12,5,41.7,0.34,0.14,0.00,0.00,0,0,Matches
7,Martin Agirregabiria,es ESP,DF,Cartagena,28,1996,25.4,1,10,2,20.0,0.39,0.08,0.10,0.50,0,0,Matches
8,Marc Aguado,es ESP,MF,Elche,24,2000,6.0,0,2,0,0.0,0.33,0.00,0.00,,0,0,Matches
9,Marc Aguado,es ESP,MF,Zaragoza,24,2000,11.4,0,0,0,,0.00,0.00,,,0,0,Matches
10,Lalo Aguilar,es ESP,DF,Albacete,22,2002,29.8,0,11,1,9.1,0.37,0.03,0.00,0.00,0,0,Matches
11,Lucas Ahijado,es ESP,DF,Oviedo,29,1995,8.7,1,5,2,40.0,0.58,0.23,0.20,0.50,0,0,Matches
12,Ager Aketxe,es ESP,"MF,FW",Zaragoza,30,1993,20.9,2,54,18,33.3,2.58,0.86,0.04,0.11,0,1,Matches
13,Tomás Alarcón,cl CHI,"DF,MF",Cádiz,25,1999,0.9,0,1,1,100.0,1.06,1.06,0.00,0.00,0,0,Matches
14,Albarrán,es ESP,DF,Córdoba,30,1994,32.8,4,25,9,36.0,0.76,0.27,0.16,0.44,0,0,Matches
15,Raúl Alcaina,es ESP,MF,Dep. La Coruña,24,2000,1.0,0,0,0,,0.00,0.00,,,0,0,Matches
16,Pedro Alcalá,es ESP,DF,Cartagena,35,1989,29.0,0,11,5,45.5,0.38,0.17,0.00,0.00,0,0,Matches
17,Rubén Alcaraz,es ESP,MF,Cádiz,33,1991,23.6,3,31,9,29.0,1.31,0.38,0.03,0.11,2,3,Matches
18,Aldasoro,es ESP,MF,Racing Sant,25,1999,32.1,2,34,7,20.6,1.06,0.22,0.06,0.29,0,0,Matches
19,Iker Alday,es ESP,DF,Eibar,21,2003,0.1,0,0,0,,0.00,0.00,,,0,0,Matches
20,Iván Alejo,es ESP,"MF,DF",Cádiz,29,1995,9.4,0,7,0,0.0,0.74,0.00,0.00,,0,0,Matches
21,Alexandre Alemão,br BRA,FW,Oviedo,26,1998,33.0,14,99,36,36.4,3.00,1.09,0.14,0.39,0,0,Matches
22,Alejandro Alfaro,es ESP,MF,Dep. La Coruña,22,2002,0.0,0,0,0,,0.00,0.00,,,0,0,Matches
23,Ángel Algobia,es ESP,MF,Levante,25,1999,8.9,2,9,3,33.3,1.01,0.34,0.22,0.67,0,0,Matches
24,Julio Alonso,es ESP,"MF,DF",Mirandés,25,1998,23.3,0,9,1,11.1,0.39,0.04,0.00,0.00,0,0,Matches
25,Agustín Álvarez,uy URU,"FW,MF",Elche,23,2001,25.9,8,72,29,40.3,2.78,1.12,0.11,0.28,0,1,Matches
Rk,Player,Nation,Pos,Squad,Age,Born,90s,Gls,Sh,SoT,SoT%,Sh/90,SoT/90,G/Sh,G/SoT,PK,PKatt,Matches
26,Carlos Álvarez,es ESP,"MF,FW",Levante,20,2003,37.6,7,47,17,36.2,1.25,0.45,0.15,0.41,0,0,Matches
27,César Álvarez,es ESP,DF,Tenerife,21,2003,8.0,0,4,0,0.0,0.50,0.00,0.00,,0,0,Matches
28,Ismael Álvarez,es ESP,FW,Cádiz,16,2007,0.0,0,1,0,0.0,22.50,0.00,0.00,,0,0,Matches
29,Sergio Álvarez,es ESP,MF,Eibar,32,1992,31.0,0,12,5,41.7,0.39,0.16,0.00,0.00,0,0,Matches
30,Rubén Alves,es ESP,DF,Tenerife,29,1994,6.7,1,3,1,33.3,0.45,0.15,0.33,1.00,0,0,Matches
31,Rubén Alves,es ESP,DF,Córdoba,29,1994,8.1,2,10,5,50.0,1.24,0.62,0.20,0.40,0,0,Matches
32,Jair Amador,gq EQG,DF,Zaragoza,34,1989,18.4,2,13,6,46.2,0.71,0.33,0.15,0.33,0,0,Matches
33,Andy,es ESP,MF,Cartagena,34,1990,24.6,4,24,9,37.5,0.98,0.37,0.04,0.11,3,3,Matches
34,José Ángel,es ESP,DF,Sporting Gijón,34,1989,15.1,1,12,3,25.0,0.79,0.20,0.08,0.33,0,0,Matches
35,José Ángel,es ESP,MF,Dep. La Coruña,32,1992,21.7,0,19,4,21.1,0.88,0.18,0.00,0.00,0,0,Matches
36,Miguel Ángel Rubio,es ESP,DF,Granada,26,1998,29.0,3,19,7,36.8,0.66,0.24,0.16,0.43,0,0,Matches
37,Hugo Anglada,es ESP,DF,Huesca,20,2004,0.1,0,0,0,,0.00,0.00,,,0,0,Matches
38,Josep Antoni Gayá,es ESP,DF,Tenerife,24,2000,10.4,0,6,0,0.0,0.58,0.00,0.00,,0,0,Matches
39,José Antonio,es ESP,MF,Cádiz,20,2004,9.3,1,16,4,25.0,1.72,0.43,0.06,0.25,0,0,Matches
40,José Antonio Ríos,es ESP,DF,Cartagena,34,1990,11.9,0,4,0,0.0,0.34,0.00,0.00,,0,0,Matches
41,Juan Antonio Ros,es ESP,DF,Albacete,28,1996,11.7,0,5,0,0.0,0.43,0.00,0.00,,0,0,Matches
42,Kévin Appin,mq MTQ,MF,Burgos,26,1998,5.7,0,4,1,25.0,0.70,0.18,0.00,0.00,0,0,Matches
43,Aritz Arambarri,es ESP,DF,Eibar,26,1998,26.8,0,7,1,14.3,0.26,0.04,0.00,0.00,0,0,Matches
44,Arana,es ESP,FW,Racing Sant,24,2000,25.2,13,86,35,40.7,3.41,1.39,0.15,0.37,0,0,Matches
45,Anaitz Arbilla,es ESP,DF,Eibar,37,1987,25.8,0,17,5,29.4,0.66,0.19,0.00,0.00,0,0,Matches
46,Adu Ares,es ESP,"MF,DF",Zaragoza,22,2001,16.3,2,33,7,21.2,2.02,0.43,0.06,0.29,0,0,Matches
47,Jeremy Arévalo,ec ECU,MF,Racing Sant,19,2005,1.7,0,0,0,,0.00,0.00,,,0,0,Matches
48,Ayman Arguigue,ma MAR,FW,Huesca,19,2005,1.0,0,2,2,100.0,2.02,2.02,0.00,0.00,0,0,Matches
49,Kervin Arriaga,hn HON,"MF,DF",Zaragoza,26,1998,14.6,1,13,4,30.8,0.89,0.27,0.08,0.25,0,0,Matches
50,Sergio Arribas,es ESP,MF,Almería,22,2001,28.7,8,79,28,35.4,2.75,0.97,0.10,0.29,0,0,Matches
Rk,Player,Nation,Pos,Squad,Age,Born,90s,Gls,Sh,SoT,SoT%,Sh/90,SoT/90,G/Sh,G/SoT,PK,PKatt,Matches
51,Hodei Arrillaga,,DF,Eibar,,,17.5,0,7,1,14.3,0.40,0.06,0.00,0.00,0,0,Matches
52,Anderson Arroyo,co COL,DF,Burgos,24,1999,29.9,0,9,0,0.0,0.30,0.00,0.00,,0,0,Matches
53,Assane,sn SEN,MF,Cartagena,24,1999,14.2,0,10,4,40.0,0.70,0.28,0.00,0.00,0,0,Matches
54,Miguel Atienza,es ESP,MF,Burgos,25,1999,34.7,0,18,8,44.4,0.52,0.23,0.00,0.00,0,0,Matches
55,Douglas Aurélio,pt POR,"FW,MF",Castellón,25,1999,14.8,3,43,21,48.8,2.91,1.42,0.07,0.14,0,0,Matches
56,Ivan Azón,es ESP,FW,Zaragoza,21,2002,16.2,7,48,19,39.6,2.96,1.17,0.15,0.37,0,0,Matches
57,Iddrisu Baba,gh GHA,MF,Almería,28,1996,6.8,0,3,0,0.0,0.44,0.00,0.00,,0,0,Matches
58,Édgar Badía,es ESP,GK,Tenerife,32,1992,22.0,0,0,0,,0.00,0.00,,,0,0,Matches
59,Édgar Badía,es ESP,GK,Elche,32,1992,1.0,0,0,0,,0.00,0.00,,,0,0,Matches
60,Léo Baptistão,br BRA,"MF,FW",Almería,31,1992,27.1,10,100,33,33.0,3.69,1.22,0.10,0.30,0,0,Matches
61,Barbero,es ESP,FW,Dep. La Coruña,25,1998,19.7,7,55,23,41.8,2.79,1.17,0.13,0.30,0,0,Matches
62,Matías Barboza,es ESP,DF,Córdoba,22,2002,1.1,0,0,0,,0.00,0.00,,,0,0,Matches
63,Daniel Barcia,es ESP,DF,Dep. La Coruña,21,2003,16.0,0,6,0,0.0,0.37,0.00,0.00,,0,0,Matches
64,Keidi Bare,al ALB,MF,Zaragoza,26,1997,18.3,0,19,4,21.1,1.04,0.22,0.00,0.00,0,1,Matches
65,Gabriel Bares,ch SUI,MF,Burgos,23,2000,1.3,0,0,0,,0.00,0.00,,,0,0,Matches
66,Matia Barzic,hr CRO,DF,Eldense,20,2004,13.9,0,1,0,0.0,0.07,0.00,0.00,,0,0,Matches
67,Matia Barzic,hr CRO,DF,Elche,20,2004,4.9,0,2,1,50.0,0.41,0.20,0.00,0.00,0,0,Matches
68,Aboubacar Bassinga,bf BFA,FW,Mirandés,19,2005,0.5,0,1,0,0.0,1.87,0.00,0.00,,0,0,Matches
69,Borja Bastón,es ESP,FW,Granada,31,1992,2.2,0,8,1,12.5,3.62,0.45,0.00,0.00,0,0,Matches
70,Roko Baturina,hr CRO,FW,Málaga,24,2000,9.9,2,22,6,27.3,2.21,0.60,0.09,0.33,0,1,Matches
71,Jon Bautista,es ESP,FW,Eibar,29,1995,28.9,11,95,36,37.9,3.29,1.25,0.12,0.31,0,0,Matches
72,Samed Baždar,ba BIH,"FW,MF",Zaragoza,20,2004,18.8,4,41,18,43.9,2.18,0.96,0.10,0.22,0,0,Matches
73,Bebé,cv CPV,"MF,FW",Racing Ferrol,34,1990,9.2,0,23,7,30.4,2.51,0.76,0.00,0.00,0,0,Matches
74,Axel Bejarano Fernandez,es ESP,FW,Huesca,19,2005,0.4,0,0,0,,0.00,0.00,,,0,0,Matches
75,Iker Benito,es ESP,"DF,MF",Mirandés,21,2002,15.7,1,23,5,21.7,1.47,0.32,0.04,0.20,0,0,Matches
Rk,Player,Nation,Pos,Squad,Age,Born,90s,Gls,Sh,SoT,SoT%,Sh/90,SoT/90,G/Sh,G/SoT,PK,PKatt,Matches
76,Sergio Bermejo,es ESP,MF,Zaragoza,26,1997,3.0,0,3,0,0.0,1.00,0.00,0.00,,0,0,Matches
77,Álex Bernal,es ESP,"MF,FW",Eldense,33,1991,12.6,1,9,3,33.3,0.72,0.24,0.11,0.33,0,0,Matches
78,Jesús Bernal,es ESP,MF,Sporting Gijón,27,1996,6.9,0,3,0,0.0,0.43,0.00,0.00,,0,0,Matches
79,Emilio Bernard,es ESP,GK,Racing Ferrol,24,1999,1.0,0,0,0,,0.00,0.00,,,0,0,Matches
80,Pedro Bigas,es ESP,DF,Elche,33,1990,28.5,2,24,9,37.5,0.84,0.32,0.08,0.22,0,0,Matches
81,Raúl Blanco,es ESP,"FW,MF",Racing Ferrol,23,2001,7.0,0,20,7,35.0,2.84,1.00,0.00,0.00,0,0,Matches
82,Jérémy Blasco,fr FRA,DF,Huesca,25,1999,26.8,1,2,1,50.0,0.07,0.04,0.50,1.00,0,0,Matches
83,Adam Boayar,ma MAR,FW,Elche,18,2005,1.0,1,4,3,75.0,4.14,3.10,0.25,0.33,0,0,Matches
84,Yann Bodiger,fr FRA,MF,Tenerife,29,1995,21.0,0,31,3,9.7,1.48,0.14,0.00,0.00,0,0,Matches
85,Rahim Bonkano,ne NIG,DF,Oviedo,22,2002,20.6,0,3,0,0.0,0.15,0.00,0.00,,0,0,Matches
86,Santi Borikó,gq EQG,DF,Castellón,21,2003,1.2,0,0,0,,0.00,0.00,,,0,0,Matches
87,David Bosilj,si SVN,FW,Castellón,22,2002,1.9,1,5,4,80.0,2.69,2.16,0.20,0.25,0,0,Matches
88,Mohamed Bouldini,ma MAR,FW,Levante,28,1995,0.9,0,5,2,40.0,5.49,2.20,0.00,0.00,0,0,Matches
89,Mohamed Bouldini,ma MAR,FW,Dep. La Coruña,28,1995,7.2,1,14,3,21.4,1.94,0.42,0.07,0.33,0,0,Matches
90,Mohamed Bouzaidi Diouri,ma MAR,MF,Eldense,24,1999,3.2,1,11,4,36.4,3.40,1.24,0.09,0.25,0,0,Matches
91,Lucas Boyé,ar ARG,FW,Granada,28,1996,28.8,10,86,28,32.6,2.99,0.97,0.08,0.25,3,4,Matches
92,Quentin Braat,fr FRA,GK,Oviedo,27,1997,1.0,0,0,0,,0.00,0.00,,,0,0,Matches
93,Brau,es ESP,DF,Granada,22,2001,20.5,2,16,5,31.3,0.78,0.24,0.13,0.40,0,0,Matches
94,Brugui,es ESP,"FW,MF",Levante,27,1996,27.2,11,65,26,40.0,2.39,0.96,0.17,0.42,0,0,Matches
95,Aitor Buñuel,es ESP,DF,Racing Ferrol,26,1998,24.1,1,9,5,55.6,0.37,0.21,0.11,0.20,0,0,Matches
96,Adrián Butzke,es ESP,FW,Mirandés,25,1999,3.3,1,12,4,33.3,3.67,1.22,0.08,0.25,0,0,Matches
97,Erick Cabaco,uy URU,DF,Racing Ferrol,29,1995,1.5,0,0,0,,0.00,0.00,,,0,0,Matches
98,Jorge Cabello,es ESP,DF,Levante,20,2004,16.3,0,0,0,,0.00,0.00,,,0,0,Matches
99,Jordy Caicedo,ec ECU,FW,Sporting Gijón,26,1997,8.0,2,17,5,29.4,2.12,0.62,0.06,0.20,1,1,Matches
100,Álex Calatrava,es ESP,"MF,FW",Castellón,24,2000,24.7,6,82,20,24.4,3.31,0.81,0.07,0.30,0,0,Matches
Rk,Player,Nation,Pos,Squad,Age,Born,90s,Gls,Sh,SoT,SoT%,Sh/90,SoT/90,G/Sh,G/SoT,PK,PKatt,Matches
101,Josep Calavera,es ESP,MF,Castellón,24,1999,9.3,0,2,2,100.0,0.21,0.21,0.00,0.00,0,0,Matches
102,Calderón,es ESP,DF,Córdoba,24,2000,24.5,0,13,2,15.4,0.53,0.08,0.00,0.00,0,0,Matches
103,Iván Calero,es ESP,DF,Zaragoza,29,1995,27.4,0,34,5,14.7,1.24,0.18,0.00,0.00,0,0,Matches
104,Álex Calvo,es ESP,FW,Mirandés,20,2004,2.0,1,4,2,50.0,1.97,0.98,0.25,0.50,0,0,Matches
105,Dani Calvo,es ESP,DF,Oviedo,30,1994,40.8,2,20,6,30.0,0.49,0.15,0.10,0.33,0,0,Matches
106,Ousmane Camara,gn GUI,FW,Castellón,22,2001,11.6,3,37,10,27.0,3.20,0.86,0.08,0.30,0,0,Matches
107,Sulei Camara,gm GAM,MF,Racing Sant,22,2001,5.0,1,7,3,42.9,1.40,0.60,0.14,0.33,0,0,Matches
108,Víctor Camarasa,es ESP,MF,Eldense,30,1994,11.5,0,16,4,25.0,1.40,0.35,0.00,0.00,0,0,Matches
109,Gaspar Campos,es ESP,"MF,FW",Sporting Gijón,24,2000,16.3,4,36,10,27.8,2.21,0.61,0.11,0.40,0,0,Matches
110,Víctor Campuzano,es ESP,FW,Sporting Gijón,27,1997,11.6,5,40,16,40.0,3.44,1.37,0.10,0.25,1,2,Matches
111,Álex Cantero,es ESP,"MF,FW",Tenerife,24,2000,10.4,2,35,13,37.1,3.36,1.25,0.06,0.15,0,0,Matches
112,Ander Cantero,es ESP,GK,Burgos,29,1995,42.0,0,0,0,,0.00,0.00,,,0,0,Matches
113,Mario Cantero,es ESP,MF,Burgos,22,2002,3.4,0,2,0,0.0,0.59,0.00,0.00,,0,0,Matches
114,David Carballo,es ESP,MF,Racing Ferrol,18,2006,0.3,0,0,0,,0.00,0.00,,,0,0,Matches
115,Isaac Carcelen,es ESP,DF,Cádiz,31,1993,28.3,1,11,5,45.5,0.39,0.18,0.09,0.20,0,0,Matches
116,Álex Cardero,es ESP,MF,Oviedo,20,2003,6.6,1,9,3,33.3,1.36,0.45,0.11,0.33,0,0,Matches
117,Carlo,es ESP,MF,Mirandés,23,2001,0.8,0,2,1,50.0,2.65,1.32,0.00,0.00,0,0,Matches
118,José Carlos Lazo,es ESP,"MF,FW",Albacete,28,1996,9.4,1,27,8,29.6,2.89,0.86,0.04,0.13,0,0,Matches
119,Cristian Carracedo,es ESP,"FW,MF",Córdoba,28,1995,36.5,5,51,20,39.2,1.40,0.55,0.06,0.15,2,2,Matches
120,Marco Carrascal,es ESP,DF,Racing Sant,21,2003,0.4,0,0,0,,0.00,0.00,,,0,0,Matches
121,Oscar Carrasco Sojo,es ESP,MF,Eibar,21,2002,0.1,0,1,0,0.0,9.00,0.00,0.00,,0,0,Matches
122,Álvaro Carrillo,es ESP,DF,Eibar,22,2002,14.4,1,4,1,25.0,0.28,0.07,0.25,1.00,0,0,Matches
123,Antonio Casas,es ESP,FW,Córdoba,24,2000,29.4,10,83,20,24.1,2.82,0.68,0.12,0.50,0,0,Matches
124,Sergio Castel,es ESP,FW,Málaga,29,1995,4.5,1,7,2,28.6,1.54,0.44,0.14,0.50,0,0,Matches
125,David Castro,es ESP,DF,Racing Ferrol,28,1995,20.3,0,8,1,12.5,0.39,0.05,0.00,0.00,0,0,Matches
Rk,Player,Nation,Pos,Squad,Age,Born,90s,Gls,Sh,SoT,SoT%,Sh/90,SoT/90,G/Sh,G/SoT,PK,PKatt,Matches
126,Javier Castro,es ESP,DF,Racing Sant,23,2000,30.7,3,21,8,38.1,0.68,0.26,0.14,0.38,0,0,Matches
127,Nicolás Castro,ar ARG,MF,Elche,23,2000,25.5,4,55,22,40.0,2.16,0.86,0.05,0.14,1,1,Matches
128,Santi Cazorla,es ESP,"MF,FW",Oviedo,39,1984,21.1,3,28,9,32.1,1.33,0.43,0.04,0.11,2,3,Matches
129,Álex Centelles,es ESP,"DF,MF",Almería,26,1997,27.6,2,19,5,26.3,0.69,0.18,0.11,0.40,0,0,Matches
130,Luis Chacón,es ESP,MF,Dep. La Coruña,24,2000,0.0,0,0,0,,0.00,0.00,,,0,0,Matches
131,Ilyas Chaira,ma MAR,"MF,FW",Oviedo,23,2001,24.8,7,72,23,31.9,2.90,0.93,0.10,0.30,0,0,Matches
132,Chapela,es ESP,MF,Eldense,25,1999,17.1,4,39,14,35.9,2.28,0.82,0.10,0.29,0,0,Matches
133,Willy Chatiliez,cl CHI,MF,Huesca,19,2005,1.0,1,3,1,33.3,3.10,1.03,0.33,1.00,0,0,Matches
134,Checo,es ESP,DF,Cartagena,19,2004,0.3,0,0,0,,0.00,0.00,,,0,0,Matches
135,Chema,es ESP,DF,Eibar,32,1992,9.7,1,7,2,28.6,0.72,0.21,0.14,0.50,0,0,Matches
136,Chiki,es ESP,"FW,MF",Racing Ferrol,27,1996,11.7,1,22,4,18.2,1.88,0.34,0.00,0.00,1,1,Matches
137,Daijiro Chirino,cw CUW,"DF,MF",Castellón,22,2002,33.3,0,17,5,29.4,0.51,0.15,0.00,0.00,0,0,Matches
138,Chumi,es ESP,DF,Almería,25,1999,26.4,0,4,2,50.0,0.15,0.08,0.00,0.00,0,0,Matches
139,Chupete,es ESP,FW,Málaga,19,2004,10.8,4,22,9,40.9,2.03,0.83,0.18,0.44,0,0,Matches
140,Churripi,es ESP,GK,Cádiz,30,1994,4.6,0,0,0,,0.00,0.00,,,0,0,Matches
141,Víctor Chust,es ESP,DF,Cádiz,24,2000,38.2,3,8,4,50.0,0.21,0.10,0.38,0.75,0,0,Matches
142,Brian Cipenga,cd COD,"MF,FW",Castellón,26,1998,7.6,3,20,7,35.0,2.62,0.92,0.15,0.43,0,0,Matches
143,Enrique Clemente,es ESP,DF,Zaragoza,25,1999,14.6,1,9,3,33.3,0.62,0.21,0.11,0.33,0,0,Matches
144,Óscar Clemente,es ESP,MF,Levante,25,1999,0.6,0,1,0,0.0,1.67,0.00,0.00,,0,0,Matches
145,Óscar Clemente,es ESP,MF,Cartagena,25,1999,11.5,0,11,1,9.1,0.96,0.09,0.00,0.00,0,0,Matches
146,Carlos Clerc,es ESP,MF,Elche,32,1992,0.7,0,0,0,,0.00,0.00,,,0,0,Matches
147,Mario Climent,es ESP,"DF,MF",Cádiz,22,2002,19.2,3,14,5,35.7,0.73,0.26,0.21,0.60,0,0,Matches
148,Silvi Clúa,es ESP,MF,Almería,19,2005,4.5,0,2,0,0.0,0.44,0.00,0.00,,0,0,Matches
149,Diego Collado,es ESP,"FW,MF",Eldense,23,2001,10.4,2,24,6,25.0,2.31,0.58,0.08,0.33,0,0,Matches
150,Santiago Colombatto,ar ARG,MF,Oviedo,27,1997,36.0,4,35,10,28.6,0.97,0.28,0.09,0.30,1,1,Matches
Rk,Player,Nation,Pos,Squad,Age,Born,90s,Gls,Sh,SoT,SoT%,Sh/90,SoT/90,G/Sh,G/SoT,PK,PKatt,Matches
151,Arnau Comas,es ESP,DF,Eibar,24,2000,7.5,0,1,0,0.0,0.13,0.00,0.00,,0,0,Matches
152,Theo Corbeanu,ca CAN,MF,Granada,22,2002,2.8,0,7,3,42.9,2.49,1.07,0.00,0.00,0,0,Matches
153,Gabriele Corbo,it ITA,DF,Córdoba,24,2000,1.5,0,1,0,0.0,0.67,0.00,0.00,,0,0,Matches
154,Antonio Cordero,es ESP,MF,Málaga,17,2006,23.2,6,67,23,34.3,2.89,0.99,0.04,0.13,3,4,Matches
155,Aitor Córdoba,es ESP,DF,Burgos,29,1995,40.4,1,10,2,20.0,0.25,0.05,0.10,0.50,0,0,Matches
156,Iñigo Córdoba,es ESP,"MF,DF",Burgos,27,1997,18.2,3,31,9,29.0,1.70,0.49,0.10,0.33,0,0,Matches
157,José Corpas,es ESP,"DF,MF",Eibar,33,1991,31.9,6,54,21,38.9,1.69,0.66,0.07,0.19,2,3,Matches
158,Rober Correa,es ESP,DF,Racing Ferrol,31,1992,14.9,0,8,2,25.0,0.54,0.13,0.00,0.00,0,0,Matches
159,Álex Corredera,es ESP,MF,Tenerife,28,1996,1.0,0,0,0,,0.00,0.00,,,0,0,Matches
160,Samu Cortés,es ESP,FW,Granada,18,2006,0.0,0,0,0,,0.00,0.00,,,0,0,Matches
161,Borja Cortina,es ESP,DF,Levante,18,2006,0.1,0,0,0,,0.00,0.00,,,0,0,Matches
162,Jaume Costa,es ESP,DF,Albacete,36,1988,7.2,0,2,0,0.0,0.28,0.00,0.00,,0,0,Matches
163,David Costas,es ESP,DF,Oviedo,29,1995,28.5,1,6,3,50.0,0.21,0.11,0.17,0.33,0,0,Matches
164,Gonzalo Crettaz,ar ARG,GK,Castellón,24,2000,39.1,0,0,0,,0.00,0.00,,,0,0,Matches
165,Cristian,es ESP,GK,Albacete,26,1998,6.0,0,0,0,,0.00,0.00,,,0,0,Matches
166,Sergio Cubero Ezcurra,es ESP,DF,Eibar,24,1999,22.2,0,18,6,33.3,0.81,0.27,0.00,0.00,0,0,Matches
167,Cuenca,es ESP,FW,Zaragoza,21,2002,0.4,0,0,0,,0.00,0.00,,,0,0,Matches
168,Pablo Cuñat,es ESP,GK,Cartagena,22,2002,35.0,0,0,0,,0.00,0.00,,,0,0,Matches
169,Eric Curbelo,es ESP,DF,Sporting Gijón,30,1994,6.5,0,2,1,50.0,0.31,0.15,0.00,0.00,0,0,Matches
170,Curro,es ESP,"MF,FW",Burgos,28,1996,31.6,6,55,22,40.0,1.74,0.70,0.07,0.18,2,5,Matches
171,Alberto Dadie,es ESP,DF,Mirandés,22,2002,1.3,0,1,1,100.0,0.76,0.76,0.00,0.00,0,0,Matches
172,Davo,es ESP,MF,Dep. La Coruña,29,1994,1.2,0,1,0,0.0,0.83,0.00,0.00,,0,0,Matches
173,Alberto Del Moral,es ESP,MF,Oviedo,24,2000,6.0,1,6,3,50.0,1.00,0.50,0.17,0.33,0,0,Matches
174,Alberto Del Moral,es ESP,MF,Córdoba,24,2000,2.0,0,2,2,100.0,1.01,1.01,0.00,0.00,0,0,Matches
175,Moisés Delgado,es ESP,DF,Huesca,30,1994,2.4,0,1,0,0.0,0.41,0.00,0.00,,0,0,Matches
Rk,Player,Nation,Pos,Squad,Age,Born,90s,Gls,Sh,SoT,SoT%,Sh/90,SoT/90,G/Sh,G/SoT,PK,PKatt,Matches
176,Moisés Delgado,es ESP,DF,Racing Ferrol,30,1994,10.7,0,2,0,0.0,0.19,0.00,0.00,,0,0,Matches
177,Julián Delmás,es ESP,"DF,MF",Racing Ferrol,29,1995,7.8,0,3,0,0.0,0.38,0.00,0.00,,0,0,Matches
178,Julián Delmás,es ESP,"DF,MF",Cartagena,29,1995,7.7,0,1,0,0.0,0.13,0.00,0.00,,0,0,Matches
179,Thomas van den Belt,nl NED,MF,Castellón,23,2001,34.2,6,49,19,38.8,1.43,0.56,0.12,0.32,0,0,Matches
180,Bambo Diaby,sn SEN,DF,Elche,26,1997,12.0,0,3,1,33.3,0.25,0.08,0.00,0.00,0,0,Matches
181,Moussa Diakité,ml MLI,MF,Cádiz,20,2003,15.7,2,9,3,33.3,0.57,0.19,0.22,0.67,0,0,Matches
182,Siren Diao,es ESP,FW,Granada,19,2005,1.7,2,6,3,50.0,3.51,1.75,0.33,0.67,0,0,Matches
183,Youssouf Diarra,ml MLI,"MF,FW",Tenerife,25,1998,37.4,5,49,14,28.6,1.31,0.37,0.10,0.36,0,0,Matches
184,Amadou Diawara,gn GUI,MF,Eldense,27,1997,10.8,2,11,2,18.2,1.02,0.18,0.18,1.00,0,0,Matches
185,Diego Diaz,es ESP,FW,Racing Sant,19,2005,0.4,0,4,3,75.0,10.29,7.71,0.00,0.00,0,0,Matches
186,Dioni,es ESP,FW,Málaga,34,1989,21.7,7,32,16,50.0,1.47,0.74,0.22,0.44,0,1,Matches
187,Matías Dituro,ar ARG,GK,Elche,37,1987,38.0,0,0,0,,0.00,0.00,,,0,0,Matches
188,Joaquín Domingo,es ESP,DF,Albacete,18,2006,0.2,0,0,0,,0.00,0.00,,,0,0,Matches
189,John Donald,es ESP,"DF,MF",Elche,23,2000,9.7,2,9,3,33.3,0.93,0.31,0.22,0.67,0,0,Matches
190,Josué Dorrio,es ESP,"MF,FW",Racing Ferrol,30,1994,32.5,2,50,10,20.0,1.54,0.31,0.04,0.20,0,0,Matches
191,Carlos Dotor,es ESP,MF,Oviedo,23,2001,2.1,0,1,0,0.0,0.47,0.00,0.00,,0,0,Matches
192,Carlos Dotor,es ESP,MF,Sporting Gijón,23,2001,5.3,2,9,4,44.4,1.71,0.76,0.22,0.50,0,0,Matches
193,Jonathan Dubasin,be BEL,"FW,MF",Sporting Gijón,24,2000,34.9,8,70,30,42.9,2.00,0.86,0.10,0.23,1,1,Matches
194,Dylan,es ESP,MF,Tenerife,18,2006,0.3,0,0,0,,0.00,0.00,,,0,0,Matches
195,Zakaria Eddahchouri,nl NED,FW,Dep. La Coruña,24,2000,11.7,4,26,9,34.6,2.22,0.77,0.15,0.44,0,0,Matches
196,Unai Eguíluz,es ESP,DF,Mirandés,22,2002,20.8,0,10,3,30.0,0.48,0.14,0.00,0.00,0,0,Matches
197,Unai Elgezabal,es ESP,DF,Levante,31,1993,40.0,0,10,2,20.0,0.25,0.05,0.00,0.00,0,0,Matches
198,Sergi Enrich,es ESP,FW,Huesca,34,1990,24.1,7,31,12,38.7,1.29,0.50,0.23,0.58,0,0,Matches
199,Ramón Enríquez,es ESP,MF,Málaga,23,2001,4.9,0,0,0,,0.00,0.00,,,0,0,Matches
200,Gonzalo Escalante,ar ARG,MF,Cádiz,31,1993,10.8,1,19,6,31.6,1.76,0.56,0.05,0.17,0,0,Matches
Rk,Player,Nation,Pos,Squad,Age,Born,90s,Gls,Sh,SoT,SoT%,Sh/90,SoT/90,G/Sh,G/SoT,PK,PKatt,Matches
201,Aarón Escandell,es ESP,GK,Oviedo,28,1995,41.0,0,0,0,,0.00,0.00,,,0,0,Matches
202,Jaime Escario,es ESP,MF,Huesca,21,2003,0.0,0,0,0,,0.00,0.00,,,0,0,Matches
203,Juan Escobar,py PAR,DF,Castellón,29,1995,5.3,0,2,0,0.0,0.38,0.00,0.00,,0,0,Matches
204,Dani Escriche,es ESP,"MF,FW",Cartagena,26,1998,19.8,0,22,5,22.7,1.11,0.25,0.00,0.00,0,0,Matches
205,Sergio Escudero,es ESP,DF,Dep. La Coruña,34,1989,6.3,0,3,1,33.3,0.48,0.16,0.00,0.00,0,0,Matches
206,Carlos Espí,es ESP,FW,Levante,19,2005,5.7,6,36,14,38.9,6.35,2.47,0.17,0.43,0,0,Matches
207,Eduardo Espiau,es ESP,FW,Burgos,29,1994,21.3,3,47,14,29.8,2.21,0.66,0.06,0.21,0,0,Matches
208,Karl Etta Eyong,cm CMR,FW,Cádiz,20,2003,0.0,0,0,0,,0.00,0.00,,,0,0,Matches
209,Chukwuma Eze,ng NGA,DF,Oviedo,20,2003,0.2,0,0,0,,0.00,0.00,,,0,0,Matches
210,Jokin Ezkieta,es ESP,GK,Racing Sant,27,1996,42.0,0,0,0,,0.00,0.00,,,0,0,Matches
211,Fabrício,br BRA,FW,Levante,23,2000,1.4,0,6,2,33.3,4.15,1.38,0.00,0.00,0,0,Matches
212,Omar Falah,es ESP,DF,Oviedo,20,2003,0.1,0,0,0,,0.00,0.00,,,0,0,Matches
213,Fali,es ESP,"DF,MF",Cádiz,30,1993,17.5,0,2,1,50.0,0.11,0.06,0.00,0.00,0,0,Matches
214,Aleix Febas,es ESP,MF,Elche,28,1996,34.2,1,14,7,50.0,0.41,0.20,0.07,0.14,0,0,Matches
215,Joan Femenías,es ESP,GK,Zaragoza,27,1996,9.6,0,0,0,,0.00,0.00,,,0,0,Matches
216,Álex Fernández,es ESP,MF,Cádiz,31,1992,19.0,7,14,9,64.3,0.74,0.47,0.21,0.33,4,4,Matches
217,Andrés Fernández,es ESP,GK,Levante,37,1986,41.0,0,0,0,,0.00,0.00,,,0,0,Matches
218,Carlos Fernández,es ESP,"FW,MF",Cádiz,28,1996,17.9,1,30,12,40.0,1.68,0.67,0.03,0.08,0,0,Matches
219,Daniel Fernández,es ESP,MF,Tenerife,16,2008,3.6,1,6,1,16.7,1.68,0.28,0.17,1.00,0,0,Matches
220,Nicolás Fernández,ar ARG,"MF,FW",Elche,24,2000,28.5,6,51,16,31.4,1.79,0.56,0.08,0.25,2,4,Matches
221,Raúl Fernández,es ESP,GK,Mirandés,36,1988,42.0,0,0,0,,0.00,0.00,,,0,0,Matches
222,Víctor Fernández,es ESP,FW,Levante,16,2007,0.0,0,0,0,,0.00,0.00,,,0,0,Matches
223,Fernando,es ESP,GK,Almería,34,1990,14.0,0,0,0,,0.00,0.00,,,0,0,Matches
224,Juan Ferney Otero,co COL,FW,Sporting Gijón,29,1995,26.6,12,73,29,39.7,2.75,1.09,0.07,0.17,7,7,Matches
225,Rachad Fettal,ma MAR,MF,Almería,19,2005,2.2,1,4,3,75.0,1.83,1.37,0.25,0.33,0,0,Matches
Rk,Player,Nation,Pos,Squad,Age,Born,90s,Gls,Sh,SoT,SoT%,Sh/90,SoT/90,G/Sh,G/SoT,PK,PKatt,Matches
226,Fidel,es ESP,"MF,FW",Albacete,34,1989,20.1,4,25,11,44.0,1.24,0.55,0.16,0.36,0,1,Matches
227,Pedro Fidel,es ESP,DF,Almería,17,2007,0.0,0,0,0,,0.00,0.00,,,0,0,Matches
228,Álex Forés,es ESP,FW,Levante,23,2001,4.5,5,24,13,54.2,5.37,2.91,0.21,0.38,0,0,Matches
229,Ian Forns,es ESP,DF,Burgos,20,2004,2.1,0,0,0,,0.00,0.00,,,0,0,Matches
230,Toni Fuidias,es ESP,GK,Cartagena,23,2001,5.0,0,0,0,,0.00,0.00,,,0,0,Matches
231,Daniel Fuzato,br BRA,GK,Eibar,27,1997,10.0,0,0,0,,0.00,0.00,,,0,0,Matches
232,Gabilondo,es ESP,DF,Málaga,25,1999,13.9,0,13,0,0.0,0.93,0.00,0.00,,0,0,Matches
233,Sergio Gabriel,es ESP,FW,Mirandés,21,2003,0.2,0,0,0,,0.00,0.00,,,0,0,Matches
234,Aitor Galarza,es ESP,FW,Eibar,22,2002,0.4,0,3,0,0.0,7.94,0.00,0.00,,0,0,Matches
235,Einar Galilea,es ESP,DF,Málaga,30,1994,22.1,0,12,3,25.0,0.54,0.14,0.00,0.00,0,0,Matches
236,Enric Gallego,es ESP,FW,Tenerife,37,1986,20.4,7,47,15,31.9,2.30,0.74,0.15,0.47,0,1,Matches
237,Fran Gámez,es ESP,DF,Eldense,33,1991,30.2,0,14,4,28.6,0.46,0.13,0.00,0.00,0,0,Matches
238,Andrés García,es ESP,DF,Levante,21,2003,21.5,3,18,5,27.8,0.84,0.23,0.17,0.60,0,0,Matches
239,Jon García Herrero,es ESP,DF,Albacete,33,1991,23.7,0,10,0,0.0,0.42,0.00,0.00,,0,0,Matches
240,Víctor García Marín,es ESP,DF,Málaga,30,1994,18.4,0,4,1,25.0,0.22,0.05,0.00,0.00,0,0,Matches
241,Mario García,es ESP,DF,Racing Sant,20,2003,27.5,3,19,8,42.1,0.69,0.29,0.16,0.38,0,0,Matches
242,Naim García,es ESP,"MF,FW",Racing Ferrol,22,2002,7.9,0,16,0,0.0,2.03,0.00,0.00,,0,0,Matches
243,Pablo García,es ESP,DF,Sporting Gijón,24,2000,21.1,0,11,0,0.0,0.52,0.00,0.00,,0,0,Matches
244,Saúl García,es ESP,DF,Racing Sant,29,1994,14.3,0,10,3,30.0,0.70,0.21,0.00,0.00,0,0,Matches
245,Víctor García,es ESP,"MF,DF",Eldense,26,1997,35.1,4,70,21,30.0,1.99,0.60,0.06,0.19,0,0,Matches
246,Mario Gaspar,es ESP,"DF,MF",Elche,33,1990,7.3,0,8,2,25.0,1.10,0.28,0.00,0.00,0,0,Matches
247,Sékou Gassama,sn SEN,FW,Eldense,29,1995,5.1,1,20,4,20.0,3.93,0.79,0.05,0.25,0,0,Matches
248,Juan Gauto,ar ARG,"MF,FW",Dep. La Coruña,20,2004,2.6,0,2,0,0.0,0.77,0.00,0.00,,0,0,Matches
249,Gelabert,es ESP,MF,Sporting Gijón,23,2000,26.7,6,44,17,38.6,1.65,0.64,0.14,0.35,0,0,Matches
250,Aitor Gelardo,es ESP,MF,Racing Ferrol,22,2002,12.4,2,12,3,25.0,0.97,0.24,0.17,0.67,0,0,Matches
Rk,Player,Nation,Pos,Squad,Age,Born,90s,Gls,Sh,SoT,SoT%,Sh/90,SoT/90,G/Sh,G/SoT,PK,PKatt,Matches
251,Denis Genreau,au AUS,MF,Dep. La Coruña,25,1999,2.4,1,4,1,25.0,1.69,0.42,0.25,1.00,0,0,Matches
252,Daniel George Paraschiv,ro ROU,FW,Oviedo,25,1999,6.8,3,23,8,34.8,3.37,1.17,0.13,0.38,0,0,Matches
253,Francisco Geraldes,pt POR,FW,Eldense,29,1995,1.2,0,2,0,0.0,1.62,0.00,0.00,,0,0,Matches
254,Mourad El Ghezouani,ma MAR,FW,Elche,26,1998,14.4,9,30,15,50.0,2.08,1.04,0.27,0.53,1,1,Matches
255,David Gil,es ESP,GK,Cádiz,30,1994,35.4,0,0,0,,0.00,0.00,,,0,0,Matches
256,Iván Gil,es ESP,"MF,FW",Eibar,24,2000,5.2,0,9,1,11.1,1.73,0.19,0.00,0.00,0,0,Matches
257,Óscar Gil,es ESP,"DF,MF",Castellón,29,1995,12.7,1,13,5,38.5,1.03,0.39,0.08,0.20,0,0,Matches
258,Álvaro Giménez,es ESP,FW,Racing Ferrol,33,1991,24.9,4,43,19,44.2,1.73,0.76,0.07,0.16,1,3,Matches
259,Antonio Glauder,ph PHI,DF,Cádiz,28,1995,8.4,0,2,1,50.0,0.24,0.12,0.00,0.00,0,0,Matches
260,Alan Godoy,es ESP,FW,Eldense,21,2003,3.4,0,15,2,13.3,4.41,0.59,0.00,0.00,0,0,Matches
261,Dani Gómez,es ESP,FW,Zaragoza,26,1998,7.5,4,15,9,60.0,2.01,1.20,0.13,0.22,2,2,Matches
262,Diego Gómez,es ESP,MF,Dep. La Coruña,20,2004,6.0,0,6,2,33.3,1.00,0.33,0.00,0.00,0,0,Matches
263,Valentín Gómez,es ESP,MF,Almería,20,2004,0.0,0,0,0,,0.00,0.00,,,0,0,Matches
264,David González,es ESP,"MF,FW",Burgos,22,2002,11.6,2,19,9,47.4,1.64,0.78,0.05,0.11,1,1,Matches
265,Diego González,es ESP,"DF,MF",Huesca,25,1999,11.7,1,5,2,40.0,0.43,0.17,0.20,0.50,0,0,Matches
266,Diego González,es ESP,DF,Albacete,29,1995,3.5,0,1,1,100.0,0.28,0.28,0.00,0.00,0,0,Matches
267,Édgar González,es ESP,"DF,MF",Almería,27,1997,37.4,2,20,5,25.0,0.53,0.13,0.10,0.40,0,0,Matches
268,Fabio González,es ESP,MF,Tenerife,27,1997,5.2,0,3,0,0.0,0.58,0.00,0.00,,0,0,Matches
269,Hugo González,es ESP,"MF,FW",Cartagena,21,2003,6.7,0,13,3,23.1,1.93,0.44,0.00,0.00,0,0,Matches
270,Roberto González,es ESP,MF,Racing Sant,23,2001,6.8,0,9,1,11.1,1.33,0.15,0.00,0.00,0,0,Matches
271,Sergio González,es ESP,"DF,MF",Tenerife,27,1997,33.6,1,21,5,23.8,0.63,0.15,0.05,0.20,0,0,Matches
272,Jon Gorrotxategi,es ESP,MF,Mirandés,22,2002,41.0,4,35,6,17.1,0.85,0.15,0.11,0.67,0,0,Matches
273,Xavi Grande,es ESP,DF,Levante,19,2005,6.9,0,0,0,,0.00,0.00,,,0,0,Matches
274,Ricardo Grigore,ro ROU,DF,Eldense,25,1999,1.5,1,3,1,33.3,2.00,0.67,0.33,1.00,0,0,Matches
275,Gui Guedes,pt POR,MF,Almería,22,2002,3.6,1,2,1,50.0,0.55,0.28,0.50,1.00,0,0,Matches
Rk,Player,Nation,Pos,Squad,Age,Born,90s,Gls,Sh,SoT,SoT%,Sh/90,SoT/90,G/Sh,G/SoT,PK,PKatt,Matches
276,Adrián Guerrero,es ESP,DF,Tenerife,26,1998,4.1,0,1,0,0.0,0.25,0.00,0.00,,0,0,Matches
277,Adrián Guerrero,es ESP,MF,Dep. La Coruña,18,2006,1.3,0,0,0,,0.00,0.00,,,0,0,Matches
278,Maguette Gueye,sn SEN,MF,Racing Sant,21,2002,12.9,0,12,1,8.3,0.93,0.08,0.00,0.00,0,0,Matches
279,Asier Ortiz de Guinea,es ESP,MF,Mirandés,22,2002,0.1,0,0,0,,0.00,0.00,,,0,0,Matches
280,Jon Guruzeta,es ESP,MF,Eibar,24,2000,15.5,3,32,15,46.9,2.06,0.96,0.09,0.20,0,0,Matches
281,Raúl Guti,es ESP,MF,Elche,27,1996,5.7,0,11,2,18.2,1.94,0.35,0.00,0.00,0,0,Matches
282,Raúl Guti,es ESP,MF,Zaragoza,27,1996,9.7,2,18,5,27.8,1.85,0.51,0.11,0.40,0,0,Matches
283,Cristian Gutierrez,es ESP,DF,Eibar,23,2000,24.4,0,7,3,42.9,0.29,0.12,0.00,0.00,0,0,Matches
284,Juan Gutierrez,es ESP,DF,Mirandés,24,2000,34.7,0,18,1,5.6,0.52,0.03,0.00,0.00,0,0,Matches
285,Kento Hashimoto,jp JPN,MF,Eibar,30,1993,1.5,0,0,0,,0.00,0.00,,,0,0,Matches
286,Haissem Hassan,eg EGY,MF,Oviedo,22,2002,24.5,4,42,24,57.1,1.72,0.98,0.10,0.17,0,0,Matches
287,Gerard Hernandez,es ESP,MF,Elche,19,2005,5.5,0,3,0,0.0,0.55,0.00,0.00,,0,0,Matches
288,Javier Hernández,es ESP,MF,Huesca,20,2004,15.2,1,29,8,27.6,1.91,0.53,0.03,0.13,0,0,Matches
289,Jesús Hernández,es ESP,DF,Cartagena,20,2003,3.8,0,0,0,,0.00,0.00,,,0,0,Matches
290,Yeremay Hernández,es ESP,MF,Dep. La Coruña,21,2002,33.7,15,111,48,43.2,3.29,1.42,0.10,0.23,4,5,Matches
291,Manu Hernando,es ESP,DF,Racing Sant,26,1998,20.7,0,8,2,25.0,0.39,0.10,0.00,0.00,0,0,Matches
292,Cristian Herrera,es ESP,"MF,FW",Dep. La Coruña,33,1991,6.7,2,17,11,64.7,2.53,1.64,0.12,0.18,0,0,Matches
293,Alfonso Herrero,es ESP,GK,Málaga,30,1994,41.0,0,0,0,,0.00,0.00,,,0,0,Matches
294,Santiago Homenchenko,uy URU,MF,Mirandés,20,2003,5.3,0,12,5,41.7,2.28,0.95,0.00,0.00,0,0,Matches
295,Martin Hongla,cm CMR,MF,Granada,26,1998,26.8,3,23,5,21.7,0.86,0.19,0.13,0.60,0,0,Matches
296,Ali Houary,ma MAR,FW,Elche,18,2005,0.1,0,0,0,,0.00,0.00,,,0,0,Matches
297,Vicente Iborra,es ESP,"MF,DF",Levante,36,1988,10.6,1,4,2,50.0,0.38,0.19,0.00,0.00,1,1,Matches
298,Emanuel Insúa,ar ARG,DF,Racing Ferrol,33,1991,5.4,0,5,0,0.0,0.92,0.00,0.00,,0,0,Matches
299,Pablo Insua,es ESP,DF,Granada,30,1993,12.3,1,4,2,50.0,0.33,0.16,0.25,0.50,0,0,Matches
300,Carlos Isaac,es ESP,DF,Córdoba,26,1998,22.5,0,15,5,33.3,0.67,0.22,0.00,0.00,0,0,Matches
Rk,Player,Nation,Pos,Squad,Age,Born,90s,Gls,Sh,SoT,SoT%,Sh/90,SoT/90,G/Sh,G/SoT,PK,PKatt,Matches
301,Urko Izeta,es ESP,"FW,MF",Mirandés,24,1999,23.1,12,62,28,45.2,2.69,1.21,0.16,0.36,2,3,Matches
302,Jairo Izquierdo,es ESP,"DF,FW",Elche,30,1993,1.3,0,0,0,,0.00,0.00,,,0,0,Matches
303,Jairo Izquierdo,es ESP,"MF,DF",Cartagena,30,1993,15.6,1,7,1,14.3,0.45,0.06,0.14,1.00,0,0,Matches
304,Jacobo,es ESP,"FW,MF",Córdoba,27,1997,28.6,9,106,31,29.2,3.70,1.08,0.06,0.19,3,3,Matches
305,Eneko Jauregi,es ESP,FW,Racing Ferrol,28,1996,20.5,6,39,15,38.5,1.90,0.73,0.15,0.40,0,0,Matches
306,Salim El Jebari,ma MAR,"FW,MF",Cartagena,20,2004,9.1,2,8,5,62.5,0.88,0.55,0.25,0.40,0,0,Matches
307,Jesús,es ESP,FW,Castellón,27,1996,19.9,3,37,12,32.4,1.86,0.60,0.08,0.25,0,0,Matches
308,Alberto Jiménez,es ESP,DF,Castellón,31,1992,35.3,2,20,5,25.0,0.57,0.14,0.10,0.40,0,0,Matches
309,Dani Jiménez,es ESP,GK,Huesca,34,1990,31.7,0,0,0,,0.00,0.00,,,0,0,Matches
310,Marcelo Jiménez,es ESP,MF,Burgos,21,2003,8.7,2,5,3,60.0,0.58,0.35,0.40,0.67,0,0,Matches
311,Christian Joel,cu CUB,GK,Sporting Gijón,25,1999,3.2,0,0,0,,0.00,0.00,,,0,0,Matches
312,Miloš Jojić,rs SRB,"MF,FW",Castellón,32,1992,4.1,0,6,2,33.3,1.45,0.48,0.00,0.00,0,0,Matches
313,Jordi,es ESP,MF,Huesca,23,2001,12.7,2,4,2,50.0,0.31,0.16,0.50,1.00,0,0,Matches
314,Joel Jorquera,es ESP,MF,Eldense,23,2000,8.2,2,9,7,77.8,1.10,0.85,0.22,0.29,0,0,Matches
315,Josan,es ESP,"MF,FW",Elche,34,1989,19.6,4,23,11,47.8,1.17,0.56,0.17,0.36,0,0,Matches
316,Kamil Jóźwiak,pl POL,MF,Granada,26,1998,7.3,0,7,2,28.6,0.96,0.27,0.00,0.00,0,0,Matches
317,Juande,es ESP,DF,Tenerife,25,1999,8.1,0,4,2,50.0,0.49,0.25,0.00,0.00,0,0,Matches
318,Juanma,es ESP,"MF,FW",Albacete,31,1993,26.3,2,31,7,22.6,1.18,0.27,0.06,0.29,0,0,Matches
319,Juanpe,es ESP,MF,Málaga,28,1996,6.8,0,5,1,20.0,0.74,0.15,0.00,0.00,0,0,Matches
320,Lago Junior,ci CIV,MF,Racing Sant,33,1990,5.2,1,13,5,38.5,2.51,0.96,0.08,0.20,0,0,Matches
321,Sory Kaba,gn GUI,FW,Elche,29,1995,9.8,4,24,9,37.5,2.45,0.92,0.13,0.33,1,1,Matches
322,Kaiky,br BRA,"DF,MF",Almería,20,2004,14.1,0,1,1,100.0,0.07,0.07,0.00,0.00,0,0,Matches
323,Jon Karrikaburu,es ESP,FW,Racing Sant,21,2002,22.2,8,66,31,47.0,2.97,1.40,0.12,0.26,0,0,Matches
324,Giorgi Kochorashvili,ge GEO,MF,Levante,25,1999,28.9,6,54,20,37.0,1.87,0.69,0.09,0.25,1,1,Matches
325,Christian Kofane,cm CMR,FW,Albacete,18,2006,13.7,8,32,13,40.6,2.33,0.95,0.25,0.62,0,0,Matches
Rk,Player,Nation,Pos,Squad,Age,Born,90s,Gls,Sh,SoT,SoT%,Sh/90,SoT/90,G/Sh,G/SoT,PK,PKatt,Matches
326,Ghislain Konan,ci CIV,"DF,MF",Burgos,28,1995,0.7,0,0,0,,0.00,0.00,,,0,0,Matches
327,Iker Kortajarena,es ESP,MF,Huesca,24,2000,30.2,4,42,15,35.7,1.39,0.50,0.10,0.27,0,0,Matches
328,Sebastián Kóša,sk SVK,DF,Zaragoza,20,2003,2.2,0,0,0,,0.00,0.00,,,0,0,Matches
329,Rominigue Kouamé,ml MLI,MF,Cádiz,27,1996,8.5,0,6,0,0.0,0.70,0.00,0.00,,0,0,Matches
330,Bojan Kovačević,rs SRB,DF,Cádiz,20,2004,25.2,0,3,1,33.3,0.12,0.04,0.00,0.00,0,0,Matches
331,Kuki,es ESP,MF,Córdoba,26,1998,2.9,0,8,1,12.5,2.73,0.34,0.00,0.00,0,0,Matches
332,Adrián de la Fuente,es ESP,DF,Levante,25,1999,28.1,2,28,8,28.6,1.00,0.28,0.00,0.00,2,2,Matches
333,César de la Hoz,es ESP,MF,Oviedo,32,1992,7.2,0,2,0,0.0,0.28,0.00,0.00,,0,0,Matches
334,Youness Lachhab Didi,ma MAR,"MF,DF",Eldense,25,1999,4.9,1,8,2,25.0,1.63,0.41,0.13,0.50,0,0,Matches
335,Mathis Lachuer,fr FRA,MF,Mirandés,23,2000,29.4,2,44,7,15.9,1.50,0.24,0.00,0.00,2,3,Matches
336,Manu Lama,es ESP,DF,Granada,23,2001,11.3,2,7,3,42.9,0.62,0.27,0.29,0.67,0,0,Matches
337,Anthony Landazuri,ec ECU,DF,Tenerife,27,1997,9.4,1,2,1,50.0,0.21,0.11,0.50,1.00,0,0,Matches
338,Bruno Langa,mz MOZ,DF,Almería,26,1997,16.8,0,15,1,6.7,0.89,0.06,0.00,0.00,0,0,Matches
339,Adrián Lapeña,es ESP,DF,Córdoba,28,1996,16.8,1,9,8,88.9,0.54,0.48,0.11,0.13,0,0,Matches
340,David Larrubia,es ESP,"MF,FW",Málaga,22,2002,31.0,4,62,23,37.1,2.00,0.74,0.06,0.17,0,0,Matches
341,Lázaro,br BRA,"MF,FW",Almería,22,2002,4.8,0,13,5,38.5,2.73,1.05,0.00,0.00,0,0,Matches
342,Helton Leite,br BRA,GK,Dep. La Coruña,33,1990,37.0,0,0,0,,0.00,0.00,,,0,0,Matches
343,Álvaro Lemos,es ESP,DF,Oviedo,31,1993,5.6,0,3,1,33.3,0.53,0.18,0.00,0.00,0,0,Matches
344,Juan Lendínez,es ESP,MF,Granada,21,2003,0.7,0,1,0,0.0,1.45,0.00,0.00,,0,0,Matches
345,José León Bernal,es ESP,DF,Tenerife,29,1995,27.8,3,17,5,29.4,0.61,0.18,0.18,0.60,0,0,Matches
346,Adrián Liso,es ESP,"MF,FW",Zaragoza,19,2005,27.7,4,45,16,35.6,1.63,0.58,0.09,0.25,0,0,Matches
347,Raúl Lizoain,es ESP,GK,Albacete,33,1991,36.0,0,0,0,,0.00,0.00,,,0,0,Matches
348,Javier Llabrés,es ESP,"MF,FW",Eldense,21,2002,11.5,3,31,11,35.5,2.70,0.96,0.06,0.18,1,1,Matches
349,Julen Lobete,es ESP,"FW,MF",Málaga,23,2000,25.3,3,51,18,35.3,2.02,0.71,0.06,0.17,0,0,Matches
350,Álex López,es ESP,MF,Racing Ferrol,36,1988,5.7,0,9,1,11.1,1.57,0.17,0.00,0.00,0,0,Matches
Rk,Player,Nation,Pos,Squad,Age,Born,90s,Gls,Sh,SoT,SoT%,Sh/90,SoT/90,G/Sh,G/SoT,PK,PKatt,Matches
351,Alex López,es ESP,DF,Córdoba,18,2005,1.1,0,0,0,,0.00,0.00,,,0,0,Matches
352,Carlos López,es ESP,GK,Málaga,19,2004,1.0,0,0,0,,0.00,0.00,,,0,0,Matches
353,David López,es ESP,DF,Burgos,21,2003,15.6,1,3,1,33.3,0.19,0.06,0.33,1.00,0,0,Matches
354,Lisandro López,ar ARG,DF,Burgos,34,1989,8.2,1,5,2,40.0,0.61,0.24,0.20,0.50,0,0,Matches
355,Lluis López,es ESP,DF,Zaragoza,27,1997,28.2,0,14,4,28.6,0.50,0.14,0.00,0.00,0,0,Matches
356,Dion Lopy,sn SEN,MF,Almería,22,2002,32.3,1,26,7,26.9,0.80,0.22,0.04,0.14,0,0,Matches
357,Dani Lorenzo,es ESP,"MF,FW",Málaga,21,2003,5.2,1,6,3,50.0,1.15,0.57,0.17,0.33,0,0,Matches
358,Albert Lottin,fr FRA,"MF,FW",Castellón,22,2001,7.4,1,5,2,40.0,0.67,0.27,0.20,0.50,0,0,Matches
359,Miguel Loureiro,es ESP,DF,Huesca,27,1996,29.4,3,21,5,23.8,0.71,0.17,0.14,0.60,0,0,Matches
360,Sergio Lozano,es ESP,MF,Levante,25,1999,13.4,0,26,8,30.8,1.95,0.60,0.00,0.00,0,0,Matches
361,Oier Luengo,es ESP,DF,Oviedo,26,1997,23.3,2,13,4,30.8,0.56,0.17,0.15,0.50,0,0,Matches
362,José Luis Morales,es ESP,"FW,MF",Levante,37,1987,29.6,11,55,24,43.6,1.86,0.81,0.20,0.46,0,0,Matches
363,Luismi,es ESP,MF,Málaga,32,1992,26.1,0,3,1,33.3,0.11,0.04,0.00,0.00,0,0,Matches
364,Luismi,es ESP,MF,Tenerife,23,2001,31.9,2,43,14,32.6,1.35,0.44,0.05,0.14,0,1,Matches
365,Daniel Luna,co COL,MF,Cartagena,21,2003,10.6,3,17,5,29.4,1.61,0.47,0.18,0.60,0,0,Matches
366,Marcos Luna,es ESP,"DF,MF",Zaragoza,21,2003,15.8,2,5,3,60.0,0.32,0.19,0.40,0.67,0,0,Matches
367,Awer Mabil,au AUS,"MF,FW",Castellón,28,1995,11.6,0,21,11,52.4,1.81,0.95,0.00,0.00,0,0,Matches
368,Ian Mackay,es ESP,GK,Eldense,38,1986,19.5,0,0,0,,0.00,0.00,,,0,0,Matches
369,Ander Madariaga,es ESP,MF,Eibar,22,2002,15.6,3,28,12,42.9,1.79,0.77,0.11,0.25,0,0,Matches
370,Jon Magunazelaia,es ESP,MF,Córdoba,23,2001,6.4,0,16,3,18.8,2.48,0.47,0.00,0.00,0,0,Matches
371,Alassán Manjam,gw GNB,FW,Tenerife,21,2002,0.9,0,2,1,50.0,2.34,1.17,0.00,0.00,0,0,Matches
372,Mantilla,es ESP,DF,Racing Sant,24,2000,11.2,0,4,2,50.0,0.36,0.18,0.00,0.00,0,0,Matches
373,Manu,es ESP,DF,Levante,28,1996,3.6,0,2,0,0.0,0.55,0.00,0.00,,0,0,Matches
374,Fran Manzanara,es ESP,MF,Racing Ferrol,27,1996,20.6,0,17,3,17.6,0.82,0.15,0.00,0.00,0,0,Matches
375,Nikola Maraš,rs SRB,DF,Sporting Gijón,28,1995,22.4,0,11,2,18.2,0.49,0.09,0.00,0.00,0,0,Matches
Rk,Player,Nation,Pos,Squad,Age,Born,90s,Gls,Sh,SoT,SoT%,Sh/90,SoT/90,G/Sh,G/SoT,PK,PKatt,Matches
376,Rai Marchán,es ESP,MF,Albacete,30,1993,7.7,1,4,2,50.0,0.52,0.26,0.25,0.50,0,0,Matches
377,Pere Marco,es ESP,FW,Castellón,20,2003,1.9,1,8,4,50.0,4.16,2.08,0.13,0.25,0,0,Matches
378,Alberto Marí,es ESP,FW,Zaragoza,23,2001,7.8,3,28,10,35.7,3.57,1.27,0.11,0.30,0,0,Matches
379,Juan María,es ESP,DF,Albacete,23,2001,17.1,1,16,4,25.0,0.94,0.23,0.06,0.25,0,0,Matches
380,Carlos Marín,es ESP,GK,Córdoba,27,1997,40.0,0,0,0,,0.00,0.00,,,0,0,Matches
381,Higinio Marín,es ESP,FW,Albacete,30,1993,10.9,9,40,25,62.5,3.67,2.29,0.10,0.16,5,5,Matches
382,Diego Mariño,es ESP,GK,Granada,34,1990,22.0,0,0,0,,0.00,0.00,,,0,0,Matches
383,Nick Markanich,us USA,FW,Castellón,24,1999,4.7,2,15,6,40.0,3.19,1.28,0.13,0.33,0,0,Matches
384,Roger Martí,es ESP,FW,Cádiz,33,1991,12.4,4,26,11,42.3,2.09,0.89,0.15,0.36,0,0,Matches
385,Aarón Martin,es ESP,MF,Tenerife,17,2006,18.0,2,23,6,26.1,1.28,0.33,0.09,0.33,0,0,Matches
386,Álex Martín,es ESP,DF,Elche,26,1998,4.5,0,4,1,25.0,0.89,0.22,0.00,0.00,0,0,Matches
387,Ander Martin,es ESP,MF,Mirandés,23,2000,6.5,0,6,2,33.3,0.92,0.31,0.00,0.00,0,0,Matches
388,Andrés Martín,es ESP,MF,Racing Sant,25,1999,37.1,16,110,52,47.3,2.96,1.40,0.10,0.21,5,7,Matches
389,Daniel Martín,es ESP,GK,Eldense,26,1998,21.8,0,0,0,,0.00,0.00,,,0,0,Matches
390,Nacho Martin,es ESP,MF,Sporting Gijón,22,2002,22.0,1,14,5,35.7,0.64,0.23,0.07,0.20,0,0,Matches
391,Teto Martín,es ESP,"MF,FW",Tenerife,22,2001,6.2,0,12,2,16.7,1.93,0.32,0.00,0.00,0,0,Matches
392,Brais Martinez,es ESP,DF,Racing Ferrol,22,2001,15.4,0,7,2,28.6,0.46,0.13,0.00,0.00,0,0,Matches
393,Iker Martínez,es ESP,DF,Sporting Gijón,20,2004,0.2,0,0,0,,0.00,0.00,,,0,0,Matches
394,Javi Martínez,es ESP,MF,Eibar,24,1999,6.9,0,8,1,12.5,1.17,0.15,0.00,0.00,0,0,Matches
395,José Martínez,es ESP,DF,Córdoba,31,1993,8.9,1,4,2,50.0,0.45,0.23,0.25,0.50,0,0,Matches
396,Marc Martínez,es ESP,GK,Granada,34,1990,4.0,0,0,0,,0.00,0.00,,,0,0,Matches
397,Pablo Martinez,fr FRA,DF,Dep. La Coruña,35,1989,21.9,0,5,1,20.0,0.23,0.05,0.00,0.00,0,0,Matches
398,Pablo Martínez,es ESP,MF,Levante,26,1998,28.4,3,50,12,24.0,1.76,0.42,0.04,0.17,1,2,Matches
399,Javi Martón,es ESP,FW,Albacete,25,1999,6.9,3,12,7,58.3,1.75,1.02,0.25,0.43,0,0,Matches
400,Iván Martos,es ESP,DF,Eldense,27,1997,12.4,0,2,2,100.0,0.16,0.16,0.00,0.00,0,0,Matches
Rk,Player,Nation,Pos,Squad,Age,Born,90s,Gls,Sh,SoT,SoT%,Sh/90,SoT/90,G/Sh,G/SoT,PK,PKatt,Matches
401,Marvel,es ESP,DF,Córdoba,21,2003,22.5,0,9,2,22.2,0.40,0.09,0.00,0.00,0,0,Matches
402,Mascarenhas,pt POR,"FW,MF",Oviedo,24,2000,1.0,0,3,0,0.0,2.93,0.00,0.00,,0,0,Matches
403,Mascarenhas,pt POR,FW,Eldense,24,2000,8.5,2,25,10,40.0,2.95,1.18,0.04,0.10,1,1,Matches
404,Marc Mateu,es ESP,DF,Eldense,34,1990,35.7,2,24,7,29.2,0.67,0.20,0.04,0.14,1,1,Matches
405,Jose Matos,es ESP,DF,Cádiz,29,1995,19.1,1,8,1,12.5,0.42,0.05,0.13,1.00,0,0,Matches
406,Luís Maximiano,pt POR,GK,Almería,25,1999,28.0,0,0,0,,0.00,0.00,,,0,0,Matches
407,Pierre Mbemba,fr FRA,MF,Sporting Gijón,20,2004,0.0,0,0,0,,0.00,0.00,,,0,0,Matches
408,Agus Medina,es ESP,"MF,DF",Albacete,29,1994,34.8,1,26,8,30.8,0.75,0.23,0.04,0.13,0,0,Matches
409,Kevin Medina,es ESP,MF,Málaga,23,2001,13.6,2,36,10,27.8,2.65,0.74,0.06,0.20,0,0,Matches
410,Fernando Medrano,es ESP,DF,Tenerife,24,2000,9.6,0,4,2,50.0,0.42,0.21,0.00,0.00,0,0,Matches
411,Meléndez,es ESP,MF,Albacete,25,1999,11.6,0,12,1,8.3,1.04,0.09,0.00,0.00,0,0,Matches
412,Óscar Melendo,es ESP,"MF,FW",Cádiz,26,1997,8.8,2,11,5,45.5,1.25,0.57,0.18,0.40,0,0,Matches
413,Gonzalo Melero,es ESP,MF,Almería,30,1994,22.5,4,21,8,38.1,0.94,0.36,0.19,0.50,0,0,Matches
414,David Mella,es ESP,MF,Dep. La Coruña,19,2005,29.2,6,59,24,40.7,2.02,0.82,0.10,0.25,0,0,Matches
415,Jérémy Mellot,fr FRA,DF,Tenerife,30,1994,38.6,0,13,2,15.4,0.34,0.05,0.00,0.00,0,0,Matches
416,Diego Méndez,es ESP,MF,Eldense,20,2003,5.2,0,9,1,11.1,1.72,0.19,0.00,0.00,0,0,Matches
417,Nacho Méndez,my MAS,MF,Sporting Gijón,26,1998,36.3,4,38,13,34.2,1.05,0.36,0.11,0.31,0,0,Matches
418,Rodrigo Mendoza,es ESP,"MF,FW",Elche,19,2005,9.5,1,19,4,21.1,2.00,0.42,0.05,0.25,0,0,Matches
419,Izan Merino,es ESP,MF,Málaga,18,2006,13.3,0,12,3,25.0,0.91,0.23,0.00,0.00,0,0,Matches
420,Martín Merquelanz,es ESP,MF,Eibar,29,1995,4.8,0,8,1,12.5,1.65,0.21,0.00,0.00,0,0,Matches
421,Maikel Mesa,es ESP,FW,Tenerife,33,1991,15.2,4,33,10,30.3,2.17,0.66,0.12,0.40,0,0,Matches
422,Víctor Meseguer,es ESP,MF,Racing Sant,25,1999,8.1,0,3,0,0.0,0.37,0.00,0.00,,0,0,Matches
423,Omenuke Mfulu,cd COD,MF,Dep. La Coruña,30,1994,13.0,0,4,0,0.0,0.31,0.00,0.00,,0,0,Matches
424,Clément Michelin,fr FRA,DF,Racing Sant,27,1997,23.9,2,32,9,28.1,1.34,0.38,0.06,0.22,0,0,Matches
425,Javier Mier,es ESP,MF,Huesca,25,1999,8.3,1,12,4,33.3,1.45,0.48,0.08,0.25,0,0,Matches
Rk,Player,Nation,Pos,Squad,Age,Born,90s,Gls,Sh,SoT,SoT%,Sh/90,SoT/90,G/Sh,G/SoT,PK,PKatt,Matches
426,Florian Miguel,fr FRA,DF,Burgos,27,1996,35.3,0,29,5,17.2,0.82,0.14,0.00,0.00,0,0,Matches
427,Jon Mikel Magunagoitia,es ESP,GK,Eibar,23,2000,32.0,1,1,1,100.0,0.03,0.03,1.00,1.00,0,0,Matches
428,Álex Millán,es ESP,FW,Cartagena,24,1999,12.4,6,22,12,54.5,1.77,0.97,0.23,0.42,1,2,Matches
429,Marko Milovanović,rs SRB,FW,Almería,20,2003,1.8,0,4,0,0.0,2.24,0.00,0.00,,0,0,Matches
430,Fernando Mimbacas,uy URU,FW,Burgos,22,2002,0.2,0,0,0,,0.00,0.00,,,0,0,Matches
431,Mini,es ESP,MF,Cartagena,25,1999,24.5,1,19,7,36.8,0.78,0.29,0.05,0.14,0,0,Matches
432,Ignasi Miquel,es ESP,DF,Levante,31,1992,7.8,0,1,0,0.0,0.13,0.00,0.00,,0,0,Matches
433,Ignasi Miquel,es ESP,DF,Granada,31,1992,6.0,0,3,1,33.3,0.50,0.17,0.00,0.00,0,0,Matches
434,Manu Molina,es ESP,MF,Málaga,32,1991,31.0,1,24,2,8.3,0.78,0.06,0.04,0.50,0,0,Matches
435,Nacho Monsalve,es ESP,DF,Eldense,30,1994,10.1,0,2,0,0.0,0.20,0.00,0.00,,0,0,Matches
436,Nélson Monte,pt POR,DF,Málaga,29,1995,32.8,3,8,3,37.5,0.24,0.09,0.38,1.00,0,0,Matches
437,Javi Montero,es ESP,DF,Racing Sant,25,1999,24.0,1,12,3,25.0,0.50,0.12,0.08,0.33,0,0,Matches
438,César Montes,mx MEX,DF,Almería,27,1997,0.5,0,1,0,0.0,2.00,0.00,0.00,,0,0,Matches
439,Cris Montes,es ESP,MF,Eldense,26,1997,3.0,0,3,1,33.3,0.99,0.33,0.00,0.00,0,0,Matches
440,Iván Morante,es ESP,MF,Burgos,23,2001,22.7,0,14,2,14.3,0.62,0.09,0.00,0.00,0,0,Matches
441,Jon Morcillo,es ESP,MF,Albacete,25,1998,28.5,8,80,29,36.3,2.81,1.02,0.08,0.21,2,3,Matches
442,Javier Moreno,es ESP,DF,Albacete,24,2000,2.0,0,1,0,0.0,0.49,0.00,0.00,,0,0,Matches
443,Jorge Moreno,es ESP,DF,Cartagena,23,2001,21.0,0,5,3,60.0,0.24,0.14,0.00,0.00,0,0,Matches
444,Marcos Moreno,es ESP,FW,Albacete,20,2004,1.1,0,5,1,20.0,4.64,0.93,0.00,0.00,0,0,Matches
445,Marlos Moreno,co COL,MF,Tenerife,27,1996,7.2,0,10,2,20.0,1.40,0.28,0.00,0.00,0,0,Matches
446,Pol Moreno,es ESP,DF,Racing Sant,30,1994,0.1,0,0,0,,0.00,0.00,,,0,0,Matches
447,Toni Moya,es ESP,MF,Zaragoza,26,1998,21.2,0,27,9,33.3,1.27,0.42,0.00,0.00,0,0,Matches
448,Sebas Moyano,es ESP,MF,Oviedo,27,1997,14.8,0,34,9,26.5,2.29,0.61,0.00,0.00,0,0,Matches
449,Moyita,es ESP,MF,Castellón,31,1992,19.5,2,21,5,23.8,1.08,0.26,0.10,0.40,0,0,Matches
450,Joaquín Muñoz,es ESP,"MF,FW",Huesca,25,1999,18.7,7,37,16,43.2,1.98,0.86,0.19,0.44,0,0,Matches
Rk,Player,Nation,Pos,Squad,Age,Born,90s,Gls,Sh,SoT,SoT%,Sh/90,SoT/90,G/Sh,G/SoT,PK,PKatt,Matches
451,Alejandro Muñoz Langreo,es ESP,MF,Albacete,20,2004,0.0,0,0,0,,0.00,0.00,,,0,0,Matches
452,Luis Muñoz,es ESP,"MF,FW",Cartagena,27,1997,13.7,3,29,12,41.4,2.11,0.87,0.03,0.08,2,2,Matches
453,Diego Murillo,es ESP,DF,Málaga,23,2001,8.6,1,7,1,14.3,0.81,0.12,0.14,1.00,0,0,Matches
454,Damián Musto,ar ARG,MF,Cartagena,37,1987,21.0,0,5,0,0.0,0.24,0.00,0.00,,0,0,Matches
455,Francisco Mwepu,zm ZAM,FW,Cádiz,24,2000,2.3,1,9,3,33.3,3.95,1.32,0.11,0.33,0,0,Matches
456,Oscar Naasei Oppong,gh GHA,DF,Granada,19,2005,3.5,0,0,0,,0.00,0.00,,,0,0,Matches
457,Nacho,es ESP,"MF,DF",Racing Ferrol,31,1993,14.6,1,21,3,14.3,1.44,0.21,0.05,0.33,0,0,Matches
458,Nacho,es ESP,DF,Cartagena,35,1989,12.5,2,8,2,25.0,0.64,0.16,0.25,1.00,0,0,Matches
459,Tomeu Nadal,es ESP,GK,Tenerife,35,1989,5.0,0,0,0,,0.00,0.00,,,0,0,Matches
460,Naldo,br BRA,DF,Racing Ferrol,35,1988,30.7,0,15,4,26.7,0.49,0.13,0.00,0.00,0,0,Matches
461,Marcos Navarro,es ESP,DF,Levante,20,2004,7.9,0,1,0,0.0,0.13,0.00,0.00,,0,0,Matches
462,Raúl Navarro,es ESP,MF,Burgos,30,1994,3.4,0,0,0,,0.00,0.00,,,0,0,Matches
463,Ximo Navarro,es ESP,DF,Dep. La Coruña,34,1990,27.2,4,21,8,38.1,0.77,0.29,0.19,0.50,0,0,Matches
464,Carlos Neva,es ESP,"DF,MF",Granada,28,1996,16.7,1,4,1,25.0,0.24,0.06,0.25,1.00,0,0,Matches
465,Albert Niculaesei,ro ROU,DF,Elche,16,2008,0.0,0,0,0,,0.00,0.00,,,0,0,Matches
466,Carlos Nieto,es ESP,MF,Zaragoza,28,1996,0.9,0,1,1,100.0,1.17,1.17,0.00,0.00,0,0,Matches
467,Fernando Niño,es ESP,FW,Burgos,23,2000,26.1,10,38,19,50.0,1.46,0.73,0.26,0.53,0,0,Matches
468,Peru Nolaskoain,es ESP,MF,Eibar,25,1998,26.6,2,21,8,38.1,0.79,0.30,0.10,0.25,0,0,Matches
469,Georges Nsukula Mazeya,fr FRA,FW,Burgos,21,2003,0.0,0,0,0,,0.00,0.00,,,0,0,Matches
470,Álvaro Núñez,es ESP,"DF,MF",Elche,24,2000,33.2,2,26,9,34.6,0.78,0.27,0.08,0.22,0,0,Matches
471,Rafael Nuñez,do DOM,MF,Elche,22,2002,2.7,1,4,1,25.0,1.46,0.36,0.25,1.00,0,0,Matches
472,Rafael Nuñez,do DOM,"MF,FW",Cartagena,22,2002,6.8,1,2,2,100.0,0.29,0.29,0.50,0.50,0,0,Matches
473,Kenneth Obinna Mamah,ng NGA,"MF,FW",Castellón,26,1998,21.1,4,31,10,32.3,1.47,0.47,0.13,0.40,0,0,Matches
474,Nikolay Obolsky,ru RUS,FW,Córdoba,27,1997,11.9,3,35,13,37.1,2.94,1.09,0.09,0.23,0,0,Matches
475,Rafel Obrador,es ESP,DF,Dep. La Coruña,20,2004,24.1,0,4,0,0.0,0.17,0.00,0.00,,0,0,Matches
Rk,Player,Nation,Pos,Squad,Age,Born,90s,Gls,Sh,SoT,SoT%,Sh/90,SoT/90,G/Sh,G/SoT,PK,PKatt,Matches
476,Brian Ocampo,uy URU,"MF,FW",Cádiz,25,1999,20.1,1,38,11,28.9,1.89,0.55,0.03,0.09,0,0,Matches
477,Aarón Ochoa,ie IRL,"MF,FW",Málaga,17,2007,11.2,0,13,5,38.5,1.16,0.44,0.00,0.00,0,0,Matches
478,Sixtus Ogbuehi,ng NGA,FW,Eldense,21,2003,0.3,0,1,1,100.0,3.10,3.10,0.00,0.00,0,0,Matches
479,Dani Ojeda,es ESP,MF,Burgos,29,1994,17.0,1,37,13,35.1,2.18,0.77,0.03,0.08,0,0,Matches
480,Raúl Ojeda,es ESP,FW,Huesca,19,2005,0.2,0,0,0,,0.00,0.00,,,0,0,Matches
481,Lander Olaetxea,es ESP,"MF,DF",Sporting Gijón,31,1993,34.1,2,16,5,31.3,0.47,0.15,0.13,0.40,0,0,Matches
482,Kiko Olivas,es ESP,DF,Cartagena,35,1988,26.4,0,4,0,0.0,0.15,0.00,0.00,,0,0,Matches
483,Javier Ontiveros,es ESP,"MF,FW",Cádiz,26,1997,27.2,10,89,36,40.4,3.27,1.32,0.11,0.28,0,1,Matches
484,Pedro Ortiz,es ESP,MF,Córdoba,23,2000,11.0,4,22,6,27.3,2.00,0.54,0.18,0.67,0,0,Matches
485,Alfredo Ortuño,es ESP,FW,Cartagena,33,1991,12.3,0,20,5,25.0,1.62,0.41,0.00,0.00,0,0,Matches
486,Juanto Ortuño,es ESP,FW,Eldense,32,1992,16.8,8,56,20,35.7,3.32,1.19,0.11,0.30,2,3,Matches
487,Sergio Ortuño,es ESP,MF,Eldense,25,1999,36.3,3,31,12,38.7,0.85,0.33,0.10,0.25,0,0,Matches
488,Alex Oyon,es ESP,FW,Sporting Gijón,21,2003,0.3,0,0,0,,0.00,0.00,,,0,0,Matches
489,Antonio Pacheco,es ESP,MF,Albacete,22,2002,18.8,0,6,1,16.7,0.32,0.05,0.00,0.00,0,0,Matches
490,Jorge Padilla,es ESP,FW,Tenerife,23,2001,1.6,0,3,0,0.0,1.86,0.00,0.00,,0,0,Matches
491,Gabriel Palmero,my MAS,DF,Tenerife,22,2002,0.5,0,0,0,,0.00,0.00,,,0,0,Matches
492,Diego Pampín,es ESP,DF,Levante,24,2000,33.4,1,30,6,20.0,0.90,0.18,0.03,0.17,0,0,Matches
493,Joaquín Panichelli,ar ARG,FW,Mirandés,21,2002,38.4,20,113,46,40.7,2.94,1.20,0.15,0.37,3,4,Matches
494,Victor Parada,es ESP,DF,Mirandés,22,2002,20.2,0,13,3,23.1,0.64,0.15,0.00,0.00,0,0,Matches
495,Raúl Parra,es ESP,DF,Eldense,24,1999,4.4,0,4,2,50.0,0.90,0.45,0.00,0.00,0,0,Matches
496,Germán Parreño,es ESP,GK,Dep. La Coruña,31,1993,5.0,0,0,0,,0.00,0.00,,,0,0,Matches
497,Pascu,es ESP,"MF,FW",Eibar,21,2003,21.9,5,57,22,38.6,2.60,1.00,0.09,0.23,0,0,Matches
498,Hugo Pascual,es ESP,DF,Burgos,18,2005,1.0,0,0,0,,0.00,0.00,,,0,0,Matches
499,Alex Pastor,es ESP,DF,Málaga,24,1999,25.7,1,10,2,20.0,0.39,0.08,0.10,0.50,0,0,Matches
500,Alfonso Pastor,es ESP,GK,Levante,23,2000,1.0,0,0,0,,0.00,0.00,,,0,0,Matches
Rk,Player,Nation,Pos,Squad,Age,Born,90s,Gls,Sh,SoT,SoT%,Sh/90,SoT/90,G/Sh,G/SoT,PK,PKatt,Matches
501,Gonzalo Pastor,es ESP,"MF,FW",Castellón,18,2006,7.2,0,8,2,25.0,1.11,0.28,0.00,0.00,0,0,Matches
502,Charlie Patino,eng ENG,MF,Dep. La Coruña,20,2003,3.3,0,1,0,0.0,0.31,0.00,0.00,,0,0,Matches
503,Paulino,es ESP,"MF,FW",Oviedo,27,1997,7.0,1,16,5,31.3,2.30,0.72,0.06,0.20,0,0,Matches
504,Pejiño,es ESP,"MF,FW",Elche,28,1996,4.7,1,13,3,23.1,2.76,0.64,0.08,0.33,0,0,Matches
505,Héber Pena,es ESP,MF,Racing Ferrol,34,1990,12.5,0,8,1,12.5,0.64,0.08,0.00,0.00,0,0,Matches
506,Pepín,gq EQG,MF,Cartagena,27,1996,7.2,1,12,5,41.7,1.67,0.69,0.08,0.20,0,0,Matches
507,Luis Perea,es ESP,MF,Racing Ferrol,26,1997,8.6,1,14,8,57.1,1.62,0.93,0.07,0.13,0,0,Matches
508,Adrián Pereda,es ESP,GK,Huesca,21,2003,2.0,0,0,0,,0.00,0.00,,,0,0,Matches
509,Adri Pérez,es ESP,DF,Tenerife,21,2003,0.6,0,0,0,,0.00,0.00,,,0,0,Matches
510,Javi Pérez,es ESP,MF,Huesca,28,1995,14.7,1,20,5,25.0,1.36,0.34,0.05,0.20,0,0,Matches
511,Juan Pérez,es ESP,GK,Huesca,28,1996,8.2,0,0,0,,0.00,0.00,,,0,0,Matches
512,Lucas Pérez,es ESP,"FW,MF",Dep. La Coruña,35,1988,18.1,4,35,11,31.4,1.93,0.61,0.11,0.36,0,0,Matches
513,Marko Perović,me MNE,MF,Almería,18,2006,0.6,0,2,2,100.0,3.33,3.33,0.00,0.00,0,0,Matches
514,Alex Petxa,es ESP,DF,Dep. La Coruña,27,1997,16.7,0,1,0,0.0,0.06,0.00,0.00,,0,0,Matches
515,Matías Pezzolesi,ar ARG,DF,Tenerife,21,2002,0.2,0,1,0,0.0,5.29,0.00,0.00,,0,0,Matches
516,Piña,es ESP,DF,Eldense,29,1994,30.7,1,16,3,18.8,0.52,0.10,0.06,0.33,0,0,Matches
517,Hugo Pinilla,es ESP,MF,Zaragoza,18,2006,0.2,0,0,0,,0.00,0.00,,,0,0,Matches
518,Pipa,es ESP,DF,Burgos,26,1998,13.5,0,9,3,33.3,0.67,0.22,0.00,0.00,0,0,Matches
519,Óscar Plano,es ESP,"FW,MF",Elche,33,1991,14.9,3,28,8,28.6,1.87,0.54,0.11,0.38,0,0,Matches
520,Carlos Pomares Rayo,es ESP,DF,Oviedo,31,1992,18.4,0,12,2,16.7,0.65,0.11,0.00,0.00,0,0,Matches
521,Francisco Portillo,es ESP,MF,Oviedo,34,1990,11.4,1,6,2,33.3,0.53,0.18,0.17,0.50,0,0,Matches
522,Sergio Postigo,es ESP,DF,Mirandés,35,1988,7.5,0,5,0,0.0,0.67,0.00,0.00,,0,0,Matches
523,Gaëtan Poussin,fr FRA,GK,Zaragoza,25,1999,32.4,1,1,1,100.0,0.03,0.03,1.00,1.00,0,0,Matches
524,Alejandro Pozo Pozo,es ESP,"DF,MF",Almería,25,1999,17.6,2,10,4,40.0,0.57,0.23,0.20,0.50,0,0,Matches
525,Marc Pubill,es ESP,DF,Almería,21,2003,31.3,1,31,11,35.5,0.99,0.35,0.03,0.09,0,0,Matches
Rk,Player,Nation,Pos,Squad,Age,Born,90s,Gls,Sh,SoT,SoT%,Sh/90,SoT/90,G/Sh,G/SoT,PK,PKatt,Matches
526,Antonio Puertas,es ESP,"MF,FW",Eibar,32,1992,28.3,5,45,17,37.8,1.59,0.60,0.11,0.29,0,0,Matches
527,Puga,es ESP,DF,Málaga,23,2000,24.3,0,7,2,28.6,0.29,0.08,0.00,0.00,0,0,Matches
528,Arnau Puigmal,es ESP,MF,Almería,23,2001,16.9,3,31,11,35.5,1.84,0.65,0.10,0.27,0,0,Matches
529,Jorge Pulido,es ESP,DF,Huesca,33,1991,35.3,2,20,7,35.0,0.57,0.20,0.10,0.29,0,0,Matches
530,Ruben Pulido Peñas,es ESP,DF,Huesca,23,2000,16.6,1,10,3,30.0,0.60,0.18,0.10,0.33,0,0,Matches
531,Iker Punzano,es ESP,MF,Castellón,20,2004,0.3,0,0,0,,0.00,0.00,,,0,0,Matches
532,Aleksa Puric,rs SRB,DF,Racing Ferrol,21,2003,33.5,1,26,7,26.9,0.78,0.21,0.04,0.14,0,0,Matches
533,Dani Queipo,es ESP,"FW,MF",Sporting Gijón,22,2002,13.2,0,32,12,37.5,2.42,0.91,0.00,0.00,0,0,Matches
534,Alberto Quiles,es ESP,"FW,MF",Albacete,29,1995,19.2,6,50,17,34.0,2.61,0.89,0.08,0.24,2,4,Matches
535,Nacho Quintana,es ESP,"FW,MF",Eldense,23,2001,25.5,1,36,5,13.9,1.41,0.20,0.03,0.20,0,0,Matches
536,Rubén Quintanilla,es ESP,MF,Burgos,22,2002,3.7,0,1,0,0.0,0.27,0.00,0.00,,0,0,Matches
537,Rubén Quintanilla,es ESP,MF,Almería,22,2002,1.1,0,1,0,0.0,0.94,0.00,0.00,,0,0,Matches
538,Aleksandar Radovanović,rs SRB,DF,Almería,30,1993,12.7,0,8,2,25.0,0.63,0.16,0.00,0.00,0,0,Matches
539,Yanis Rahmani,fr FRA,"MF,FW",Málaga,29,1995,7.4,0,14,3,21.4,1.89,0.40,0.00,0.00,0,0,Matches
540,Hugo Rama,es ESP,MF,Dep. La Coruña,27,1996,2.5,0,12,4,33.3,4.80,1.60,0.00,0.00,0,0,Matches
541,Largie Ramazani,be BEL,MF,Almería,23,2001,1.0,1,4,2,50.0,4.00,2.00,0.25,0.50,0,0,Matches
542,Chris Ramos,es ESP,FW,Cádiz,27,1997,24.7,10,74,25,33.8,2.99,1.01,0.12,0.36,1,1,Matches
543,Elba Rashani,xk KVX,MF,Elche,31,1993,3.6,3,5,3,60.0,1.39,0.83,0.60,1.00,0,0,Matches
544,Abde Rebbach,dz ALG,"MF,FW",Granada,25,1998,14.2,3,28,10,35.7,1.98,0.71,0.11,0.30,0,0,Matches
545,Iker Recio,es ESP,DF,Cádiz,23,2001,3.0,0,0,0,,0.00,0.00,,,0,0,Matches
546,Alberto Reina,es ESP,MF,Mirandés,26,1997,37.1,5,38,13,34.2,1.02,0.35,0.13,0.38,0,0,Matches
547,Reinier,br BRA,"FW,MF",Granada,22,2002,14.2,1,18,6,33.3,1.27,0.42,0.06,0.17,0,0,Matches
548,Oriol Rey,es ESP,MF,Levante,26,1998,35.9,0,11,3,27.3,0.31,0.08,0.00,0.00,0,0,Matches
549,Jhafets Reyes,ec ECU,GK,Cartagena,17,2006,2.0,0,0,0,,0.00,0.00,,,0,0,Matches
550,Nico Ribaudo,es ESP,MF,Almería,23,2001,25.3,7,78,20,25.6,3.09,0.79,0.09,0.35,0,0,Matches
Rk,Player,Nation,Pos,Squad,Age,Born,90s,Gls,Sh,SoT,SoT%,Sh/90,SoT/90,G/Sh,G/SoT,PK,PKatt,Matches
551,Hugo Rincón,es ESP,"DF,MF",Mirandés,21,2003,36.5,2,24,8,33.3,0.66,0.22,0.08,0.25,0,0,Matches
552,Rober,es ESP,DF,Sporting Gijón,29,1995,29.7,2,9,4,44.4,0.30,0.13,0.22,0.50,0,0,Matches
553,Lucas Robertone,ar ARG,MF,Almería,27,1997,13.5,1,19,5,26.3,1.41,0.37,0.05,0.20,0,0,Matches
554,Joel Roca,es ESP,"FW,MF",Mirandés,19,2005,19.3,6,56,23,41.1,2.90,1.19,0.11,0.26,0,0,Matches
555,Sergio Rodelas,es ESP,MF,Granada,19,2004,5.8,1,15,2,13.3,2.58,0.34,0.07,0.50,0,0,Matches
556,Álvaro Rodríguez,es ESP,DF,Albacete,30,1994,14.7,0,11,1,9.1,0.75,0.07,0.00,0.00,0,0,Matches
557,Ángel Rodríguez,es ESP,FW,Tenerife,37,1987,10.8,1,26,9,34.6,2.40,0.83,0.04,0.11,0,1,Matches
558,David Rodríguez,es ESP,DF,Tenerife,24,2000,26.1,1,14,2,14.3,0.54,0.08,0.07,0.50,0,0,Matches
559,Pablo Rodríguez,es ESP,MF,Racing Sant,22,2001,20.1,7,30,14,46.7,1.49,0.70,0.23,0.50,0,0,Matches
560,Rafa Rodríguez,es ESP,MF,Málaga,21,2003,0.7,2,6,2,33.3,8.85,2.95,0.33,1.00,0,0,Matches
561,Riki Rodríguez,es ESP,MF,Albacete,26,1997,31.7,1,33,9,27.3,1.04,0.28,0.03,0.11,0,0,Matches
562,Genaro Rodríguez Serrano,es ESP,"MF,DF",Córdoba,26,1998,8.3,0,13,5,38.5,1.57,0.61,0.00,0.00,0,0,Matches
563,Thomas Rodríguez,cl CHI,MF,Burgos,28,1996,0.2,0,0,0,,0.00,0.00,,,0,0,Matches
564,Luis Roldán,es ESP,MF,Elche,21,2003,0.2,0,0,0,,0.00,0.00,,,0,0,Matches
565,Pocho Román,it ITA,MF,Cartagena,20,2004,6.3,2,11,2,18.2,1.75,0.32,0.18,1.00,0,0,Matches
566,San Román,es ESP,GK,Elche,27,1997,3.0,0,0,0,,0.00,0.00,,,0,0,Matches
567,Iván Romero,es ESP,FW,Levante,23,2001,20.7,9,55,20,36.4,2.65,0.97,0.13,0.35,2,2,Matches
568,Unai Ropero,es ESP,FW,Eldense,22,2001,3.0,1,9,3,33.3,3.03,1.01,0.11,0.33,0,0,Matches
569,Guillermo Rosas,es ESP,DF,Sporting Gijón,24,2000,33.9,2,20,6,30.0,0.59,0.18,0.10,0.33,0,0,Matches
570,Rubén,es ESP,DF,Granada,23,2001,22.0,1,12,2,16.7,0.55,0.09,0.08,0.50,0,0,Matches
571,Waldo Rubio,es ESP,MF,Tenerife,28,1995,25.5,2,40,14,35.0,1.57,0.55,0.05,0.14,0,0,Matches
572,Javi Rueda,es ESP,DF,Albacete,22,2002,24.1,4,23,10,43.5,0.95,0.42,0.17,0.40,0,0,Matches
573,Isma Ruiz,es ESP,MF,Córdoba,23,2001,32.8,2,29,10,34.5,0.89,0.31,0.07,0.20,0,0,Matches
574,Jesús Ruiz,es ESP,GK,Racing Ferrol,27,1997,35.0,0,0,0,,0.00,0.00,,,0,0,Matches
575,Salva Ruiz,es ESP,DF,Castellón,29,1995,11.5,0,4,0,0.0,0.35,0.00,0.00,,0,0,Matches
Rk,Player,Nation,Pos,Squad,Age,Born,90s,Gls,Sh,SoT,SoT%,Sh/90,SoT/90,G/Sh,G/SoT,PK,PKatt,Matches
576,Sergio Ruiz,es ESP,MF,Granada,29,1994,27.3,0,10,0,0.0,0.37,0.00,0.00,,0,0,Matches
577,Francisco Sabina,es ESP,FW,Tenerife,20,2003,0.3,0,0,0,,0.00,0.00,,,0,0,Matches
578,Pablo Saenz,es ESP,"MF,FW",Granada,23,2001,8.1,0,17,7,41.2,2.10,0.87,0.00,0.00,0,0,Matches
579,Pablo Saenz,es ESP,MF,Albacete,23,2001,10.3,5,24,12,50.0,2.33,1.16,0.21,0.42,0,0,Matches
580,Íñigo Sainz-Maza,es ESP,MF,Racing Sant,26,1998,2.8,0,1,0,0.0,0.36,0.00,0.00,,0,0,Matches
581,Álex Sala,es ESP,MF,Córdoba,23,2001,29.1,5,84,26,31.0,2.88,0.89,0.05,0.15,1,1,Matches
582,Jorge Salinas,es ESP,DF,Racing Sant,17,2007,1.0,0,0,0,,0.00,0.00,,,0,0,Matches
583,José Salinas,es ESP,"DF,MF",Elche,23,2000,37.2,2,39,12,30.8,1.05,0.32,0.05,0.17,0,0,Matches
584,Cristian Salvador,es ESP,MF,Elche,29,1994,3.8,0,2,0,0.0,0.53,0.00,0.00,,0,0,Matches
585,Salvi,es ESP,GK,Tenerife,24,2000,15.0,0,0,0,,0.00,0.00,,,0,0,Matches
586,Fede San Emeterio,es ESP,MF,Cádiz,27,1997,13.1,0,6,2,33.3,0.46,0.15,0.00,0.00,0,0,Matches
587,Carmelo Sánchez,es ESP,MF,Cartagena,22,2002,1.5,0,3,1,33.3,2.06,0.69,0.00,0.00,0,0,Matches
588,Dani Sánchez,es ESP,DF,Málaga,24,2000,21.9,2,16,6,37.5,0.73,0.27,0.13,0.33,0,0,Matches
589,Diego Sánchez,es ESP,DF,Sporting Gijón,21,2003,26.6,1,9,2,22.2,0.34,0.08,0.11,0.50,0,0,Matches
590,Kevin Sánchez,es ESP,FW,Dep. La Coruña,19,2005,1.5,0,1,0,0.0,0.65,0.00,0.00,,0,0,Matches
591,Borja Sánchez Laborde,es ESP,MF,Burgos,28,1996,11.5,4,17,9,52.9,1.47,0.78,0.24,0.44,0,0,Matches
592,Lorenzo Sanchez,es ESP,FW,Almería,21,2003,0.0,0,0,0,,0.00,0.00,,,0,0,Matches
593,Jaime Sánchez Muñoz,es ESP,DF,Dep. La Coruña,29,1995,6.1,0,0,0,,0.00,0.00,,,0,0,Matches
594,Pepe Sánchez,es ESP,DF,Albacete,24,2000,11.7,0,1,0,0.0,0.09,0.00,0.00,,0,0,Matches
595,Raúl Sánchez,es ESP,"MF,FW",Castellón,47,1976,30.7,12,59,25,42.4,1.92,0.81,0.20,0.48,0,0,Matches
596,Ricard Sánchez,es ESP,"DF,MF",Granada,24,2000,23.0,3,38,11,28.9,1.65,0.48,0.08,0.27,0,0,Matches
597,Álex Sancris,es ESP,MF,Burgos,27,1997,32.4,7,62,26,41.9,1.91,0.80,0.08,0.19,2,3,Matches
598,Luca Sangalli,es ESP,MF,Málaga,29,1995,2.7,0,1,0,0.0,0.38,0.00,0.00,,0,0,Matches
599,Marco Sangalli,es ESP,"DF,MF",Racing Sant,32,1992,17.2,4,15,6,40.0,0.87,0.35,0.27,0.67,0,0,Matches
600,Pau Sans,es ESP,"MF,FW",Zaragoza,19,2004,13.4,3,30,9,30.0,2.23,0.67,0.10,0.33,0,0,Matches
Rk,Player,Nation,Pos,Squad,Age,Born,90s,Gls,Sh,SoT,SoT%,Sh/90,SoT/90,G/Sh,G/SoT,PK,PKatt,Matches
601,Yago Santiago,es ESP,"MF,FW",Elche,21,2003,15.2,2,23,12,52.2,1.52,0.79,0.09,0.17,0,0,Matches
602,Aitor Sanz,es ESP,MF,Tenerife,39,1984,14.3,0,5,2,40.0,0.35,0.14,0.00,0.00,0,0,Matches
603,Alvaro Sanz,es ESP,MF,Racing Ferrol,23,2001,29.8,0,9,0,0.0,0.30,0.00,0.00,,0,0,Matches
604,Josep Señé,es ESP,MF,Racing Ferrol,32,1991,35.0,2,25,8,32.0,0.71,0.23,0.04,0.13,1,2,Matches
605,Yanis Senhadji,es ESP,FW,Tenerife,19,2005,2.2,0,5,0,0.0,2.32,0.00,0.00,,0,0,Matches
606,Jaime Seoane,es ESP,MF,Oviedo,27,1997,16.4,3,21,7,33.3,1.28,0.43,0.14,0.43,0,0,Matches
607,Francho Serrano,es ESP,"MF,DF",Zaragoza,22,2001,28.9,4,34,13,38.2,1.18,0.45,0.12,0.31,0,0,Matches
608,Nicolás Serrano,es ESP,"MF,FW",Sporting Gijón,21,2003,12.3,2,35,15,42.9,2.84,1.22,0.06,0.13,0,0,Matches
609,Mats Seuntjens,nl NED,"MF,FW",Castellón,32,1992,8.7,0,17,8,47.1,1.94,0.91,0.00,0.00,0,0,Matches
610,Kwasi Sibo,gh GHA,MF,Oviedo,26,1998,25.2,1,10,2,20.0,0.40,0.08,0.10,0.50,0,0,Matches
611,Óscar Sielva,es ESP,MF,Huesca,32,1991,31.7,6,31,9,29.0,0.98,0.28,0.03,0.11,5,6,Matches
612,Grego Sierra,es ESP,DF,Burgos,31,1993,18.0,0,5,2,40.0,0.28,0.11,0.00,0.00,0,0,Matches
613,Matheus Pereira da Silva,br BRA,MF,Eibar,26,1998,24.4,1,30,7,23.3,1.23,0.29,0.03,0.14,0,0,Matches
614,Xavi Sintes,es ESP,DF,Córdoba,22,2001,27.8,0,12,2,16.7,0.43,0.07,0.00,0.00,0,0,Matches
615,Nikola Šipčić,me MNE,DF,Cartagena,29,1995,18.0,0,12,3,25.0,0.67,0.17,0.00,0.00,0,0,Matches
616,Soberón,es ESP,FW,Zaragoza,27,1997,16.5,10,40,17,42.5,2.42,1.03,0.20,0.47,2,2,Matches
617,Rubén Sobrino,es ESP,"MF,FW",Cádiz,32,1992,23.4,4,30,11,36.7,1.28,0.47,0.13,0.36,0,0,Matches
618,Patrick Soko,cm CMR,"FW,MF",Huesca,26,1997,29.8,13,77,33,42.9,2.58,1.11,0.17,0.39,0,0,Matches
619,Jude Soonsup-Bell,th THA,FW,Córdoba,20,2004,0.9,0,3,0,0.0,3.29,0.00,0.00,,0,0,Matches
620,Mario Soriano,es ESP,"MF,FW",Dep. La Coruña,22,2002,37.4,5,60,13,21.7,1.61,0.35,0.08,0.38,0,0,Matches
621,Borislav Stankov,bg BUL,FW,Eibar,22,2002,0.4,0,2,0,0.0,4.86,0.00,0.00,,0,0,Matches
622,Stoichkov,es ESP,"FW,MF",Granada,30,1993,8.9,1,23,11,47.8,2.58,1.24,0.04,0.09,0,0,Matches
623,Luis Suárez,co COL,FW,Almería,26,1997,40.4,27,167,66,39.5,4.13,1.63,0.11,0.29,8,10,Matches
624,Israel Suero,es ESP,"MF,FW",Castellón,30,1994,25.7,11,38,20,52.6,1.48,0.78,0.24,0.45,2,3,Matches
625,Tachi,es ESP,"DF,MF",Mirandés,26,1997,17.5,0,7,3,42.9,0.40,0.17,0.00,0.00,0,0,Matches
Rk,Player,Nation,Pos,Squad,Age,Born,90s,Gls,Sh,SoT,SoT%,Sh/90,SoT/90,G/Sh,G/SoT,PK,PKatt,Matches
626,Dani Tasende,es ESP,"DF,MF",Zaragoza,24,2000,26.2,2,34,9,26.5,1.30,0.34,0.06,0.22,0,0,Matches
627,Cédric Teguia,es ESP,"MF,FW",Cartagena,22,2001,15.1,2,25,10,40.0,1.65,0.66,0.08,0.20,0,0,Matches
628,Lucas Terrer,es ESP,MF,Zaragoza,19,2005,0.1,0,0,0,,0.00,0.00,,,0,0,Matches
629,David Timor,es ESP,"MF,DF",Eldense,34,1989,20.5,0,18,3,16.7,0.88,0.15,0.00,0.00,0,0,Matches
630,Pablo Tomeo,es ESP,DF,Mirandés,24,2000,34.0,4,16,7,43.8,0.47,0.21,0.25,0.57,0,0,Matches
631,Nemanja Tošić,rs SRB,DF,Dep. La Coruña,27,1997,4.1,0,2,0,0.0,0.49,0.00,0.00,,0,0,Matches
632,Nabil Touaizi,ma MAR,"DF,FW",Albacete,23,2001,6.6,1,4,3,75.0,0.61,0.46,0.25,0.33,0,0,Matches
633,Ntji Tounkara,ml MLI,MF,Córdoba,19,2005,0.2,0,0,0,,0.00,0.00,,,0,0,Matches
634,Mamadou Traoré,ml MLI,GK,Castellón,22,2002,1.4,0,3,2,66.7,2.09,1.40,0.00,0.00,0,0,Matches
635,Manu Trigueros,es ESP,MF,Granada,32,1991,16.3,3,14,7,50.0,0.86,0.43,0.21,0.43,0,0,Matches
636,Heorhii Tsitaishvili,ge GEO,"MF,FW",Granada,23,2000,28.5,7,56,20,35.7,1.96,0.70,0.13,0.35,0,0,Matches
637,Iker Unzueta,es ESP,FW,Huesca,25,1998,9.3,1,8,4,50.0,0.86,0.43,0.13,0.25,0,0,Matches
638,Myrto Uzuni,al ALB,FW,Granada,29,1995,15.7,14,48,29,60.4,3.06,1.85,0.25,0.41,2,2,Matches
639,Gerard Valentín,es ESP,"MF,DF",Huesca,31,1993,26.7,1,20,7,35.0,0.75,0.26,0.05,0.14,0,0,Matches
640,Germán Valera,es ESP,MF,Elche,22,2002,12.4,3,8,4,50.0,0.65,0.32,0.38,0.75,0,0,Matches
641,Hugo Vallejo,es ESP,"MF,FW",Huesca,24,2000,13.7,2,14,4,28.6,1.02,0.29,0.14,0.50,0,0,Matches
642,Manu Vallejo,es ESP,"FW,MF",Racing Ferrol,27,1997,1.3,0,5,0,0.0,3.91,0.00,0.00,,0,0,Matches
643,Jaime Vallejo Mellado,es ESP,DF,Zaragoza,22,2002,0.1,0,0,0,,0.00,0.00,,,0,0,Matches
644,Gastón Valles,uy URU,FW,Cartagena,23,2001,19.9,3,30,18,60.0,1.51,0.90,0.10,0.17,0,0,Matches
645,Adrián Vázquez,es ESP,DF,Córdoba,20,2004,1.0,0,0,0,,0.00,0.00,,,0,0,Matches
646,Borja Vázquez,es ESP,FW,Cádiz,19,2005,0.2,0,1,0,0.0,5.29,0.00,0.00,,0,0,Matches
647,Jaime Vázquez,es ESP,DF,Oviedo,18,2006,4.5,0,1,1,100.0,0.22,0.22,0.00,0.00,0,0,Matches
648,Kevin Vázquez,es ESP,"DF,MF",Sporting Gijón,31,1993,8.7,0,4,1,25.0,0.46,0.11,0.00,0.00,0,0,Matches
649,Pablo Vázquez,es ESP,DF,Dep. La Coruña,29,1994,41.2,2,20,3,15.0,0.49,0.07,0.10,0.67,0,0,Matches
650,Unai Vencedor Paris,es ESP,MF,Racing Sant,23,2000,30.4,0,13,2,15.4,0.43,0.07,0.00,0.00,0,0,Matches
Rk,Player,Nation,Pos,Squad,Age,Born,90s,Gls,Sh,SoT,SoT%,Sh/90,SoT/90,G/Sh,G/SoT,PK,PKatt,Matches
651,Jozhua Vertrouwd,nl NED,DF,Castellón,19,2004,29.3,1,7,2,28.6,0.24,0.07,0.14,0.50,0,0,Matches
652,Iñigo Vicente,es ESP,MF,Racing Sant,26,1998,36.9,3,41,16,39.0,1.11,0.43,0.07,0.19,0,0,Matches
653,Fede Vico,es ESP,MF,Eldense,30,1994,7.6,1,4,2,50.0,0.53,0.26,0.25,0.50,0,0,Matches
654,Nacho Vidal,es ESP,DF,Oviedo,29,1995,17.8,4,19,7,36.8,1.07,0.39,0.21,0.57,0,0,Matches
655,Ramon Vila,es ESP,GK,Córdoba,22,2002,2.0,0,0,0,,0.00,0.00,,,0,0,Matches
656,Ignasi Vilarrasa,es ESP,"MF,DF",Huesca,24,1999,37.2,1,28,7,25.0,0.75,0.19,0.00,0.00,1,1,Matches
657,Toni Villa,es ESP,MF,Eibar,29,1995,5.3,0,9,2,22.2,1.71,0.38,0.00,0.00,0,0,Matches
658,Daniel Villahermosa,es ESP,"MF,FW",Castellón,23,2001,5.1,0,5,1,20.0,0.97,0.19,0.00,0.00,0,0,Matches
659,Gonzalo Villar,es ESP,MF,Granada,26,1998,25.9,2,30,7,23.3,1.16,0.27,0.07,0.29,0,0,Matches
660,Javier Villar,es ESP,"MF,DF",Albacete,21,2003,14.1,0,11,1,9.1,0.78,0.07,0.00,0.00,0,0,Matches
661,Diego Villares,es ESP,MF,Dep. La Coruña,28,1996,34.9,4,20,7,35.0,0.57,0.20,0.20,0.57,0,0,Matches
662,Federico Viñas,uy URU,FW,Oviedo,26,1998,7.5,1,17,3,17.6,2.27,0.40,0.06,0.33,0,0,Matches
663,Bernardo Vital,pt POR,DF,Zaragoza,23,2000,31.6,0,10,2,20.0,0.32,0.06,0.00,0.00,0,0,Matches
664,Andrija Vukčević,me MNE,DF,Cartagena,27,1996,11.1,0,1,1,100.0,0.09,0.09,0.00,0.00,0,0,Matches
665,Victor Wehbi,br BRA,GK,Cádiz,21,2002,2.0,0,0,0,,0.00,0.00,,,0,0,Matches
666,Shon Weissman,il ISR,FW,Granada,28,1996,11.4,2,22,10,45.5,1.93,0.88,0.09,0.20,0,1,Matches
667,Jetro Willems,nl NED,DF,Castellón,30,1994,10.7,1,5,2,40.0,0.47,0.19,0.20,0.50,0,0,Matches
668,Loïc Williams,es ESP,DF,Granada,22,2002,26.9,1,8,2,25.0,0.30,0.07,0.13,0.50,0,0,Matches
669,Xeber,es ESP,"MF,FW",Eibar,27,1997,21.3,1,32,11,34.4,1.50,0.52,0.03,0.09,0,0,Matches
670,Rubén Yáñez,es ESP,GK,Sporting Gijón,30,1993,38.7,0,0,0,,0.00,0.00,,,0,0,Matches
671,Yoel,es ESP,GK,Racing Ferrol,35,1988,6.0,0,0,0,,0.00,0.00,,,0,0,Matches
672,Ander Yoldi,es ESP,"MF,FW",Córdoba,22,2001,13.9,3,32,16,50.0,2.30,1.15,0.06,0.13,1,1,Matches
673,Izan Yurrieta,es ESP,FW,Racing Sant,21,2003,0.1,0,0,0,,0.00,0.00,,,0,0,Matches
674,Joseba Zaldúa,es ESP,DF,Cádiz,32,1992,11.8,0,3,0,0.0,0.25,0.00,0.00,,0,0,Matches
675,Jorge Zarfino,uy URU,MF,Castellón,32,1991,6.2,0,6,0,0.0,0.97,0.00,0.00,,0,0,Matches
Rk,Player,Nation,Pos,Squad,Age,Born,90s,Gls,Sh,SoT,SoT%,Sh/90,SoT/90,G/Sh,G/SoT,PK,PKatt,Matches
676,Ekain Zenitagoia,es ESP,FW,Racing Sant,30,1994,0.8,1,1,1,100.0,1.29,1.29,1.00,1.00,0,0,Matches
677,Luca Zidane,dz ALG,GK,Granada,26,1998,16.0,0,0,0,,0.00,0.00,,,0,0,Matches
678,Theo Zidane,fr FRA,MF,Córdoba,22,2002,20.4,5,36,14,38.9,1.77,0.69,0.14,0.36,0,0,Matches
679,Elady Zorrilla,es ESP,MF,Burgos,34,1990,1.6,0,2,0,0.0,1.27,0.00,0.00,,0,0,Matches
680,Dario Đumić,ba BIH,DF,Eldense,32,1992,17.5,3,14,6,42.9,0.80,0.34,0.21,0.50,0,0,Matches
