Fecha,hora,L,V,GL,GV,TL,TV,CL,CV,AL,AV,RL,RV
11/08/2023,18:30,Almeria,Rayo,0,2,5,4,8,3,1,3,0,0
11/08/2023,21:00,Sevilla,Valencia,1,2,3,3,8,1,3,2,1,0
12/08/2023,16:00,Real Sociedad,Girona,1,1,2,1,4,1,2,5,0,0
12/08/2023,20:30,Ath Bilbao,Real Madrid,0,2,1,8,7,5,3,1,0,0
13/08/2023,16:00,Celta,Osasuna,0,2,1,5,7,2,1,1,0,0
13/08/2023,18:30,Villarreal,Betis,1,2,5,5,9,4,1,3,0,0
13/08/2023,20:30,Getafe,Barcelona,0,0,2,4,3,4,8,2,1,1
14/08/2023,18:30,Cadiz,Alaves,1,0,3,2,2,4,3,2,1,0
14/08/2023,20:30,Ath Madrid,Granada,3,1,6,4,3,3,3,1,0,0
18/08/2023,18:30,Mallorca,Villarreal,0,1,1,3,6,5,2,4,0,0
18/08/2023,20:30,Valencia,Las Palmas,1,0,4,1,6,4,0,0,0,0
19/08/2023,16:00,Real Sociedad,Celta,1,1,2,6,9,7,2,1,0,0
19/08/2023,18:30,Almeria,Real Madrid,1,3,8,9,4,5,1,0,0,0
19/08/2023,20:30,Osasuna,Ath Bilbao,0,2,7,2,5,3,1,5,1,1
20/08/2023,18:00,Girona,Getafe,3,0,6,2,3,2,2,5,0,0
20/08/2023,18:30,Barcelona,Cadiz,2,0,10,1,10,2,4,3,0,0
20/08/2023,20:30,Betis,Ath Madrid,0,0,0,1,2,7,2,1,0,0
21/08/2023,18:00,Alaves,Sevilla,4,3,7,2,4,4,1,2,0,0
21/08/2023,20:30,Granada,Rayo,0,2,7,9,5,6,2,1,1,0
25/08/2023,18:30,Las Palmas,Real Sociedad,0,0,5,1,5,7,1,4,0,0
25/08/2023,20:30,Celta,Real Madrid,0,1,4,3,3,5,2,3,0,0
26/08/2023,20:30,Sevilla,Girona,1,2,4,3,6,6,2,1,0,0
27/08/2023,16:30,Villarreal,Barcelona,3,4,6,11,2,6,3,3,0,0
27/08/2023,18:30,Valencia,Osasuna,1,2,4,2,6,3,3,4,0,0
27/08/2023,20:30,Ath Bilbao,Betis,4,2,6,3,5,3,4,2,0,0
28/08/2023,18:30,Getafe,Alaves,1,0,4,2,4,5,1,2,0,0
28/08/2023,20:30,Rayo,Ath Madrid,0,7,3,10,8,3,4,3,0,0
01/09/2023,18:30,Cadiz,Villarreal,3,1,4,3,7,3,5,4,0,1
01/09/2023,21:00,Almeria,Celta,2,3,5,8,6,5,1,1,0,0
02/09/2023,13:00,Real Sociedad,Granada,5,3,6,5,2,5,1,5,0,0
02/09/2023,15:15,Real Madrid,Getafe,2,1,12,2,11,1,2,6,0,0
02/09/2023,17:30,Alaves,Valencia,1,0,1,4,1,2,4,2,0,0
02/09/2023,20:00,Betis,Rayo,1,0,5,6,2,3,3,5,0,0
03/09/2023,15:15,Mallorca,Ath Bilbao,0,0,2,3,3,5,0,1,0,0
03/09/2023,20:00,Osasuna,Barcelona,1,2,3,4,8,5,1,3,1,0
15/09/2023,20:00,Rayo,Alaves,2,0,11,1,5,3,2,3,0,0
16/09/2023,13:00,Ath Bilbao,Cadiz,3,0,9,4,5,4,1,4,0,0
16/09/2023,15:15,Valencia,Ath Madrid,3,0,8,3,5,8,1,5,0,0
16/09/2023,17:30,Celta,Mallorca,0,1,4,4,10,1,1,3,0,0
16/09/2023,20:00,Barcelona,Betis,5,0,9,2,9,5,1,2,0,0
17/09/2023,13:00,Getafe,Osasuna,3,2,6,3,6,3,6,2,0,0
17/09/2023,15:15,Villarreal,Almeria,2,1,4,7,7,6,2,3,0,0
17/09/2023,17:30,Sevilla,Las Palmas,1,0,9,2,7,3,3,5,0,0
17/09/2023,20:00,Real Madrid,Real Sociedad,2,1,8,5,4,3,3,2,0,0
22/09/2023,20:00,Alaves,Ath Bilbao,0,2,5,3,3,4,2,2,0,0
23/09/2023,15:15,Osasuna,Sevilla,0,0,2,3,7,4,2,3,0,0
23/09/2023,17:30,Barcelona,Celta,3,2,6,7,2,3,2,1,0,0
23/09/2023,20:00,Almeria,Valencia,2,2,10,5,8,3,4,2,0,0
24/09/2023,13:00,Real Sociedad,Getafe,4,3,6,7,2,1,3,2,0,0
24/09/2023,15:15,Rayo,Villarreal,1,1,6,6,2,8,2,3,0,1
24/09/2023,17:30,Betis,Cadiz,1,1,7,1,11,8,2,3,0,0
24/09/2023,20:00,Ath Madrid,Real Madrid,3,1,4,5,6,11,1,3,0,0
26/09/2023,18:00,Sevilla,Almeria,5,1,9,1,9,4,3,2,0,0
26/09/2023,20:30,Mallorca,Barcelona,2,2,5,4,7,2,4,1,1,0
27/09/2023,18:00,Ath Bilbao,Getafe,2,2,4,5,5,4,5,6,1,0
27/09/2023,18:00,Real Madrid,Las Palmas,2,0,9,2,7,2,0,1,0,0
27/09/2023,18:00,Villarreal,Girona,1,2,3,5,5,6,3,2,0,0
27/09/2023,20:30,Cadiz,Rayo,0,0,2,4,1,2,5,6,0,1
27/09/2023,20:30,Valencia,Real Sociedad,0,1,2,1,0,2,4,7,1,0
28/09/2023,18:00,Celta,Alaves,1,1,0,11,2,8,5,3,1,0
28/09/2023,18:00,Granada,Betis,1,1,7,3,5,7,2,1,0,0
28/09/2023,20:30,Osasuna,Ath Madrid,0,2,2,3,7,2,3,3,1,1
29/09/2023,20:00,Barcelona,Sevilla,1,0,5,3,13,3,2,3,0,0
30/09/2023,13:00,Getafe,Villarreal,0,0,9,0,6,4,2,4,0,1
30/09/2023,15:15,Rayo,Mallorca,2,2,5,4,5,0,2,5,0,0
30/09/2023,17:30,Girona,Real Madrid,0,3,3,7,1,4,2,2,0,1
30/09/2023,20:00,Real Sociedad,Ath Bilbao,3,0,5,3,5,7,2,2,0,0
01/10/2023,15:15,Alaves,Osasuna,0,2,3,3,4,2,2,3,1,0
01/10/2023,20:00,Ath Madrid,Cadiz,3,2,9,4,5,3,1,3,0,0
01/10/2023,20:00,Betis,Valencia,3,0,7,2,5,3,2,2,0,0
02/10/2023,20:00,Las Palmas,Celta,2,1,5,3,4,5,2,1,0,0
06/10/2023,20:00,Ath Bilbao,Almeria,3,0,9,1,6,2,2,0,0,0
07/10/2023,15:15,Real Madrid,Osasuna,4,0,9,1,5,4,2,2,0,0
07/10/2023,17:30,Mallorca,Valencia,1,1,5,3,3,6,2,1,0,0
07/10/2023,20:00,Sevilla,Rayo,2,2,6,4,12,2,5,2,0,0
08/10/2023,13:00,Villarreal,Las Palmas,1,2,4,5,7,2,4,4,0,0
08/10/2023,15:15,Ath Madrid,Real Sociedad,2,1,5,4,1,4,3,3,0,0
08/10/2023,17:30,Alaves,Betis,1,1,5,2,5,3,3,3,0,1
08/10/2023,17:30,Celta,Getafe,2,2,11,2,13,1,1,8,0,1
08/10/2023,20:00,Granada,Barcelona,2,2,2,10,1,11,4,1,0,0
20/10/2023,20:00,Osasuna,Granada,2,0,6,3,1,7,3,4,0,1
21/10/2023,13:00,Real Sociedad,Mallorca,1,0,6,7,2,5,3,3,0,0
21/10/2023,15:15,Getafe,Betis,1,1,4,3,4,8,5,2,0,0
21/10/2023,17:30,Sevilla,Real Madrid,1,1,7,5,4,6,5,2,0,0
21/10/2023,20:00,Celta,Ath Madrid,0,3,3,7,7,5,3,2,1,0
22/10/2023,13:00,Las Palmas,Rayo,0,1,6,4,10,5,4,3,0,1
22/10/2023,17:30,Villarreal,Alaves,1,1,3,7,9,3,4,3,0,0
22/10/2023,20:00,Barcelona,Ath Bilbao,1,0,7,3,4,7,3,3,0,0
23/10/2023,20:00,Valencia,Cadiz,2,0,4,4,4,6,0,3,0,1
27/10/2023,20:00,Girona,Celta,1,0,2,2,10,1,3,2,0,0
28/10/2023,15:15,Barcelona,Real Madrid,1,2,3,4,6,3,2,1,0,0
28/10/2023,17:30,Mallorca,Getafe,0,0,4,0,8,3,0,1,0,0
28/10/2023,20:00,Cadiz,Sevilla,2,2,5,10,2,4,6,4,0,0
29/10/2023,13:00,Betis,Osasuna,2,1,2,1,6,3,3,4,0,0
29/10/2023,15:15,Rayo,Real Sociedad,2,2,7,3,4,5,3,2,0,0
29/10/2023,17:30,Ath Bilbao,Valencia,2,2,7,5,10,4,3,1,0,0
29/10/2023,20:00,Ath Madrid,Alaves,2,1,7,1,4,4,3,2,0,0
30/10/2023,20:00,Granada,Villarreal,2,3,8,5,4,1,0,4,0,0
03/11/2023,20:00,Las Palmas,Ath Madrid,2,1,3,5,3,4,0,3,0,0
04/11/2023,13:00,Osasuna,Girona,2,4,3,4,2,7,5,3,0,0
04/11/2023,15:15,Betis,Mallorca,2,0,3,1,6,1,1,4,0,1
04/11/2023,17:30,Celta,Sevilla,1,1,3,5,4,6,2,5,1,0
04/11/2023,20:00,Real Sociedad,Barcelona,0,1,6,4,8,3,3,3,0,0
05/11/2023,13:00,Alaves,Almeria,1,0,3,3,12,6,2,3,0,0
05/11/2023,15:15,Valencia,Granada,1,0,2,1,0,4,3,5,0,0
05/11/2023,17:30,Villarreal,Ath Bilbao,2,3,6,7,9,3,4,4,0,0
05/11/2023,20:00,Real Madrid,Rayo,0,0,5,0,11,1,3,5,0,0
06/11/2023,20:00,Getafe,Cadiz,1,0,3,2,6,3,7,1,1,0
10/11/2023,20:00,Ath Bilbao,Celta,4,3,12,5,7,2,2,2,0,0
11/11/2023,13:00,Rayo,Girona,1,2,9,7,8,3,1,2,0,0
11/11/2023,15:15,Almeria,Real Sociedad,1,3,2,6,5,5,2,2,0,0
11/11/2023,17:30,Granada,Getafe,1,1,6,6,3,5,4,2,0,0
11/11/2023,17:30,Osasuna,Las Palmas,1,1,3,1,8,3,1,1,0,0
11/11/2023,20:00,Real Madrid,Valencia,5,1,7,4,4,4,1,3,0,0
12/11/2023,15:15,Barcelona,Alaves,2,1,6,1,2,1,2,1,0,0
12/11/2023,17:30,Sevilla,Betis,1,1,4,6,9,5,1,1,0,0
12/11/2023,20:00,Ath Madrid,Villarreal,3,1,10,7,6,3,0,2,0,0
24/11/2023,20:00,Alaves,Granada,3,1,5,4,6,2,1,3,0,0
25/11/2023,13:00,Rayo,Barcelona,1,1,4,4,1,4,3,4,0,0
25/11/2023,15:15,Valencia,Celta,0,0,0,1,5,7,3,2,0,0
25/11/2023,17:30,Getafe,Almeria,2,1,5,4,3,6,2,4,0,0
25/11/2023,20:00,Ath Madrid,Mallorca,1,0,3,1,7,3,0,0,0,0
26/11/2023,13:00,Villarreal,Osasuna,3,1,3,7,2,4,0,0,0,0
26/11/2023,15:15,Real Sociedad,Sevilla,2,1,8,2,4,4,2,1,0,2
26/11/2023,17:30,Cadiz,Real Madrid,0,3,4,5,4,4,3,3,0,0
26/11/2023,20:00,Betis,Las Palmas,1,0,6,4,7,6,1,2,0,0
27/11/2023,20:00,Girona,Ath Bilbao,1,1,2,6,2,6,1,1,0,0
01/12/2023,20:00,Las Palmas,Getafe,2,0,6,4,4,4,0,5,0,1
02/12/2023,13:00,Girona,Valencia,2,1,5,3,3,2,2,3,0,0
02/12/2023,15:15,Ath Bilbao,Rayo,4,0,4,3,7,2,1,2,0,0
02/12/2023,17:30,Real Madrid,Granada,2,0,4,0,6,0,2,1,0,0
02/12/2023,20:00,Osasuna,Real Sociedad,1,1,3,5,1,8,3,3,0,0
03/12/2023,13:00,Mallorca,Alaves,0,0,3,4,5,4,4,2,0,0
03/12/2023,15:15,Almeria,Betis,0,0,8,2,4,6,0,3,0,1
03/12/2023,17:30,Sevilla,Villarreal,1,1,4,4,8,4,3,2,0,0
03/12/2023,20:00,Barcelona,Ath Madrid,1,0,2,4,7,2,5,4,0,0
04/12/2023,20:00,Celta,Cadiz,1,1,7,1,12,1,1,6,0,1
08/12/2023,20:00,Getafe,Valencia,1,0,6,0,7,0,2,4,1,2
09/12/2023,13:00,Alaves,Las Palmas,0,1,5,2,12,3,3,4,0,0
09/12/2023,15:15,Betis,Real Madrid,1,1,6,2,8,6,2,1,0,0
09/12/2023,17:30,Villarreal,Real Sociedad,0,3,4,5,5,3,2,1,0,0
09/12/2023,20:00,Mallorca,Sevilla,1,0,3,5,4,12,2,2,0,0
10/12/2023,13:00,Ath Madrid,Almeria,2,1,4,5,3,15,1,0,0,0
10/12/2023,17:30,Cadiz,Osasuna,1,1,5,5,2,4,1,2,0,0
10/12/2023,20:00,Barcelona,Girona,2,4,11,7,8,3,1,2,0,0
11/12/2023,20:00,Granada,Ath Bilbao,1,1,4,4,1,8,0,2,0,0
11/12/2023,20:00,Rayo,Celta,0,0,4,2,8,1,3,0,0,0
15/12/2023,20:00,Osasuna,Rayo,1,0,4,3,9,1,2,3,0,0
16/12/2023,13:00,Celta,Granada,1,0,4,2,7,1,6,2,1,0
16/12/2023,15:15,Ath Bilbao,Ath Madrid,2,0,7,3,3,7,0,1,0,0
16/12/2023,17:30,Sevilla,Getafe,0,3,4,7,4,2,3,3,0,0
16/12/2023,20:00,Valencia,Barcelona,1,1,4,8,4,6,1,2,0,0
17/12/2023,15:15,Real Sociedad,Betis,0,0,4,3,3,7,3,4,0,0
17/12/2023,20:00,Real Madrid,Villarreal,4,1,9,1,11,0,2,3,0,0
18/12/2023,20:00,Girona,Alaves,3,0,4,2,3,2,0,1,0,0
19/12/2023,18:00,Rayo,Valencia,0,1,1,3,8,1,1,5,0,1
19/12/2023,20:30,Ath Madrid,Getafe,3,3,4,9,1,12,3,3,1,0
19/12/2023,20:30,Granada,Sevilla,0,3,3,5,6,4,2,1,0,0
20/12/2023,18:00,Barcelona,Almeria,3,2,11,5,12,0,3,3,0,0
20/12/2023,20:30,Ath Bilbao,Las Palmas,1,0,10,1,5,2,1,3,0,0
20/12/2023,20:30,Villarreal,Celta,3,2,8,5,4,7,2,4,0,0
21/12/2023,18:00,Betis,Girona,1,1,4,4,7,6,2,2,0,0
21/12/2023,18:00,Cadiz,Real Sociedad,0,0,2,1,7,5,3,1,0,0
21/12/2023,20:30,Alaves,Real Madrid,0,1,2,4,3,3,3,1,0,1
21/12/2023,20:30,Mallorca,Osasuna,3,2,8,7,6,0,3,1,0,0
23/12/2023,15:15,Ath Madrid,Sevilla,1,0,4,2,6,5,7,3,1,0
02/01/2024,16:00,Getafe,Rayo,0,2,0,8,2,3,6,3,2,0
02/01/2024,18:15,Real Sociedad,Alaves,1,1,6,2,6,4,4,4,1,0
02/01/2024,20:30,Valencia,Villarreal,3,1,8,4,4,3,2,5,0,0
03/01/2024,18:15,Celta,Betis,2,1,6,3,8,7,0,2,0,0
03/01/2024,18:15,Real Madrid,Mallorca,1,0,5,0,5,4,2,3,0,0
03/01/2024,20:30,Girona,Ath Madrid,4,3,9,12,7,8,0,1,0,0
04/01/2024,16:00,Osasuna,Almeria,1,0,2,0,5,4,1,2,0,0
04/01/2024,18:15,Sevilla,Ath Bilbao,0,2,2,6,5,4,3,1,0,0
04/01/2024,20:30,Las Palmas,Barcelona,1,2,3,5,5,10,5,2,1,0
12/01/2024,20:00,Sevilla,Alaves,2,3,4,8,5,4,4,3,0,0
13/01/2024,13:00,Las Palmas,Villarreal,3,0,3,3,4,6,4,3,0,0
13/01/2024,15:15,Mallorca,Celta,1,1,6,2,10,1,4,1,0,0
13/01/2024,17:30,Ath Bilbao,Real Sociedad,2,1,3,1,5,5,1,4,0,0
13/01/2024,20:00,Betis,Granada,1,0,6,2,13,1,3,4,0,0
14/01/2024,15:15,Cadiz,Valencia,1,4,2,5,3,1,4,2,0,0
19/01/2024,20:00,Alaves,Cadiz,1,0,3,1,4,4,0,4,0,0
20/01/2024,13:00,Rayo,Las Palmas,0,2,3,5,12,0,3,1,1,0
20/01/2024,15:15,Villarreal,Mallorca,1,1,5,2,4,6,2,2,1,0
20/01/2024,17:30,Valencia,Ath Bilbao,1,0,1,3,4,2,0,3,0,0
20/01/2024,20:00,Celta,Real Sociedad,0,1,2,2,6,3,1,2,0,0
21/01/2024,13:00,Osasuna,Getafe,3,2,7,7,1,4,4,4,0,0
21/01/2024,15:15,Real Madrid,Almeria,3,2,6,2,6,3,3,5,0,0
21/01/2024,17:30,Betis,Barcelona,2,4,5,4,3,4,1,2,0,0
21/01/2024,20:00,Girona,Sevilla,5,1,8,3,4,5,0,2,0,0
22/01/2024,20:00,Granada,Ath Madrid,0,1,2,5,6,2,2,2,1,0
26/01/2024,20:00,Almeria,Alaves,0,3,7,3,11,3,1,2,0,0
27/01/2024,13:00,Real Sociedad,Rayo,0,0,3,0,2,2,2,4,0,0
27/01/2024,15:15,Las Palmas,Real Madrid,1,2,2,5,1,6,3,3,0,0
27/01/2024,17:30,Barcelona,Villarreal,3,5,10,6,10,0,3,4,0,0
27/01/2024,20:00,Mallorca,Betis,0,1,1,2,5,4,2,1,0,0
28/01/2024,13:00,Celta,Girona,0,1,5,6,5,7,1,1,0,0
28/01/2024,15:15,Cadiz,Ath Bilbao,0,0,2,0,6,8,4,2,0,0
28/01/2024,17:30,Sevilla,Osasuna,1,1,5,4,2,4,3,0,1,0
28/01/2024,20:00,Ath Madrid,Valencia,2,0,8,3,3,6,2,0,0,0
29/01/2024,20:00,Getafe,Granada,2,0,4,3,4,3,2,1,0,0
31/01/2024,18:00,Barcelona,Osasuna,1,0,4,1,6,6,1,2,0,1
31/01/2024,20:00,Ath Madrid,Rayo,2,1,3,2,5,6,0,3,0,0
01/02/2024,20:00,Getafe,Real Madrid,0,2,2,9,2,6,1,2,0,0
02/02/2024,20:00,Ath Bilbao,Mallorca,4,0,6,2,6,2,0,1,0,0
03/02/2024,13:00,Valencia,Almeria,2,1,2,5,0,6,4,5,0,0
03/02/2024,17:30,Alaves,Barcelona,1,3,2,5,14,5,2,2,0,1
03/02/2024,20:00,Girona,Real Sociedad,0,0,3,2,3,4,2,3,0,0
04/02/2024,13:00,Villarreal,Cadiz,0,0,4,2,13,2,3,1,0,0
04/02/2024,15:15,Osasuna,Celta,0,3,1,5,9,1,2,0,0,0
04/02/2024,17:30,Betis,Getafe,1,1,3,2,3,5,7,4,0,0
04/02/2024,20:00,Real Madrid,Ath Madrid,1,1,4,5,2,8,0,5,0,0
05/02/2024,20:00,Rayo,Sevilla,1,2,5,6,6,0,2,2,0,0
09/02/2024,20:00,Cadiz,Betis,0,2,5,5,5,3,1,1,0,0
10/02/2024,13:00,Alaves,Villarreal,1,1,4,4,10,9,0,2,0,0
10/02/2024,15:15,Real Sociedad,Osasuna,0,1,3,2,7,4,0,0,0,0
10/02/2024,17:30,Real Madrid,Girona,4,0,6,0,0,2,1,2,0,0
10/02/2024,20:00,Las Palmas,Valencia,2,0,3,1,5,0,2,0,0,0
11/02/2024,13:00,Getafe,Celta,3,2,4,4,0,4,1,2,0,0
11/02/2024,15:15,Mallorca,Rayo,2,1,5,4,5,1,4,0,0,0
11/02/2024,17:30,Sevilla,Ath Madrid,1,0,6,5,2,7,2,1,0,0
11/02/2024,20:00,Barcelona,Granada,3,3,6,5,6,2,1,2,0,0
12/02/2024,20:00,Almeria,Ath Bilbao,0,0,4,4,4,10,4,1,1,0
16/02/2024,20:00,Villarreal,Getafe,1,1,7,2,8,3,0,1,0,0
17/02/2024,13:00,Ath Madrid,Las Palmas,5,0,7,2,3,5,2,2,0,0
17/02/2024,15:15,Osasuna,Cadiz,2,0,4,1,5,4,4,2,0,0
17/02/2024,17:30,Celta,Barcelona,1,2,4,4,2,5,2,4,0,0
17/02/2024,20:00,Valencia,Sevilla,0,0,4,1,7,2,0,1,0,0
18/02/2024,13:00,Rayo,Real Madrid,1,1,3,4,4,10,4,3,0,1
18/02/2024,17:30,Mallorca,Real Sociedad,1,2,1,5,3,9,7,5,1,0
18/02/2024,20:00,Betis,Alaves,0,0,2,4,6,8,5,2,0,0
19/02/2024,20:00,Ath Bilbao,Girona,3,2,7,6,3,4,1,2,0,0
23/02/2024,20:00,Real Sociedad,Villarreal,1,3,8,4,13,2,3,4,0,0
24/02/2024,15:15,Barcelona,Getafe,4,0,9,4,5,8,1,4,0,0
24/02/2024,17:30,Alaves,Mallorca,1,1,1,8,3,3,0,2,0,0
24/02/2024,20:00,Almeria,Ath Madrid,2,2,4,9,2,7,1,1,0,0
25/02/2024,13:00,Cadiz,Celta,2,2,6,3,9,1,2,3,0,0
25/02/2024,15:15,Betis,Ath Bilbao,3,1,5,1,5,3,1,6,0,1
25/02/2024,17:30,Las Palmas,Osasuna,1,1,3,2,6,7,2,1,0,0
25/02/2024,20:00,Real Madrid,Sevilla,1,0,6,1,7,2,1,3,0,0
26/02/2024,20:00,Girona,Rayo,3,0,8,1,2,2,3,5,0,1
01/03/2024,20:00,Celta,Almeria,1,0,6,0,7,0,1,2,0,1
02/03/2024,13:00,Sevilla,Real Sociedad,3,2,5,4,2,5,1,2,0,0
02/03/2024,15:15,Rayo,Cadiz,1,1,5,5,4,9,1,1,0,0
02/03/2024,17:30,Getafe,Las Palmas,3,3,5,5,4,4,4,1,0,0
02/03/2024,20:00,Valencia,Real Madrid,2,2,5,5,2,2,2,3,0,1
03/03/2024,13:00,Villarreal,Granada,5,1,10,3,6,4,1,2,0,0
03/03/2024,15:15,Ath Madrid,Betis,2,1,12,6,4,6,1,2,0,0
03/03/2024,20:00,Ath Bilbao,Barcelona,0,0,2,2,4,4,3,3,0,0
04/03/2024,20:00,Osasuna,Alaves,1,0,4,4,5,5,2,1,0,0
08/03/2024,20:00,Barcelona,Mallorca,1,0,6,3,4,1,1,1,0,0
09/03/2024,13:00,Valencia,Getafe,1,0,3,5,5,5,2,3,0,0
09/03/2024,15:15,Cadiz,Ath Madrid,2,0,3,4,3,1,4,5,0,0
09/03/2024,17:30,Granada,Real Sociedad,2,3,6,8,4,6,1,2,0,0
09/03/2024,20:00,Girona,Osasuna,2,0,6,1,5,7,3,3,0,0
10/03/2024,13:00,Alaves,Rayo,1,0,4,3,7,5,2,2,0,0
10/03/2024,15:15,Las Palmas,Ath Bilbao,0,2,2,2,10,3,3,3,0,0
10/03/2024,17:30,Real Madrid,Celta,4,0,13,1,12,1,2,3,0,0
10/03/2024,20:00,Betis,Villarreal,2,3,4,4,11,4,3,4,1,1
11/03/2024,20:00,Almeria,Sevilla,2,2,4,6,1,8,2,2,0,0
15/03/2024,20:00,Real Sociedad,Cadiz,2,0,6,2,8,2,3,1,0,0
16/03/2024,15:15,Osasuna,Real Madrid,2,4,4,9,5,7,3,2,0,0
16/03/2024,17:30,Getafe,Girona,1,0,3,3,2,5,4,4,0,0
16/03/2024,20:00,Ath Bilbao,Alaves,2,0,4,3,5,4,1,3,0,0
17/03/2024,13:00,Sevilla,Celta,1,2,4,5,3,8,4,0,0,0
17/03/2024,15:15,Villarreal,Valencia,1,0,7,7,6,2,5,1,0,0
17/03/2024,17:30,Rayo,Betis,2,0,4,1,4,8,4,4,0,0
17/03/2024,20:00,Ath Madrid,Barcelona,0,3,3,5,7,3,3,1,1,0
30/03/2024,13:00,Getafe,Sevilla,0,1,5,3,7,3,4,5,0,0
30/03/2024,15:15,Almeria,Osasuna,0,3,5,4,6,1,3,2,0,0
30/03/2024,17:30,Valencia,Mallorca,0,0,5,3,3,3,0,2,0,0
30/03/2024,20:00,Barcelona,Las Palmas,1,0,2,0,6,1,5,1,0,1
31/03/2024,13:00,Celta,Rayo,0,0,0,2,3,2,3,3,0,0
31/03/2024,15:15,Girona,Betis,3,2,5,4,5,4,3,4,0,0
31/03/2024,17:30,Alaves,Real Sociedad,0,1,0,3,3,8,2,2,0,0
31/03/2024,20:00,Real Madrid,Ath Bilbao,2,0,4,3,4,7,2,1,0,0
01/04/2024,20:00,Villarreal,Ath Madrid,1,2,2,8,3,3,3,3,0,0
04/04/2024,19:00,Granada,Valencia,0,1,3,2,5,4,3,1,0,0
12/04/2024,20:00,Betis,Celta,2,1,3,5,6,5,1,0,0,0
13/04/2024,13:00,Ath Madrid,Girona,3,1,4,5,2,0,3,2,0,0
13/04/2024,15:15,Rayo,Getafe,0,0,2,0,3,0,4,6,0,0
13/04/2024,17:30,Mallorca,Real Madrid,0,1,2,9,4,2,2,1,0,0
13/04/2024,20:00,Cadiz,Barcelona,0,1,3,2,8,4,3,3,0,0
14/04/2024,13:00,Las Palmas,Sevilla,0,2,2,3,6,2,3,3,1,0
14/04/2024,15:15,Granada,Alaves,2,0,3,3,1,5,3,2,0,0
14/04/2024,17:30,Ath Bilbao,Villarreal,1,1,6,2,3,1,3,3,0,1
14/04/2024,20:00,Real Sociedad,Almeria,2,2,4,3,5,1,2,2,1,0
15/04/2024,20:00,Osasuna,Valencia,0,1,2,3,4,1,0,2,0,0
19/04/2024,20:00,Ath Bilbao,Granada,1,1,6,0,11,4,4,2,0,0
20/04/2024,13:00,Celta,Las Palmas,4,1,13,4,8,4,1,0,0,0
20/04/2024,15:15,Rayo,Osasuna,2,1,6,2,5,1,4,1,0,0
20/04/2024,17:30,Valencia,Betis,1,2,5,6,7,6,2,3,0,0
21/04/2024,13:00,Getafe,Real Sociedad,1,1,4,3,0,4,0,2,0,0
21/04/2024,15:15,Almeria,Villarreal,1,2,5,3,5,2,3,4,1,0
21/04/2024,17:30,Alaves,Ath Madrid,2,0,3,4,1,11,5,3,0,0
21/04/2024,20:00,Real Madrid,Barcelona,3,2,8,6,2,8,3,2,0,0
22/04/2024,20:00,Sevilla,Mallorca,2,1,4,6,4,4,0,2,0,0
26/04/2024,20:00,Real Sociedad,Real Madrid,0,1,3,3,11,3,3,4,0,0
27/04/2024,15:15,Almeria,Getafe,1,3,11,5,9,2,5,4,1,0
27/04/2024,17:30,Alaves,Celta,3,0,8,0,8,3,3,3,0,0
27/04/2024,20:00,Ath Madrid,Ath Bilbao,3,1,3,1,3,5,3,2,0,0
28/04/2024,15:15,Granada,Osasuna,3,0,4,2,0,6,4,0,0,0
28/04/2024,17:30,Villarreal,Rayo,3,0,7,4,3,6,2,1,0,0
28/04/2024,20:00,Betis,Sevilla,1,1,5,1,4,6,3,5,0,0
29/04/2024,20:00,Barcelona,Valencia,4,2,13,3,15,1,1,0,0,1
03/05/2024,20:00,Getafe,Ath Bilbao,0,2,9,2,10,6,0,2,0,2
04/05/2024,13:00,Real Sociedad,Las Palmas,2,0,4,1,7,2,2,1,0,0
04/05/2024,15:15,Real Madrid,Cadiz,3,0,9,2,7,4,0,1,0,0
04/05/2024,17:30,Girona,Barcelona,4,2,7,7,5,4,0,3,0,0
04/05/2024,20:00,Mallorca,Ath Madrid,0,1,4,4,6,2,2,0,0,0
05/05/2024,13:00,Osasuna,Betis,0,2,2,4,8,5,2,2,1,0
05/05/2024,15:15,Celta,Villarreal,3,2,7,3,2,1,4,0,0,1
05/05/2024,17:30,Valencia,Alaves,0,1,1,4,5,7,1,3,0,0
05/05/2024,20:00,Sevilla,Granada,3,0,5,3,5,4,2,2,0,0
05/05/2024,20:00,Rayo,Almeria,0,1,10,2,9,2,3,2,0,0
10/05/2024,20:00,Alaves,Girona,2,2,8,5,5,3,3,2,0,0
11/05/2024,15:15,Villarreal,Sevilla,3,2,7,4,10,1,3,5,0,0
11/05/2024,17:30,Granada,Real Madrid,0,4,1,7,8,5,2,0,0,0
11/05/2024,20:00,Ath Bilbao,Osasuna,2,2,6,3,8,6,2,4,0,0
12/05/2024,13:00,Cadiz,Getafe,1,0,6,4,6,2,5,2,0,0
12/05/2024,15:15,Ath Madrid,Celta,1,0,8,2,4,7,1,1,0,0
12/05/2024,17:30,Valencia,Rayo,0,0,5,1,6,3,1,2,0,0
12/05/2024,20:00,Betis,Almeria,3,2,7,7,3,5,0,2,0,0
13/05/2024,20:00,Barcelona,Real Sociedad,2,0,5,3,6,2,2,3,0,0
14/05/2024,18:30,Osasuna,Mallorca,1,1,4,4,2,4,0,1,0,0
14/05/2024,20:30,Real Madrid,Alaves,5,0,11,10,4,1,1,1,0,0
14/05/2024,21:00,Girona,Villarreal,0,1,5,3,5,1,1,5,0,1
15/05/2024,18:30,Sevilla,Cadiz,0,1,3,7,1,9,6,2,0,0
15/05/2024,18:30,Rayo,Granada,2,1,9,1,6,6,4,3,1,0
15/05/2024,21:00,Celta,Ath Bilbao,2,1,4,2,2,3,2,0,0,0
15/05/2024,21:00,Getafe,Ath Madrid,0,3,3,3,6,3,4,3,0,0
16/05/2024,18:30,Las Palmas,Betis,2,2,9,4,4,8,2,1,0,0
16/05/2024,20:30,Almeria,Barcelona,0,2,3,7,4,7,0,1,0,0
16/05/2024,21:00,Real Sociedad,Valencia,1,0,5,3,3,3,0,2,0,0
18/05/2024,20:00,Alaves,Getafe,1,0,2,4,2,1,5,7,0,1
19/05/2024,18:00,Ath Bilbao,Sevilla,2,0,6,4,8,3,1,1,0,0
19/05/2024,18:00,Ath Madrid,Osasuna,1,4,2,6,7,5,2,2,0,0
19/05/2024,18:00,Barcelona,Rayo,3,0,6,4,7,5,4,2,0,0
19/05/2024,18:00,Betis,Real Sociedad,0,2,9,2,6,2,3,4,0,0
19/05/2024,18:00,Granada,Celta,1,2,3,5,10,2,2,1,0,0
19/05/2024,18:00,Valencia,Girona,1,3,6,5,5,4,2,0,0,0
19/05/2024,18:00,Villarreal,Real Madrid,4,4,7,6,3,3,3,2,0,0
25/05/2024,13:00,Osasuna,Villarreal,1,1,6,3,6,4,4,3,0,0
25/05/2024,15:15,Real Sociedad,Ath Madrid,0,2,4,4,8,4,3,5,0,1
25/05/2024,17:30,Rayo,Ath Bilbao,0,1,4,1,8,2,1,1,0,0
25/05/2024,20:00,Real Madrid,Betis,0,0,5,3,4,5,2,1,0,0
26/05/2024,13:00,Getafe,Mallorca,1,2,6,4,3,4,0,2,0,0
26/05/2024,15:15,Celta,Valencia,2,2,4,1,2,2,0,0,0,0
26/05/2024,15:15,Las Palmas,Alaves,1,1,4,4,2,6,2,1,0,0
26/05/2024,20:00,Sevilla,Barcelona,1,2,6,6,6,5,2,1,0,0
15/08/2024,18:00,Ath Bilbao,Getafe,1,1,4,2,5,6,4,1,0,0
15/08/2024,20:30,Betis,Girona,1,1,4,2,4,4,2,0,0,0
16/08/2024,18:00,Celta,Alaves,2,1,4,2,3,3,3,2,0,0
16/08/2024,20:30,Las Palmas,Sevilla,2,2,5,5,6,3,0,0,0,0
17/08/2024,18:00,Osasuna,Leganes,1,1,5,4,6,4,3,2,0,0
17/08/2024,20:30,Valencia,Barcelona,1,2,1,8,3,8,2,3,0,0
18/08/2024,18:00,Real Sociedad,Rayo,1,2,5,5,10,5,2,4,0,0
18/08/2024,20:30,Mallorca,Real Madrid,1,1,5,4,8,7,1,0,0,1
19/08/2024,18:00,Valladolid,Espanyol,1,0,3,2,3,2,2,2,0,0
19/08/2024,20:30,Villarreal,Ath Madrid,2,2,3,5,2,3,1,3,0,0
23/08/2024,18:00,Celta,Valencia,3,1,5,5,4,7,3,0,0,0
23/08/2024,20:30,Sevilla,Villarreal,1,2,9,5,7,2,3,5,0,0
24/08/2024,16:00,Osasuna,Mallorca,1,0,5,2,5,4,2,1,0,0
24/08/2024,18:00,Barcelona,Ath Bilbao,2,1,5,2,5,6,4,5,0,0
24/08/2024,20:30,Espanyol,Real Sociedad,0,1,3,4,7,4,2,2,0,0
24/08/2024,20:30,Getafe,Rayo,0,0,0,1,3,2,1,2,0,0
25/08/2024,16:00,Real Madrid,Valladolid,3,0,9,2,5,5,1,1,0,0
25/08/2024,18:15,Alaves,Betis,0,0,1,3,3,8,1,4,1,0
25/08/2024,20:30,Ath Madrid,Girona,3,0,6,5,1,9,1,3,0,0
26/08/2024,20:30,Villarreal,Celta,4,3,9,8,7,4,4,3,0,0
27/08/2024,18:00,Mallorca,Sevilla,0,0,4,7,5,9,0,1,0,1
27/08/2024,20:30,Rayo,Barcelona,1,2,4,5,6,6,3,1,0,0
28/08/2024,18:00,Ath Bilbao,Valencia,1,0,4,0,5,3,1,3,0,0
28/08/2024,20:30,Ath Madrid,Espanyol,0,0,7,1,9,3,0,2,0,0
28/08/2024,20:30,Real Sociedad,Alaves,1,2,1,5,8,6,4,4,1,0
29/08/2024,18:00,Girona,Osasuna,4,0,5,0,5,0,0,0,0,0
29/08/2024,20:30,Las Palmas,Real Madrid,1,1,3,8,2,6,0,2,0,0
31/08/2024,16:00,Barcelona,Valladolid,7,0,10,2,10,1,0,3,0,0
31/08/2024,18:00,Ath Bilbao,Ath Madrid,0,1,1,2,2,2,3,1,0,0
31/08/2024,18:15,Espanyol,Rayo,2,1,5,5,3,7,3,2,0,0
31/08/2024,20:30,Valencia,Villarreal,1,1,6,3,14,3,3,5,0,1
01/09/2024,16:00,Alaves,Las Palmas,2,0,5,7,6,5,3,0,0,0
01/09/2024,16:00,Osasuna,Celta,3,2,4,3,6,3,2,0,0,1
01/09/2024,18:00,Sevilla,Girona,0,2,5,4,7,5,3,2,0,0
01/09/2024,18:15,Getafe,Real Sociedad,0,0,1,0,4,1,1,1,0,0
01/09/2024,20:30,Real Madrid,Betis,2,0,8,2,7,3,2,0,0,0
13/09/2024,20:00,Betis,Leganes,2,0,5,0,11,1,1,2,0,0
14/09/2024,13:00,Mallorca,Villarreal,1,2,5,4,7,6,3,3,1,0
14/09/2024,15:15,Espanyol,Alaves,3,2,4,6,0,5,2,3,0,0
14/09/2024,17:30,Sevilla,Getafe,1,0,4,4,3,4,3,4,1,0
14/09/2024,20:00,Real Sociedad,Real Madrid,0,2,2,7,6,6,4,1,0,0
15/09/2024,13:00,Celta,Valladolid,3,1,7,1,5,3,3,5,0,1
15/09/2024,15:15,Girona,Barcelona,1,4,4,9,1,6,3,2,0,1
15/09/2024,17:30,Las Palmas,Ath Bilbao,2,3,6,4,9,3,1,2,0,1
15/09/2024,20:00,Ath Madrid,Valencia,3,0,5,1,7,3,1,2,0,0
16/09/2024,20:00,Rayo,Osasuna,3,1,6,2,7,4,3,2,0,0
17/09/2024,18:00,Mallorca,Real Sociedad,1,0,4,4,5,5,1,1,0,0
18/09/2024,18:00,Betis,Getafe,2,1,8,5,8,4,3,5,0,0
19/09/2024,18:00,Leganes,Ath Bilbao,0,2,3,4,4,7,3,0,0,0
20/09/2024,20:00,Alaves,Sevilla,2,1,4,2,3,5,1,4,0,0
21/09/2024,13:00,Valladolid,Real Sociedad,0,0,2,4,5,7,4,4,0,0
21/09/2024,15:15,Osasuna,Las Palmas,2,1,2,4,2,4,2,5,0,0
21/09/2024,17:30,Valencia,Girona,2,0,2,3,5,4,3,2,0,0
21/09/2024,20:00,Real Madrid,Espanyol,4,1,14,2,9,4,4,3,0,0
22/09/2024,13:00,Getafe,Leganes,1,1,3,3,6,2,3,2,0,0
22/09/2024,15:15,Ath Bilbao,Celta,3,1,7,4,3,6,3,2,0,0
22/09/2024,17:30,Villarreal,Barcelona,1,5,4,10,7,3,6,1,0,0
22/09/2024,20:00,Rayo,Ath Madrid,1,1,3,5,3,4,0,0,0,0
23/09/2024,20:00,Betis,Mallorca,1,2,6,6,6,3,3,2,0,0
24/09/2024,18:00,Sevilla,Valladolid,2,1,5,2,6,4,5,4,1,0
24/09/2024,18:00,Valencia,Osasuna,0,0,2,2,10,5,2,3,0,0
24/09/2024,20:00,Real Madrid,Alaves,3,2,4,3,4,4,4,0,0,0
25/09/2024,18:00,Girona,Rayo,0,0,0,0,4,3,3,4,0,0
25/09/2024,20:00,Barcelona,Getafe,1,0,4,1,7,5,1,1,0,0
26/09/2024,18:00,Espanyol,Villarreal,1,2,2,4,4,1,5,3,0,0
26/09/2024,18:00,Las Palmas,Betis,1,1,2,5,1,4,4,2,0,0
26/09/2024,20:00,Celta,Ath Madrid,0,1,4,2,2,3,2,2,0,0
28/09/2024,13:00,Getafe,Alaves,2,0,8,1,2,2,3,6,0,0
28/09/2024,15:15,Rayo,Leganes,1,1,6,3,5,5,2,1,0,0
28/09/2024,17:30,Real Sociedad,Valencia,3,0,6,4,6,4,0,0,0,0
28/09/2024,20:00,Osasuna,Barcelona,4,2,6,5,5,8,2,2,0,0
29/09/2024,13:00,Celta,Girona,1,1,2,4,4,4,1,0,0,0
29/09/2024,15:15,Ath Bilbao,Sevilla,1,1,3,4,4,7,0,3,1,0
29/09/2024,17:30,Betis,Espanyol,1,0,12,1,8,4,2,4,0,0
29/09/2024,20:00,Ath Madrid,Real Madrid,1,1,4,4,5,5,3,1,1,0
30/09/2024,20:00,Villarreal,Las Palmas,3,1,7,3,3,2,0,3,0,0
04/10/2024,20:00,Leganes,Valencia,0,0,0,1,1,2,2,2,0,0
05/10/2024,13:00,Espanyol,Mallorca,2,1,3,4,4,6,1,5,0,0
05/10/2024,15:15,Getafe,Osasuna,1,1,3,2,4,2,2,4,0,0
05/10/2024,17:30,Las Palmas,Celta,0,1,5,1,11,2,3,8,0,2
05/10/2024,17:30,Valladolid,Rayo,1,2,5,3,5,13,4,2,0,0
05/10/2024,20:00,Real Madrid,Villarreal,2,0,2,1,2,5,0,1,0,0
06/10/2024,13:00,Girona,Ath Bilbao,2,1,6,4,6,1,4,3,0,1
06/10/2024,15:15,Alaves,Barcelona,0,3,2,8,11,3,2,2,0,0
06/10/2024,17:30,Sevilla,Betis,1,0,5,3,4,1,6,3,1,0
06/10/2024,20:00,Real Sociedad,Ath Madrid,1,1,8,1,5,1,0,2,0,0
18/10/2024,20:00,Alaves,Valladolid,2,3,4,4,5,6,6,2,1,0
19/10/2024,13:00,Ath Bilbao,Espanyol,4,1,6,2,5,5,2,3,0,0
19/10/2024,15:15,Osasuna,Betis,1,2,6,7,10,2,2,1,0,1
19/10/2024,17:30,Girona,Real Sociedad,0,1,3,4,6,6,2,1,0,0
19/10/2024,20:00,Celta,Real Madrid,1,2,5,3,6,2,2,1,0,0
20/10/2024,13:00,Mallorca,Rayo,1,0,5,2,9,2,1,1,0,0
20/10/2024,15:15,Ath Madrid,Leganes,3,1,9,2,8,2,5,1,0,0
20/10/2024,17:30,Villarreal,Getafe,1,1,4,4,5,5,4,3,0,0
20/10/2024,20:00,Barcelona,Sevilla,5,1,9,1,5,5,1,2,0,0
21/10/2024,20:00,Valencia,Las Palmas,2,3,7,6,11,2,4,9,1,0
25/10/2024,20:00,Espanyol,Sevilla,0,2,1,3,13,2,2,0,0,0
26/10/2024,13:00,Valladolid,Villarreal,1,2,3,9,4,6,4,3,0,0
26/10/2024,15:15,Rayo,Alaves,1,0,4,7,6,2,2,4,1,0
26/10/2024,20:00,Real Madrid,Barcelona,0,4,4,7,10,3,2,5,0,0
27/10/2024,13:00,Leganes,Celta,3,0,4,5,4,2,2,2,0,0
27/10/2024,15:15,Getafe,Valencia,1,1,4,1,8,2,3,7,0,0
27/10/2024,17:30,Betis,Ath Madrid,1,0,3,3,3,10,3,2,0,0
27/10/2024,20:00,Real Sociedad,Osasuna,0,2,9,4,14,4,3,4,0,0
28/10/2024,20:00,Mallorca,Ath Bilbao,0,0,1,1,1,14,5,1,1,0
01/11/2024,20:00,Alaves,Mallorca,1,0,3,2,7,2,3,2,0,0
02/11/2024,13:00,Osasuna,Valladolid,1,0,4,4,7,2,1,5,0,0
03/11/2024,13:00,Ath Madrid,Las Palmas,2,0,3,1,9,1,1,1,0,0
03/11/2024,15:15,Barcelona,Espanyol,3,1,9,3,9,5,0,3,0,0
03/11/2024,17:30,Sevilla,Real Sociedad,0,2,0,3,5,9,2,1,0,0
03/11/2024,20:00,Ath Bilbao,Betis,1,1,8,4,6,2,0,0,0,0
04/11/2024,20:00,Celta,Getafe,1,0,3,2,0,2,1,4,0,1
08/11/2024,20:00,Rayo,Las Palmas,1,3,7,3,12,4,1,3,0,0
09/11/2024,13:00,Real Madrid,Osasuna,4,0,8,0,11,3,0,2,0,0
09/11/2024,15:15,Villarreal,Alaves,3,0,3,3,7,2,1,3,0,0
09/11/2024,20:00,Leganes,Sevilla,1,0,4,2,0,6,2,1,0,1
10/11/2024,13:00,Betis,Celta,2,2,6,2,2,0,3,0,0,0
10/11/2024,15:15,Mallorca,Ath Madrid,0,1,6,2,7,2,1,3,0,0
10/11/2024,17:30,Getafe,Girona,0,1,0,2,5,2,3,3,0,0
10/11/2024,17:30,Valladolid,Ath Bilbao,1,1,3,1,5,5,4,4,0,0
10/11/2024,20:00,Real Sociedad,Barcelona,1,0,6,0,7,6,3,1,0,0
22/11/2024,20:00,Getafe,Valladolid,2,0,5,3,3,2,3,2,0,0
23/11/2024,13:00,Valencia,Betis,4,2,5,3,2,4,4,2,0,0
23/11/2024,15:15,Ath Madrid,Alaves,2,1,8,1,5,0,3,3,0,0
23/11/2024,17:30,Girona,Espanyol,4,1,5,1,6,3,0,3,0,0
23/11/2024,20:00,Celta,Barcelona,2,2,8,4,5,1,5,5,0,1
24/11/2024,13:00,Osasuna,Villarreal,2,2,3,7,0,8,6,5,0,0
24/11/2024,15:15,Sevilla,Rayo,1,0,3,1,8,3,2,5,0,1
24/11/2024,17:30,Leganes,Real Madrid,0,3,0,9,2,4,2,0,0,0
24/11/2024,20:00,Ath Bilbao,Real Sociedad,1,0,4,1,4,4,3,4,0,0
29/11/2024,20:00,Mallorca,Valencia,2,1,3,1,3,6,0,0,0,0
30/11/2024,13:00,Barcelona,Las Palmas,1,2,8,3,7,0,0,0,0,0
30/11/2024,15:15,Alaves,Leganes,1,1,7,3,13,8,1,4,0,0
30/11/2024,17:30,Espanyol,Celta,3,1,5,2,2,5,2,2,0,0
30/11/2024,20:00,Valladolid,Ath Madrid,0,5,1,9,3,5,1,2,0,0
01/12/2024,13:00,Villarreal,Girona,2,2,4,6,1,5,2,6,0,0
01/12/2024,15:15,Real Madrid,Getafe,2,0,4,3,5,3,2,6,0,0
01/12/2024,17:30,Rayo,Ath Bilbao,1,2,4,7,1,7,3,0,0,0
01/12/2024,20:00,Real Sociedad,Betis,2,0,1,2,0,4,3,2,0,0
02/12/2024,20:00,Sevilla,Osasuna,1,1,5,3,5,1,1,1,0,0
03/12/2024,18:00,Mallorca,Barcelona,1,5,1,9,2,5,4,3,0,0
04/12/2024,20:00,Ath Bilbao,Real Madrid,2,1,3,5,5,2,3,3,0,0
06/12/2024,20:00,Celta,Mallorca,2,0,5,4,3,3,1,0,0,1
07/12/2024,15:15,Betis,Barcelona,2,2,6,3,6,4,1,2,0,0
07/12/2024,17:30,Valencia,Rayo,0,1,6,1,9,4,2,2,0,0
07/12/2024,20:00,Girona,Real Madrid,0,3,4,7,6,3,3,2,0,0
08/12/2024,13:00,Leganes,Real Sociedad,0,3,2,5,5,3,2,2,0,0
08/12/2024,15:15,Ath Bilbao,Villarreal,2,0,4,1,3,3,2,1,0,0
08/12/2024,17:30,Osasuna,Alaves,2,2,8,3,8,3,4,3,0,0
08/12/2024,20:00,Ath Madrid,Sevilla,4,3,9,3,5,3,4,3,0,0
09/12/2024,20:00,Getafe,Espanyol,1,0,6,1,3,3,3,6,0,0
13/12/2024,20:00,Valladolid,Valencia,1,0,1,2,1,7,4,3,1,0
14/12/2024,13:00,Espanyol,Osasuna,0,0,3,0,5,4,3,1,0,0
14/12/2024,17:30,Sevilla,Celta,1,0,3,2,3,4,7,3,0,0
14/12/2024,20:00,Rayo,Real Madrid,3,3,5,6,4,3,4,2,0,0
15/12/2024,13:00,Ath Madrid,Getafe,1,0,3,1,8,3,3,1,0,0
15/12/2024,15:15,Alaves,Ath Bilbao,1,1,3,2,2,4,2,2,0,0
15/12/2024,17:30,Real Sociedad,Las Palmas,0,0,4,3,8,6,2,3,0,0
15/12/2024,17:30,Villarreal,Betis,1,2,4,4,5,5,5,2,0,1
15/12/2024,20:00,Barcelona,Leganes,0,1,4,4,8,2,0,2,0,0
18/12/2024,20:30,Espanyol,Valencia,1,1,3,4,4,7,1,0,0,0
18/12/2024,20:30,Villarreal,Rayo,1,1,5,3,7,7,4,3,1,0
21/12/2024,13:00,Getafe,Mallorca,0,1,5,2,3,0,4,3,0,0
21/12/2024,15:15,Celta,Real Sociedad,2,0,7,1,5,7,3,5,0,0
21/12/2024,17:30,Osasuna,Ath Bilbao,1,2,3,8,4,4,0,1,0,0
21/12/2024,20:00,Barcelona,Ath Madrid,1,2,7,4,11,3,0,3,0,0
22/12/2024,13:00,Valencia,Alaves,2,2,3,3,5,4,2,1,0,0
22/12/2024,15:15,Real Madrid,Sevilla,4,2,8,5,6,6,1,2,0,0
22/12/2024,17:30,Las Palmas,Espanyol,1,0,4,2,2,2,4,2,0,0
22/12/2024,17:30,Leganes,Villarreal,2,5,3,9,1,5,1,2,2,0
22/12/2024,20:00,Betis,Rayo,1,1,5,4,5,5,0,4,0,0
03/01/2025,20:00,Valencia,Real Madrid,1,2,5,5,2,5,2,3,0,1
10/01/2025,20:00,Rayo,Celta,2,1,5,7,3,3,2,3,0,1
11/01/2025,13:00,Alaves,Girona,0,1,2,1,6,3,1,4,0,0
11/01/2025,15:15,Valladolid,Betis,1,0,1,3,1,8,2,4,0,0
11/01/2025,17:30,Espanyol,Leganes,1,1,5,6,8,4,2,2,0,1
11/01/2025,20:00,Sevilla,Valencia,1,1,5,1,10,1,1,2,0,0
12/01/2025,13:00,Las Palmas,Getafe,1,2,7,3,4,5,2,3,0,0
12/01/2025,15:15,Ath Madrid,Osasuna,1,0,5,1,4,0,2,0,0,0
13/01/2025,20:00,Real Sociedad,Villarreal,1,0,3,5,3,7,4,2,0,0
17/01/2025,20:00,Espanyol,Valladolid,2,1,4,4,1,7,2,2,0,0
18/01/2025,13:00,Girona,Sevilla,1,2,4,6,7,4,0,4,0,0
18/01/2025,15:15,Leganes,Ath Madrid,1,0,3,4,2,9,1,3,0,0
18/01/2025,17:30,Betis,Alaves,1,3,2,5,2,3,4,5,1,0
18/01/2025,20:00,Getafe,Barcelona,1,1,4,5,2,10,3,2,0,0
19/01/2025,13:00,Celta,Ath Bilbao,1,2,1,6,3,4,0,0,0,0
19/01/2025,15:15,Real Madrid,Las Palmas,4,1,13,2,8,2,0,1,0,1
19/01/2025,17:30,Osasuna,Rayo,1,1,3,3,6,3,3,2,0,0
19/01/2025,20:00,Valencia,Real Sociedad,1,0,2,3,4,7,3,4,0,0
20/01/2025,20:00,Villarreal,Mallorca,4,0,7,2,6,5,1,3,0,0
24/01/2025,20:00,Las Palmas,Osasuna,1,1,7,4,4,2,7,8,1,0
25/01/2025,13:00,Mallorca,Betis,0,1,3,3,4,4,2,2,1,0
25/01/2025,15:15,Ath Madrid,Villarreal,1,1,8,1,5,6,4,2,0,0
25/01/2025,17:30,Sevilla,Espanyol,1,1,4,1,5,1,1,4,0,0
25/01/2025,20:00,Valladolid,Real Madrid,0,3,2,4,1,7,3,3,1,0
26/01/2025,13:00,Rayo,Girona,2,1,7,5,4,1,3,1,0,0
26/01/2025,15:15,Real Sociedad,Getafe,0,3,4,4,5,2,3,6,0,0
26/01/2025,17:30,Ath Bilbao,Leganes,0,0,3,2,16,1,1,1,0,0
26/01/2025,20:00,Barcelona,Valencia,7,1,11,2,14,4,0,1,0,0
27/01/2025,20:00,Alaves,Celta,1,1,1,2,3,4,2,3,0,0
31/01/2025,20:00,Leganes,Rayo,0,1,1,3,2,9,2,4,1,0
01/02/2025,13:00,Getafe,Sevilla,0,0,1,1,6,5,4,6,0,0
01/02/2025,15:15,Villarreal,Valladolid,5,1,8,2,3,6,1,2,0,0
01/02/2025,17:30,Ath Madrid,Mallorca,2,0,5,1,10,4,2,3,0,0
01/02/2025,20:00,Espanyol,Real Madrid,1,0,2,7,1,8,2,0,0,0
02/02/2025,13:00,Barcelona,Alaves,1,0,4,0,5,2,5,2,0,0
02/02/2025,15:15,Valencia,Celta,2,1,5,2,5,2,1,2,0,0
02/02/2025,17:30,Osasuna,Real Sociedad,2,1,4,3,3,5,3,3,0,0
02/02/2025,20:00,Betis,Ath Bilbao,2,2,6,4,3,7,3,1,0,0
07/02/2025,20:00,Rayo,Valladolid,1,0,6,3,4,2,2,2,0,0
08/02/2025,13:00,Celta,Betis,3,2,6,5,4,7,3,5,0,0
08/02/2025,15:15,Ath Bilbao,Girona,3,0,8,1,11,2,0,4,0,0
08/02/2025,17:30,Las Palmas,Villarreal,1,2,4,4,6,5,6,3,0,0
08/02/2025,20:00,Real Madrid,Ath Madrid,1,1,9,1,6,1,1,3,0,0
09/02/2025,13:00,Alaves,Getafe,0,1,4,3,8,3,2,6,0,0
09/02/2025,15:15,Valencia,Leganes,2,0,4,4,9,3,1,1,0,0
09/02/2025,17:30,Real Sociedad,Espanyol,2,1,3,1,6,0,1,2,0,0
09/02/2025,20:00,Sevilla,Barcelona,1,4,4,6,5,6,5,2,0,1
10/02/2025,20:00,Mallorca,Osasuna,1,1,2,4,7,11,1,4,0,0
14/02/2025,20:00,Girona,Getafe,1,2,4,6,3,3,2,3,1,0
15/02/2025,13:00,Leganes,Alaves,3,3,3,7,3,2,4,5,1,0
15/02/2025,15:15,Osasuna,Real Madrid,1,1,4,6,6,2,3,1,0,1
15/02/2025,17:30,Ath Madrid,Celta,1,1,3,4,2,7,3,5,1,0
15/02/2025,20:00,Villarreal,Valencia,1,1,4,3,4,5,0,5,0,0
16/02/2025,13:00,Espanyol,Ath Bilbao,1,1,4,4,2,7,1,1,0,0
16/02/2025,15:15,Valladolid,Sevilla,0,4,2,6,3,2,4,2,0,0
16/02/2025,20:00,Betis,Real Sociedad,3,0,8,1,5,5,0,2,0,2
17/02/2025,20:00,Barcelona,Rayo,1,0,5,4,4,5,2,3,0,0
21/02/2025,20:00,Celta,Osasuna,1,0,5,1,5,4,1,0,0,0
22/02/2025,13:00,Alaves,Espanyol,0,1,5,2,7,0,2,2,0,0
22/02/2025,15:15,Rayo,Villarreal,0,1,5,5,3,5,1,4,1,0
22/02/2025,17:30,Valencia,Ath Madrid,0,3,2,3,7,0,1,3,0,0
22/02/2025,20:00,Las Palmas,Barcelona,0,2,2,5,5,3,1,1,0,0
23/02/2025,13:00,Ath Bilbao,Valladolid,7,1,16,3,4,4,2,3,0,1
23/02/2025,15:15,Real Madrid,Girona,2,0,5,2,11,5,0,2,0,0
23/02/2025,17:30,Getafe,Betis,1,2,4,6,2,5,3,0,1,1
23/02/2025,20:00,Real Sociedad,Leganes,3,0,5,2,3,3,3,3,0,0
24/02/2025,20:00,Sevilla,Mallorca,1,1,4,2,4,4,1,3,0,0
01/03/2025,13:00,Girona,Celta,2,2,6,6,4,2,0,0,0,0
01/03/2025,15:15,Rayo,Sevilla,1,1,8,5,6,6,1,0,0,0
01/03/2025,17:30,Betis,Real Madrid,2,1,3,2,9,2,3,4,0,0
01/03/2025,20:00,Ath Madrid,Ath Bilbao,1,0,4,3,6,2,2,3,0,0
02/03/2025,13:00,Leganes,Getafe,1,0,1,0,2,6,1,1,0,0
02/03/2025,15:15,Barcelona,Real Sociedad,4,0,10,0,12,0,0,0,0,1
02/03/2025,17:30,Mallorca,Alaves,1,1,4,7,3,9,0,2,0,0
02/03/2025,20:00,Osasuna,Valencia,3,3,5,5,3,3,2,1,0,0
08/03/2025,13:00,Celta,Leganes,2,1,4,6,2,5,3,2,0,0
08/03/2025,15:15,Alaves,Villarreal,1,0,3,2,1,6,3,1,2,0
08/03/2025,17:30,Valencia,Valladolid,2,1,4,4,5,4,1,3,0,0
09/03/2025,13:00,Getafe,Ath Madrid,2,1,3,2,4,4,6,2,0,1
09/03/2025,15:15,Real Madrid,Rayo,2,1,5,6,4,6,3,1,0,0
09/03/2025,17:30,Ath Bilbao,Mallorca,1,1,2,2,3,3,1,3,0,0
09/03/2025,17:30,Betis,Las Palmas,1,0,6,1,11,1,2,8,0,1
09/03/2025,20:00,Real Sociedad,Sevilla,0,1,2,4,6,3,2,1,0,0
10/03/2025,20:00,Espanyol,Girona,1,1,4,4,4,9,3,3,0,0
14/03/2025,20:00,Las Palmas,Alaves,2,2,7,3,4,5,5,5,0,0
15/03/2025,13:00,Valladolid,Celta,0,1,2,1,3,4,3,3,0,0
15/03/2025,15:15,Mallorca,Espanyol,2,1,7,0,6,2,0,2,0,0
15/03/2025,17:30,Villarreal,Real Madrid,1,2,10,5,11,4,2,1,0,0
15/03/2025,20:00,Girona,Valencia,1,1,4,2,9,4,2,1,0,0
16/03/2025,13:00,Leganes,Betis,2,3,4,6,3,7,2,1,0,0
16/03/2025,15:15,Sevilla,Ath Bilbao,0,1,4,4,4,6,4,2,0,0
16/03/2025,17:30,Osasuna,Getafe,1,2,4,4,3,2,2,3,0,1
16/03/2025,17:30,Rayo,Real Sociedad,2,2,5,4,4,4,3,2,0,0
16/03/2025,20:00,Ath Madrid,Barcelona,2,4,2,6,6,6,1,3,0,0
27/03/2025,20:00,Barcelona,Osasuna,3,0,5,0,8,4,1,3,0,0
29/03/2025,13:00,Real Sociedad,Valladolid,2,1,2,5,3,6,2,3,0,0
29/03/2025,15:15,Espanyol,Ath Madrid,1,1,1,2,4,3,2,1,0,0
29/03/2025,17:30,Alaves,Rayo,0,2,4,5,8,5,3,5,0,0
29/03/2025,20:00,Real Madrid,Leganes,3,2,10,4,8,3,1,4,0,0
30/03/2025,13:00,Getafe,Villarreal,1,2,4,3,3,1,1,4,0,0
30/03/2025,15:15,Barcelona,Girona,4,1,9,2,10,2,0,1,0,0
30/03/2025,17:30,Ath Bilbao,Osasuna,0,0,5,2,3,4,1,1,0,0
30/03/2025,17:30,Valencia,Mallorca,1,0,2,2,4,5,5,5,0,0
30/03/2025,20:00,Betis,Sevilla,2,1,3,2,2,2,4,4,0,0
31/03/2025,20:00,Celta,Las Palmas,1,1,7,2,4,2,3,0,0,0
04/04/2025,20:00,Rayo,Espanyol,0,4,5,7,8,4,2,2,0,0
05/04/2025,13:00,Girona,Alaves,0,1,6,3,1,5,1,4,0,0
05/04/2025,15:15,Real Madrid,Valencia,1,2,9,2,9,4,0,4,0,0
05/04/2025,17:30,Mallorca,Celta,1,2,2,4,4,2,3,0,0,0
05/04/2025,20:00,Barcelona,Betis,1,1,5,2,9,3,2,1,0,0
06/04/2025,13:00,Las Palmas,Real Sociedad,1,3,5,8,5,4,0,2,0,0
06/04/2025,15:15,Sevilla,Ath Madrid,1,2,6,5,7,7,1,4,0,0
06/04/2025,17:30,Valladolid,Getafe,0,4,0,9,3,4,3,1,1,0
06/04/2025,20:00,Villarreal,Ath Bilbao,0,0,4,2,6,5,0,1,1,0
07/04/2025,20:00,Leganes,Osasuna,1,1,7,6,4,8,3,3,0,0
11/04/2025,20:00,Valencia,Sevilla,1,0,6,5,3,3,3,2,0,0
12/04/2025,13:00,Real Sociedad,Mallorca,0,2,4,3,8,2,3,1,0,0
12/04/2025,15:15,Getafe,Las Palmas,1,3,6,5,3,2,0,2,1,0
12/04/2025,17:30,Celta,Espanyol,0,2,6,3,13,5,2,2,0,0
12/04/2025,20:00,Leganes,Barcelona,0,1,1,3,4,8,2,1,0,0
13/04/2025,13:00,Osasuna,Girona,2,1,6,8,4,4,2,0,0,0
13/04/2025,15:15,Alaves,Real Madrid,0,1,6,4,4,4,4,4,1,1
13/04/2025,17:30,Betis,Villarreal,1,2,5,2,5,5,0,4,0,0
13/04/2025,20:00,Ath Bilbao,Rayo,3,1,4,3,7,1,4,3,0,0
14/04/2025,20:00,Ath Madrid,Valladolid,4,2,9,3,5,1,1,1,0,0
18/04/2025,20:00,Espanyol,Getafe,1,0,3,4,6,8,0,2,0,1
19/04/2025,13:00,Rayo,Valencia,1,1,4,3,5,2,3,1,0,0
19/04/2025,15:15,Barcelona,Celta,4,3,6,8,4,1,2,2,0,0
19/04/2025,20:00,Las Palmas,Ath Madrid,1,0,2,2,4,4,3,1,0,0
20/04/2025,13:00,Valladolid,Osasuna,2,3,5,6,5,2,2,0,0,0
20/04/2025,15:15,Villarreal,Real Sociedad,2,2,5,4,10,4,5,1,0,0
20/04/2025,17:30,Sevilla,Alaves,1,1,2,3,3,6,2,2,0,0
20/04/2025,20:00,Real Madrid,Ath Bilbao,1,0,7,1,14,1,1,2,0,0
21/04/2025,20:00,Girona,Betis,1,3,5,9,8,9,3,2,0,0
22/04/2025,18:00,Valencia,Espanyol,1,1,7,3,6,4,2,1,0,0
22/04/2025,20:30,Barcelona,Mallorca,1,0,13,0,13,2,0,1,0,0
23/04/2025,18:00,Ath Bilbao,Las Palmas,1,0,4,2,3,3,1,3,0,0
23/04/2025,18:00,Celta,Villarreal,3,0,9,1,6,3,2,1,0,1
23/04/2025,20:30,Alaves,Real Sociedad,1,0,1,0,6,6,4,5,0,0
23/04/2025,20:30,Getafe,Real Madrid,0,1,6,7,4,4,3,1,0,0
24/04/2025,18:00,Osasuna,Sevilla,1,0,2,3,4,4,4,2,0,1
24/04/2025,20:30,Ath Madrid,Rayo,3,0,5,5,6,3,0,2,0,0
24/04/2025,20:30,Betis,Valladolid,5,1,6,5,4,4,1,0,0,0
27/04/2025,15:15,Villarreal,Espanyol,1,0,5,1,8,6,4,0,0,0
02/05/2025,20:00,Rayo,Getafe,1,0,8,1,7,3,3,2,0,1
03/05/2025,13:00,Alaves,Ath Madrid,0,0,2,2,3,5,3,2,0,0
03/05/2025,15:15,Villarreal,Osasuna,4,2,5,4,2,8,4,1,0,0
03/05/2025,17:30,Las Palmas,Valencia,2,3,3,5,9,5,1,1,0,0
03/05/2025,20:00,Valladolid,Barcelona,1,2,4,7,4,8,3,2,0,0
04/05/2025,13:00,Real Madrid,Celta,3,2,6,7,4,6,2,1,0,0
04/05/2025,15:15,Sevilla,Leganes,2,2,7,3,8,2,4,5,0,0
04/05/2025,17:30,Espanyol,Betis,1,2,5,10,3,7,2,0,0,0
04/05/2025,20:00,Real Sociedad,Ath Bilbao,0,0,3,1,7,3,1,2,0,0
09/05/2025,20:00,Las Palmas,Rayo,0,1,2,5,8,8,2,3,0,0
10/05/2025,13:00,Valencia,Getafe,3,0,6,3,2,6,3,5,0,0
10/05/2025,15:15,Celta,Sevilla,3,2,4,10,3,6,0,2,1,0
10/05/2025,17:30,Girona,Villarreal,0,1,0,5,5,3,2,3,0,0
10/05/2025,20:00,Ath Madrid,Real Sociedad,4,0,7,1,3,3,0,1,0,0
11/05/2025,13:00,Leganes,Espanyol,3,2,5,6,3,8,2,2,0,0
11/05/2025,15:15,Barcelona,Real Madrid,4,3,9,5,10,2,4,3,0,0
11/05/2025,17:30,Ath Bilbao,Alaves,1,0,3,1,9,2,1,1,0,0
11/05/2025,20:00,Betis,Osasuna,1,1,5,5,6,7,3,2,0,0
13/05/2025,19:00,Real Sociedad,Celta,0,1,5,2,14,1,3,1,0,0
13/05/2025,20:30,Sevilla,Las Palmas,1,0,3,3,4,2,6,6,0,0
14/05/2025,18:00,Alaves,Valencia,1,0,5,3,9,4,4,3,0,0
14/05/2025,18:00,Villarreal,Leganes,3,0,7,6,3,6,1,1,0,0
14/05/2025,20:30,Real Madrid,Mallorca,2,1,13,2,26,0,0,3,0,0
15/05/2025,18:00,Rayo,Betis,2,2,6,3,10,7,1,3,0,0
15/05/2025,18:00,Osasuna,Ath Madrid,2,0,3,5,3,5,1,1,0,0
15/05/2025,20:30,Espanyol,Barcelona,0,2,1,4,3,3,2,2,1,0
15/05/2025,20:30,Getafe,Ath Bilbao,0,2,1,2,2,5,1,0,0,0
18/05/2025,18:00,Ath Madrid,Betis,4,1,11,7,7,4,1,1,0,0
18/05/2025,18:00,Barcelona,Villarreal,2,3,9,3,11,3,2,0,0,0
18/05/2025,18:00,Celta,Rayo,1,2,7,2,9,2,2,3,0,0
18/05/2025,18:00,Mallorca,Getafe,1,2,1,4,3,4,2,2,0,0
18/05/2025,18:00,Osasuna,Espanyol,2,0,3,6,8,6,1,1,0,0
18/05/2025,18:00,Sevilla,Real Madrid,0,2,1,6,1,7,0,1,2,0
18/05/2025,18:00,Real Sociedad,Girona,3,2,9,5,9,2,1,3,0,0
18/05/2025,18:00,Valencia,Ath Bilbao,0,1,2,4,5,3,3,1,0,0
18/05/2025,18:00,Valladolid,Alaves,0,1,1,4,5,9,0,2,0,0
23/05/2025,20:00,Betis,Valencia,1,1,4,2,3,2,1,2,0,0
24/05/2025,15:15,Real Madrid,Real Sociedad,2,0,8,1,11,4,0,0,0,0
24/05/2025,17:30,Espanyol,Las Palmas,2,0,3,4,3,6,3,2,0,0
24/05/2025,20:00,Alaves,Osasuna,1,1,5,5,5,9,2,2,0,0
24/05/2025,20:00,Getafe,Celta,1,2,1,8,2,6,3,4,1,0
24/05/2025,20:00,Rayo,Mallorca,0,0,8,2,11,2,2,2,0,0
25/05/2025,13:00,Girona,Ath Madrid,0,4,1,11,1,8,0,1,0,0
25/05/2025,15:15,Villarreal,Sevilla,4,2,7,6,3,5,0,1,0,0
25/05/2025,20:00,Ath Bilbao,Barcelona,0,3,1,4,2,6,1,0,0,0
15/08/2025,18:00,Girona,Rayo,1,3,2,5,2,4,0,1,1,0
15/08/2025,20:30,Villarreal,Oviedo,2,0,10,4,10,1,1,2,0,1
16/08/2025,18:30,Mallorca,Barcelona,0,3,1,8,3,6,4,1,2,0
16/08/2025,20:30,Alaves,Levante,2,1,4,3,10,1,0,1,0,0
16/08/2025,20:30,Valencia,Real Sociedad,1,1,2,3,8,7,1,2,0,0
17/08/2025,16:00,Celta,Getafe,0,2,3,3,9,3,3,2,0,0
17/08/2025,18:30,Ath Bilbao,Sevilla,3,2,3,6,10,1,0,2,0,0
17/08/2025,20:30,Espanyol,Ath Madrid,2,1,5,4,1,3,3,3,0,0
18/08/2025,20:00,Elche,Betis,1,1,2,4,1,3,0,1,0,0
19/08/2025,20:00,Real Madrid,Osasuna,1,0,5,0,7,0,1,0,0,1
22/08/2025,20:30,Betis,Alaves,1,0,5,5,5,2,2,3,0,0
23/08/2025,16:00,Mallorca,Celta,1,1,4,2,3,4,3,3,0,0
23/08/2025,18:30,Ath Madrid,Elche,1,1,6,2,10,2,0,3,0,0
23/08/2025,20:30,Levante,Barcelona,2,3,5,10,0,11,3,1,0,0
24/08/2025,16:00,Osasuna,Valencia,1,0,4,1,3,4,2,1,0,1
24/08/2025,18:30,Real Sociedad,Espanyol,2,2,7,3,5,2,2,2,0,0
24/08/2025,18:30,Villarreal,Girona,5,0,7,2,8,1,1,2,0,0
24/08/2025,20:30,Oviedo,Real Madrid,0,3,3,10,1,9,2,1,0,0
25/08/2025,18:30,Ath Bilbao,Rayo,1,0,4,1,3,6,0,4,0,0
25/08/2025,20:30,Sevilla,Getafe,1,2,3,6,5,3,2,2,0,0
27/08/2025,20:00,Celta,Betis,1,1,5,2,10,4,1,2,0,0
29/08/2025,18:30,Elche,Levante,2,0,5,1,4,2,1,2,0,0
29/08/2025,20:30,Valencia,Getafe,3,0,4,1,8,6,2,0,0,0
30/08/2025,16:00,Alaves,Ath Madrid,1,1,2,6,1,6,2,3,0,0
30/08/2025,18:00,Oviedo,Real Sociedad,1,0,1,6,1,10,2,1,0,0
30/08/2025,18:30,Girona,Sevilla,0,2,5,4,11,3,0,2,0,0
30/08/2025,20:30,Real Madrid,Mallorca,2,1,7,5,4,5,2,0,0,0
31/08/2025,16:00,Celta,Villarreal,1,1,2,3,1,5,1,1,0,0
31/08/2025,18:00,Betis,Ath Bilbao,1,2,2,6,4,10,1,4,0,1
31/08/2025,18:30,Espanyol,Osasuna,1,0,4,3,2,3,2,3,0,0
31/08/2025,20:30,Rayo,Barcelona,1,1,6,3,9,4,4,1,0,0
12/09/2025,20:00,Sevilla,Elche,2,2,3,2,2,2,4,3,0,0
13/09/2025,13:00,Getafe,Oviedo,2,0,3,1,4,3,2,5,0,1
13/09/2025,15:15,Real Sociedad,Real Madrid,1,2,4,6,12,4,2,1,0,1
13/09/2025,17:30,Ath Bilbao,Alaves,0,1,3,2,6,6,4,3,0,0
13/09/2025,20:00,Ath Madrid,Villarreal,2,0,3,1,8,3,2,4,0,0
14/09/2025,13:00,Celta,Girona,1,1,7,8,10,3,0,3,0,0
14/09/2025,15:15,Levante,Betis,2,2,2,9,4,12,3,2,0,0
14/09/2025,17:30,Osasuna,Rayo,2,0,7,6,3,6,3,2,0,0
14/09/2025,20:00,Barcelona,Valencia,6,0,10,1,5,4,0,1,0,0
15/09/2025,20:00,Espanyol,Mallorca,3,2,3,10,3,9,2,1,1,0
19/09/2025,20:00,Betis,Real Sociedad,3,1,6,5,3,5,3,7,0,0
20/09/2025,13:00,Girona,Levante,0,4,1,7,5,4,4,3,2,0
20/09/2025,15:15,Real Madrid,Espanyol,2,0,5,1,5,3,2,0,0,0
20/09/2025,17:30,Alaves,Sevilla,1,2,5,3,4,4,1,7,0,0
20/09/2025,17:30,Villarreal,Osasuna,2,1,8,3,7,0,2,3,0,1
20/09/2025,20:00,Valencia,Ath Bilbao,2,0,5,5,5,6,1,1,0,1
21/09/2025,13:00,Rayo,Celta,1,1,5,5,5,7,1,1,0,0
21/09/2025,15:15,Mallorca,Ath Madrid,1,1,3,7,3,6,0,0,0,1
21/09/2025,17:30,Elche,Oviedo,1,0,5,4,3,3,2,2,0,0
21/09/2025,20:00,Barcelona,Getafe,3,0,7,2,3,2,2,4,0,0
23/09/2025,18:00,Ath Bilbao,Girona,1,1,5,3,8,1,0,2,0,0
23/09/2025,18:00,Espanyol,Valencia,2,2,10,2,8,3,1,4,0,0
23/09/2025,20:30,Levante,Real Madrid,1,4,2,10,1,7,1,1,0,0
23/09/2025,20:30,Sevilla,Villarreal,1,2,2,5,3,3,2,3,0,0
24/09/2025,18:00,Getafe,Alaves,1,1,1,4,2,7,2,3,0,0
24/09/2025,20:30,Ath Madrid,Rayo,3,2,8,3,8,6,3,4,0,0
24/09/2025,20:30,Real Sociedad,Mallorca,1,0,4,3,11,2,2,2,0,0
25/09/2025,18:30,Osasuna,Elche,1,1,2,4,2,3,2,2,0,0
25/09/2025,20:30,Oviedo,Barcelona,1,3,3,10,6,9,1,0,0,0
26/09/2025,20:00,Girona,Espanyol,0,0,3,5,8,4,0,1,0,0
27/09/2025,13:00,Getafe,Levante,1,1,4,3,6,2,4,3,0,0
27/09/2025,15:15,Ath Madrid,Real Madrid,5,2,7,2,7,2,5,4,0,0
27/09/2025,17:30,Mallorca,Alaves,1,0,3,3,4,8,2,3,0,0
27/09/2025,20:00,Villarreal,Ath Bilbao,1,0,5,4,6,5,2,0,0,0
28/09/2025,13:00,Rayo,Sevilla,0,1,6,1,12,4,3,2,1,0
28/09/2025,15:15,Elche,Celta,2,1,8,2,7,2,3,3,0,0
28/09/2025,17:30,Barcelona,Real Sociedad,2,1,12,2,12,1,1,2,0,0
28/09/2025,20:00,Betis,Osasuna,2,0,6,1,5,5,0,1,0,0
30/09/2025,19:00,Valencia,Oviedo,1,2,5,4,5,4,1,4,0,1
03/10/2025,20:00,Osasuna,Getafe,2,1,3,2,1,6,1,4,0,0
04/10/2025,13:00,Oviedo,Levante,0,2,2,5,9,3,2,2,0,0
04/10/2025,15:15,Girona,Valencia,2,1,4,6,0,7,5,1,2,0
04/10/2025,17:30,Ath Bilbao,Mallorca,2,1,5,2,7,2,5,6,0,1
04/10/2025,20:00,Real Madrid,Villarreal,3,1,7,2,4,0,2,4,0,1
05/10/2025,13:00,Alaves,Elche,3,1,5,3,14,4,3,1,0,1
05/10/2025,15:15,Sevilla,Barcelona,4,1,5,8,7,6,7,5,0,0
05/10/2025,17:30,Espanyol,Betis,1,2,5,3,10,5,2,6,0,0
05/10/2025,17:30,Real Sociedad,Rayo,0,1,3,2,7,5,1,2,0,0
05/10/2025,20:00,Celta,Ath Madrid,1,1,4,1,6,3,1,3,0,1
17/10/2025,20:00,Oviedo,Espanyol,0,2,4,10,3,5,2,1,0,0
18/10/2025,13:00,Sevilla,Mallorca,1,3,4,6,9,2,2,1,0,0
18/10/2025,15:15,Barcelona,Girona,2,1,9,4,11,5,1,2,0,0
18/10/2025,17:30,Villarreal,Betis,2,2,3,3,5,6,1,1,0,0
18/10/2025,20:00,Ath Madrid,Osasuna,1,0,9,2,4,2,1,3,0,0
19/10/2025,13:00,Elche,Ath Bilbao,0,0,5,1,6,2,2,3,0,0
19/10/2025,15:15,Celta,Real Sociedad,1,1,1,7,1,10,4,3,1,0
19/10/2025,17:30,Levante,Rayo,0,3,4,5,11,4,0,1,0,0
19/10/2025,20:00,Getafe,Real Madrid,0,1,1,10,1,4,4,1,2,0
20/10/2025,20:00,Alaves,Valencia,0,0,3,2,7,0,1,2,0,0
24/10/2025,20:00,Real Sociedad,Sevilla,2,1,3,1,1,9,1,3,0,0
25/10/2025,15:15,Espanyol,Elche,1,0,7,4,4,2,4,2,0,0
25/10/2025,17:30,Ath Bilbao,Getafe,0,1,4,3,1,5,1,3,0,0
25/10/2025,20:00,Valencia,Villarreal,0,2,3,5,7,5,2,4,0,0
26/10/2025,13:00,Mallorca,Levante,1,1,4,5,5,4,3,2,0,0
26/10/2025,15:15,Real Madrid,Barcelona,2,1,10,6,12,4,5,5,1,1
26/10/2025,17:30,Osasuna,Celta,2,3,7,5,6,2,3,4,0,0
26/10/2025,20:00,Rayo,Alaves,1,0,5,2,7,5,1,3,0,0
27/10/2025,20:00,Betis,Ath Madrid,0,2,5,4,2,5,2,1,0,0
31/10/2025,20:00,Getafe,Girona,2,1,4,4,8,3,1,1,0,0
01/11/2025,13:00,Villarreal,Rayo,4,0,7,3,3,5,1,1,0,0
01/11/2025,15:15,Ath Madrid,Sevilla,3,0,6,2,9,4,0,3,0,0
01/11/2025,17:30,Real Sociedad,Ath Bilbao,3,2,5,4,6,2,2,3,0,0
01/11/2025,20:00,Real Madrid,Valencia,4,0,11,1,7,1,1,1,0,0
02/11/2025,13:00,Levante,Celta,1,2,3,6,4,4,2,3,1,0
02/11/2025,15:15,Alaves,Espanyol,2,1,4,2,1,6,4,2,1,0
02/11/2025,17:30,Barcelona,Elche,3,1,5,3,6,3,0,1,0,0
02/11/2025,20:00,Betis,Mallorca,3,0,8,1,4,5,0,3,0,0
03/11/2025,20:00,Oviedo,Osasuna,0,0,2,5,4,2,3,1,0,0
07/11/2025,20:00,Elche,Real Sociedad,1,1,3,5,1,3,1,3,0,0
08/11/2025,13:00,Girona,Alaves,1,0,2,5,6,1,0,3,0,0
08/11/2025,15:15,Sevilla,Osasuna,1,0,4,3,5,6,5,3,0,0
08/11/2025,17:30,Ath Madrid,Levante,3,1,10,3,21,4,3,1,0,0
08/11/2025,20:00,Espanyol,Villarreal,0,2,3,3,4,2,0,2,0,0
09/11/2025,13:00,Ath Bilbao,Oviedo,1,0,7,2,7,4,1,1,0,0
09/11/2025,15:15,Rayo,Real Madrid,0,0,2,5,5,8,3,2,0,0
09/11/2025,17:30,Mallorca,Getafe,1,0,4,3,1,14,0,2,0,0
09/11/2025,17:30,Valencia,Betis,1,1,4,2,7,2,3,3,0,0
09/11/2025,20:00,Celta,Barcelona,2,4,3,9,2,5,1,5,0,1
21/11/2025,20:00,Valencia,Levante,1,0,3,1,7,0,4,3,0,0
22/11/2025,13:00,Alaves,Celta,0,1,2,4,4,2,2,2,0,0
22/11/2025,15:15,Barcelona,Ath Bilbao,4,0,7,2,5,7,0,2,0,1
22/11/2025,17:30,Osasuna,Real Sociedad,1,3,4,9,3,3,3,2,1,0
22/11/2025,20:00,Villarreal,Mallorca,2,1,7,3,3,1,2,2,0,0
23/11/2025,13:00,Oviedo,Rayo,0,0,3,3,5,6,1,2,1,1
23/11/2025,15:15,Betis,Girona,1,1,7,4,8,0,3,4,1,0
23/11/2025,17:30,Getafe,Ath Madrid,0,1,1,6,6,7,2,3,0,0
23/11/2025,20:00,Elche,Real Madrid,2,2,6,7,2,8,4,0,1,0
24/11/2025,20:00,Espanyol,Sevilla,2,1,5,6,4,13,4,1,0,0
28/11/2025,20:00,Getafe,Elche,1,0,6,4,3,5,2,2,0,0
29/11/2025,13:00,Mallorca,Osasuna,2,2,4,2,2,8,3,4,0,0
29/11/2025,15:15,Barcelona,Alaves,3,1,6,2,5,4,2,3,0,0
29/11/2025,17:30,Levante,Ath Bilbao,0,2,4,4,4,2,3,2,0,0
29/11/2025,20:00,Ath Madrid,Oviedo,2,0,8,1,7,2,0,1,0,0
30/11/2025,13:00,Real Sociedad,Villarreal,2,3,7,5,8,2,3,7,0,0
30/11/2025,15:15,Sevilla,Betis,0,2,3,4,6,4,2,3,1,0
30/11/2025,17:30,Celta,Espanyol,0,1,4,2,4,3,1,2,0,0
30/11/2025,20:00,Girona,Real Madrid,1,1,4,4,2,5,3,0,0,0
01/12/2025,20:00,Rayo,Valencia,1,1,7,2,10,5,1,1,0,0
02/12/2025,20:00,Barcelona,Ath Madrid,3,1,6,2,5,4,1,1,0,0
03/12/2025,18:00,Ath Bilbao,Real Madrid,0,3,4,8,5,7,2,0,0,0
06/12/2025,13:00,Villarreal,Getafe,2,0,5,0,5,3,2,4,0,1
06/12/2025,15:15,Alaves,Real Sociedad,1,0,3,1,5,8,2,2,0,0
06/12/2025,17:30,Betis,Barcelona,3,5,5,8,7,7,5,2,0,0
06/12/2025,20:00,Ath Bilbao,Ath Madrid,1,0,3,3,5,6,3,2,0,0
07/12/2025,13:00,Elche,Girona,3,0,6,4,2,2,0,3,0,0
07/12/2025,15:15,Valencia,Sevilla,1,1,3,1,2,2,3,6,0,0
07/12/2025,17:30,Espanyol,Rayo,1,0,2,2,6,2,4,8,1,1
07/12/2025,20:00,Real Madrid,Celta,0,2,7,5,8,1,6,1,3,0
08/12/2025,20:00,Osasuna,Levante,2,0,6,5,3,3,2,2,0,0
12/12/2025,20:00,Real Sociedad,Girona,1,2,4,3,4,3,1,2,0,0
13/12/2025,13:00,Ath Madrid,Valencia,2,1,6,2,5,7,3,1,0,0
13/12/2025,15:15,Mallorca,Elche,3,1,8,0,1,1,3,0,0,0
13/12/2025,17:30,Barcelona,Osasuna,2,0,7,2,14,1,0,3,0,0
13/12/2025,20:00,Getafe,Espanyol,0,1,1,4,6,4,5,1,0,0
14/12/2025,13:00,Sevilla,Oviedo,4,0,7,1,5,3,1,2,0,1
14/12/2025,15:15,Celta,Ath Bilbao,2,0,2,2,1,4,3,2,0,0
14/12/2025,20:00,Alaves,Real Madrid,1,2,2,6,5,7,3,1,0,0
15/12/2025,20:00,Rayo,Betis,0,0,7,6,8,3,4,1,0,0
19/12/2025,20:00,Valencia,Mallorca,1,1,2,2,12,3,2,3,0,0
20/12/2025,13:00,Oviedo,Celta,0,0,3,2,4,3,2,1,0,0
20/12/2025,15:15,Levante,Real Sociedad,1,1,3,6,7,10,6,2,0,0
20/12/2025,17:30,Osasuna,Alaves,3,0,7,3,9,0,2,2,0,0
20/12/2025,20:00,Real Madrid,Sevilla,2,0,8,5,6,5,2,5,0,1
21/12/2025,13:00,Girona,Ath Madrid,0,3,2,6,3,4,2,0,0,0
21/12/2025,15:15,Villarreal,Barcelona,0,2,5,5,5,10,1,1,1,0
21/12/2025,17:30,Elche,Rayo,4,0,6,8,4,5,2,3,0,0
21/12/2025,20:00,Betis,Getafe,4,0,8,3,7,5,0,1,0,0
22/12/2025,20:00,Ath Bilbao,Espanyol,1,2,7,5,8,4,5,2,0,0
02/01/2026,20:00,Rayo,Getafe,1,1,4,4,3,2,3,4,0,0
03/01/2026,13:00,Celta,Valencia,4,1,6,5,2,4,1,3,0,0
03/01/2026,15:15,Osasuna,Ath Bilbao,1,1,4,6,1,9,3,3,0,0
03/01/2026,17:30,Elche,Villarreal,1,3,2,4,6,2,3,3,0,0
03/01/2026,20:00,Espanyol,Barcelona,0,2,7,6,5,7,1,0,0,0
04/01/2026,13:00,Sevilla,Levante,0,3,7,4,5,1,3,4,0,0
04/01/2026,15:15,Real Madrid,Betis,5,1,9,5,5,8,1,1,0,0
04/01/2026,17:30,Alaves,Oviedo,1,1,7,6,6,7,3,3,1,1
04/01/2026,20:00,Real Sociedad,Ath Madrid,1,1,8,2,6,6,3,2,0,0
09/01/2026,20:00,Getafe,Real Sociedad,1,2,3,5,2,4,2,1,0,0
10/01/2026,13:00,Oviedo,Betis,1,1,3,6,5,2,3,1,0,0
10/01/2026,15:15,Villarreal,Alaves,3,1,4,5,1,6,0,2,0,0
10/01/2026,17:30,Girona,Osasuna,1,0,4,1,2,1,2,6,1,0
10/01/2026,20:00,Valencia,Elche,1,1,4,1,8,6,2,3,0,0
11/01/2026,13:00,Rayo,Mallorca,2,1,5,2,6,5,1,5,1,0
11/01/2026,15:15,Levante,Espanyol,1,1,2,3,4,3,0,1,0,0
12/01/2026,20:00,Sevilla,Celta,0,1,2,7,6,1,3,3,0,0
16/01/2026,20:00,Espanyol,Girona,0,2,2,4,5,4,5,5,0,0
17/01/2026,13:00,Real Madrid,Levante,2,0,11,0,8,0,2,1,0,0
17/01/2026,15:15,Mallorca,Ath Bilbao,3,2,9,11,3,7,1,5,0,2
17/01/2026,17:30,Osasuna,Oviedo,3,2,5,5,3,6,1,4,1,0
17/01/2026,20:00,Betis,Villarreal,2,0,6,3,2,3,3,2,0,1
18/01/2026,13:00,Getafe,Valencia,0,1,3,1,9,3,2,3,0,1
18/01/2026,15:15,Ath Madrid,Alaves,1,0,6,0,6,6,1,1,0,0
18/01/2026,17:30,Celta,Rayo,3,0,7,3,5,7,4,3,0,1
18/01/2026,20:00,Real Sociedad,Barcelona,2,1,6,9,6,8,3,3,1,0
19/01/2026,20:00,Elche,Sevilla,2,2,5,8,9,7,3,1,0,0
23/01/2026,20:00,Levante,Elche,3,2,6,3,9,1,2,3,0,0
24/01/2026,13:00,Rayo,Osasuna,1,3,4,5,4,3,2,2,0,0
24/01/2026,15:15,Valencia,Espanyol,3,2,5,6,2,7,1,5,0,0
24/01/2026,17:30,Sevilla,Ath Bilbao,2,1,7,3,5,5,2,1,0,0
24/01/2026,20:00,Villarreal,Real Madrid,0,2,1,4,6,6,3,1,0,0
25/01/2026,13:00,Ath Madrid,Mallorca,3,0,8,1,10,3,2,1,0,0
25/01/2026,15:15,Barcelona,Oviedo,3,0,7,3,10,1,1,2,0,0
25/01/2026,17:30,Real Sociedad,Celta,3,1,4,4,2,9,1,1,1,0
25/01/2026,20:00,Alaves,Betis,2,1,9,4,6,4,1,1,0,0
26/01/2026,20:00,Girona,Getafe,1,1,4,2,3,4,5,3,0,0
30/01/2026,20:00,Espanyol,Alaves,1,2,3,7,4,2,0,1,0,0
31/01/2026,15:15,Osasuna,Villarreal,2,2,5,4,6,2,2,2,0,0
31/01/2026,17:30,Levante,Ath Madrid,0,0,2,4,4,7,2,1,0,0
31/01/2026,20:00,Elche,Barcelona,1,3,3,8,2,8,2,1,0,0
01/02/2026,13:00,Real Madrid,Rayo,2,1,6,4,9,4,2,8,0,2
01/02/2026,15:15,Betis,Valencia,2,1,2,4,3,5,0,4,0,0
01/02/2026,17:30,Getafe,Celta,0,0,2,1,5,3,1,2,0,0
01/02/2026,20:00,Ath Bilbao,Real Sociedad,1,1,4,6,6,3,4,2,0,1
02/02/2026,20:00,Mallorca,Sevilla,4,1,7,5,4,8,1,1,0,0
06/02/2026,20:00,Celta,Osasuna,1,2,4,2,7,3,2,2,0,0
07/02/2026,15:15,Barcelona,Mallorca,3,0,7,4,12,3,0,0,0,0
07/02/2026,20:00,Real Sociedad,Elche,3,1,3,5,2,4,0,4,0,0
08/02/2026,13:00,Alaves,Getafe,0,2,5,5,6,3,2,5,0,0
08/02/2026,15:15,Ath Bilbao,Levante,4,2,7,3,4,3,2,1,0,1
08/02/2026,15:15,Sevilla,Girona,1,1,3,6,5,7,3,3,0,0
08/02/2026,17:30,Ath Madrid,Betis,0,1,5,4,7,3,3,1,0,0
08/02/2026,20:00,Valencia,Real Madrid,0,2,0,6,5,8,1,1,0,0
09/02/2026,20:00,Villarreal,Espanyol,4,1,3,2,5,8,3,3,0,0
13/02/2026,20:00,Elche,Osasuna,0,0,5,2,10,3,2,4,0,0
14/02/2026,13:00,Espanyol,Celta,2,2,3,5,2,2,1,0,0,0
14/02/2026,15:15,Getafe,Villarreal,2,1,2,2,3,4,2,3,0,0
14/02/2026,17:30,Sevilla,Alaves,1,1,2,1,0,3,5,0,2,0
14/02/2026,20:00,Real Madrid,Real Sociedad,4,1,5,3,4,6,1,1,0,0
15/02/2026,13:00,Oviedo,Ath Bilbao,1,2,1,4,2,3,2,3,0,0
15/02/2026,15:15,Rayo,Ath Madrid,3,0,9,3,4,8,1,3,0,0
15/02/2026,17:30,Levante,Valencia,0,2,1,2,3,2,3,2,1,0
15/02/2026,20:00,Mallorca,Betis,1,2,3,8,7,3,4,3,0,0
16/02/2026,20:00,Girona,Barcelona,2,1,9,4,3,7,1,2,1,0
18/02/2026,19:00,Levante,Villarreal,0,1,4,6,3,2,3,4,0,0
20/02/2026,20:00,Ath Bilbao,Elche,2,1,8,2,4,1,3,3,0,0
21/02/2026,13:00,Real Sociedad,Oviedo,3,3,8,6,7,6,2,1,0,0
21/02/2026,15:15,Betis,Rayo,1,1,3,3,3,5,4,3,0,0
21/02/2026,17:30,Osasuna,Real Madrid,2,1,2,5,3,7,2,4,0,0
21/02/2026,20:00,Ath Madrid,Espanyol,4,2,9,2,5,3,0,1,0,0
22/02/2026,13:00,Getafe,Sevilla,0,1,3,1,2,2,1,1,1,0
22/02/2026,15:15,Barcelona,Levante,3,0,9,2,13,6,2,1,0,0
22/02/2026,17:30,Celta,Mallorca,2,0,7,0,7,2,1,5,0,0
22/02/2026,20:00,Villarreal,Valencia,2,1,5,3,5,4,2,4,0,0
23/02/2026,20:00,Alaves,Girona,2,2,6,5,7,6,2,2,0,0
27/02/2026,20:00,Levante,Alaves,2,0,5,7,10,6,1,6,0,1
28/02/2026,13:00,Rayo,Ath Bilbao,1,1,7,2,5,4,2,3,0,0
28/02/2026,15:15,Barcelona,Villarreal,4,1,8,1,3,2,2,1,0,0
28/02/2026,17:30,Mallorca,Real Sociedad,0,1,1,2,3,7,0,2,0,0
28/02/2026,20:00,Oviedo,Ath Madrid,0,1,6,1,8,3,2,2,0,0
01/03/2026,13:00,Elche,Espanyol,2,2,9,4,3,1,1,6,0,1
01/03/2026,15:15,Valencia,Osasuna,1,0,1,0,5,4,3,3,0,0
01/03/2026,17:30,Betis,Sevilla,2,2,2,6,4,3,3,3,0,0
01/03/2026,20:00,Girona,Celta,1,2,7,5,10,6,2,2,0,0
02/03/2026,20:00,Real Madrid,Getafe,0,1,7,3,10,2,4,6,1,1
04/03/2026,18:00,Rayo,Oviedo,3,0,7,2,12,2,0,2,0,0
06/03/2026,20:00,Celta,Real Madrid,1,2,4,3,1,6,1,2,0,0
07/03/2026,13:00,Osasuna,Mallorca,2,2,5,4,8,0,2,5,1,1
07/03/2026,15:15,Levante,Girona,1,1,4,5,2,3,2,2,1,0
07/03/2026,17:30,Ath Madrid,Real Sociedad,3,2,9,3,8,1,1,1,0,0
07/03/2026,20:00,Ath Bilbao,Barcelona,0,1,3,2,2,4,2,1,0,0
08/03/2026,13:00,Villarreal,Elche,2,1,7,6,4,6,1,2,0,0
08/03/2026,15:15,Getafe,Betis,2,0,5,5,3,8,3,2,0,0
08/03/2026,17:30,Sevilla,Rayo,1,1,2,2,6,2,1,3,0,0
08/03/2026,20:00,Valencia,Alaves,3,2,8,4,10,2,1,6,0,2
09/03/2026,20:00,Espanyol,Oviedo,1,1,9,3,8,0,3,2,0,0
13/03/2026,20:00,Alaves,Villarreal,1,1,0,4,5,2,4,1,0,0
14/03/2026,13:00,Girona,Ath Bilbao,3,0,6,9,2,9,0,2,0,0
14/03/2026,15:15,Ath Madrid,Getafe,1,0,5,3,10,3,3,3,0,1
14/03/2026,17:30,Oviedo,Valencia,1,0,6,2,4,7,3,2,0,0
14/03/2026,20:00,Real Madrid,Elche,4,1,6,1,5,4,1,3,0,0
15/03/2026,13:00,Mallorca,Espanyol,2,1,12,2,5,6,3,3,0,1
15/03/2026,15:15,Barcelona,Sevilla,5,2,8,4,3,4,0,1,0,0
15/03/2026,17:30,Betis,Celta,1,1,6,3,3,4,2,3,0,0
15/03/2026,20:00,Real Sociedad,Osasuna,3,1,6,5,3,5,3,0,0,0
16/03/2026,20:00,Rayo,Levante,1,1,4,5,5,6,3,5,1,0
20/03/2026,20:00,Villarreal,Real Sociedad,3,1,10,4,4,5,0,2,0,0
21/03/2026,13:00,Elche,Mallorca,2,1,4,4,2,2,2,2,0,0
21/03/2026,15:15,Espanyol,Getafe,1,2,5,5,12,9,2,7,0,0
21/03/2026,17:30,Levante,Oviedo,4,2,8,2,3,1,2,3,0,0
21/03/2026,17:30,Osasuna,Girona,1,0,11,0,6,2,2,1,0,0
21/03/2026,20:00,Sevilla,Valencia,0,2,2,4,1,3,2,1,0,0
22/03/2026,13:00,Barcelona,Rayo,1,0,4,4,6,9,3,4,0,0
22/03/2026,15:15,Celta,Alaves,3,4,5,6,4,1,2,2,0,0
22/03/2026,17:30,Ath Bilbao,Betis,2,1,6,3,6,5,1,1,0,0
22/03/2026,20:00,Real Madrid,Ath Madrid,3,2,10,7,4,1,1,4,1,0
03/04/2026,20:00,Rayo,Elche,1,0,5,4,9,4,0,4,0,1
04/04/2026,13:00,Real Sociedad,Levante,2,0,5,4,11,5,2,3,0,0
04/04/2026,15:15,Mallorca,Real Madrid,2,1,2,6,6,4,3,2,0,0
04/04/2026,17:30,Betis,Espanyol,0,0,6,1,4,3,1,3,0,0
04/04/2026,20:00,Ath Madrid,Barcelona,1,2,2,8,1,9,6,2,1,0
05/04/2026,13:00,Getafe,Ath Bilbao,2,0,6,0,4,3,3,1,0,0
05/04/2026,15:15,Valencia,Celta,2,3,4,5,6,0,1,3,0,0
05/04/2026,17:30,Oviedo,Sevilla,1,0,4,0,5,9,5,3,0,1
05/04/2026,20:00,Alaves,Osasuna,2,2,6,5,7,1,2,5,0,0
06/04/2026,20:00,Girona,Villarreal,1,0,2,0,7,4,2,2,0,0
10/04/2026,20:00,Real Madrid,Girona,1,1,9,2,10,1,2,1,0,0
11/04/2026,13:00,Real Sociedad,Alaves,3,3,4,2,9,5,2,4,1,0
11/04/2026,15:15,Elche,Valencia,1,0,2,8,5,9,1,1,0,0
11/04/2026,17:30,Barcelona,Espanyol,4,1,10,2,7,5,3,6,0,0
11/04/2026,20:00,Sevilla,Ath Madrid,2,1,2,2,6,6,4,4,0,0
12/04/2026,13:00,Osasuna,Betis,1,1,4,3,6,3,3,4,0,0
12/04/2026,15:15,Mallorca,Rayo,3,0,4,3,6,7,1,4,0,0
12/04/2026,17:30,Celta,Oviedo,0,3,6,5,4,1,1,2,0,0
12/04/2026,20:00,Ath Bilbao,Villarreal,1,2,6,6,15,3,2,3,0,0
13/04/2026,20:00,Levante,Getafe,1,0,4,1,8,2,2,7,0,1
21/04/2026,18:00,Ath Bilbao,Osasuna,1,0,2,3,5,4,3,2,1,0
21/04/2026,18:00,Mallorca,Valencia,1,1,8,3,7,4,0,2,0,0
21/04/2026,20:30,Girona,Betis,2,3,2,3,3,1,1,3,0,0
21/04/2026,20:30,Real Madrid,Alaves,2,1,8,5,9,6,1,1,0,0
22/04/2026,18:00,Elche,Ath Madrid,3,2,6,3,13,3,2,2,0,1
22/04/2026,19:00,Real Sociedad,Getafe,0,1,4,0,6,3,4,5,0,0
22/04/2026,20:30,Barcelona,Celta,1,0,3,3,5,3,1,1,0,0
23/04/2026,18:00,Levante,Sevilla,2,0,3,0,3,6,3,4,0,0
23/04/2026,19:00,Rayo,Espanyol,1,0,6,4,6,5,2,4,0,0
23/04/2026,20:30,Oviedo,Villarreal,1,1,4,3,7,0,1,1,0,0
24/04/2026,20:00,Betis,Real Madrid,1,1,4,8,7,6,1,2,0,0
25/04/2026,13:00,Alaves,Mallorca,2,1,4,2,9,4,2,1,0,0
25/04/2026,15:15,Getafe,Barcelona,0,2,0,4,6,3,2,2,0,0
25/04/2026,17:30,Valencia,Girona,2,1,3,4,4,4,2,2,0,0
25/04/2026,20:00,Ath Madrid,Ath Bilbao,3,2,4,4,3,4,0,0,0,0
26/04/2026,13:00,Rayo,Real Sociedad,3,3,9,8,6,4,6,4,1,0
26/04/2026,15:15,Oviedo,Elche,1,2,3,4,6,1,2,0,0,1
26/04/2026,17:30,Osasuna,Sevilla,2,1,7,2,4,4,2,2,0,0
26/04/2026,20:00,Villarreal,Celta,2,1,4,3,7,5,3,6,0,0
27/04/2026,20:00,Espanyol,Levante,0,0,3,4,4,4,3,3,1,0
02/05/2026,13:00,Villarreal,Levante,5,1,8,3,7,3,3,1,0,0
02/05/2026,15:15,Valencia,Ath Madrid,0,2,0,5,1,7,1,3,0,0
02/05/2026,17:30,Alaves,Ath Bilbao,2,4,4,4,4,7,4,4,0,0
02/05/2026,20:00,Osasuna,Barcelona,1,2,4,4,3,7,2,2,0,0
03/05/2026,13:00,Celta,Elche,3,1,4,4,4,2,2,1,0,0
03/05/2026,15:15,Getafe,Rayo,0,2,3,6,4,1,3,5,0,0
03/05/2026,17:30,Betis,Oviedo,3,0,5,5,5,4,0,0,0,0
03/05/2026,20:00,Espanyol,Real Madrid,0,2,3,5,5,6,3,4,0,0
04/05/2026,20:00,Sevilla,Real Sociedad,1,0,5,0,3,3,3,1,0,0
08/05/2026,20:00,Levante,Osasuna,3,2,12,3,15,1,2,0,0,1
09/05/2026,13:00,Elche,Alaves,1,1,5,4,7,3,3,6,0,0
09/05/2026,15:15,Sevilla,Espanyol,2,1,6,5,4,6,5,5,0,0
09/05/2026,17:30,Ath Madrid,Celta,0,1,4,1,10,0,1,2,0,0
09/05/2026,20:00,Real Sociedad,Betis,2,2,6,6,4,3,2,3,0,1
10/05/2026,13:00,Mallorca,Villarreal,1,1,8,2,5,4,2,0,0,0
10/05/2026,15:15,Ath Bilbao,Valencia,0,1,4,3,13,5,2,3,0,0
10/05/2026,17:30,Oviedo,Getafe,0,0,4,4,1,9,2,3,2,0
10/05/2026,20:00,Barcelona,Real Madrid,2,0,7,1,4,8,2,4,0,0
11/05/2026,20:00,Rayo,Girona,1,1,5,5,9,5,1,1,0,0
12/05/2026,18:00,Celta,Levante,2,3,6,6,4,4,0,2,0,0
12/05/2026,19:00,Betis,Elche,2,1,7,2,8,1,3,3,0,1
12/05/2026,20:30,Osasuna,Ath Madrid,1,2,5,4,8,4,6,5,0,1
13/05/2026,18:00,Espanyol,Ath Bilbao,2,0,5,4,8,9,0,0,0,0
13/05/2026,18:00,Villarreal,Sevilla,2,3,4,5,6,4,2,1,0,0
13/05/2026,20:30,Alaves,Barcelona,1,0,3,0,6,4,1,2,0,0
13/05/2026,20:30,Getafe,Mallorca,3,1,4,2,3,3,3,4,0,0
14/05/2026,18:00,Valencia,Rayo,1,1,3,3,5,1,1,1,0,0
14/05/2026,19:00,Girona,Real Sociedad,1,1,4,2,6,3,2,7,0,0
14/05/2026,20:30,Real Madrid,Oviedo,2,0,7,1,4,5,0,0,0,0
17/05/2026,18:00,Ath Bilbao,Celta,1,1,9,2,5,0,2,2,0,0
17/05/2026,18:00,Ath Madrid,Girona,1,0,4,11,9,8,2,0,0,0
17/05/2026,18:00,Elche,Getafe,1,0,3,0,4,0,3,1,0,1
17/05/2026,18:00,Levante,Mallorca,2,0,3,3,4,6,2,0,1,1
17/05/2026,18:00,Osasuna,Espanyol,1,2,8,3,9,2,1,2,0,0
17/05/2026,18:00,Oviedo,Alaves,0,1,0,1,5,2,3,1,0,0
17/05/2026,18:00,Sevilla,Real Madrid,0,1,6,1,4,4,4,0,0,0
17/05/2026,18:00,Real Sociedad,Valencia,3,4,3,6,3,2,4,0,0,1
17/05/2026,18:00,Rayo,Villarreal,2,0,7,2,1,9,2,1,0,0
17/05/2026,20:15,Barcelona,Betis,3,1,9,2,6,4,1,0,0,0
23/05/2026,20:00,Alaves,Rayo,1,2,11,7,10,5,3,3,0,0
23/05/2026,20:00,Betis,Levante,2,1,8,7,4,8,1,2,0,0
23/05/2026,20:00,Celta,Sevilla,1,0,3,2,4,3,1,1,0,0
23/05/2026,20:00,Espanyol,Real Sociedad,1,1,8,4,3,5,1,3,0,0
23/05/2026,20:00,Getafe,Osasuna,1,0,3,5,2,4,1,2,0,0
23/05/2026,20:00,Girona,Elche,1,1,7,1,2,1,4,4,0,0
23/05/2026,20:00,Real Madrid,Ath Bilbao,4,2,8,2,2,1,2,0,0,0
23/05/2026,20:00,Valencia,Barcelona,3,1,6,4,7,8,2,2,0,0
24/05/2026,20:00,Villarreal,Ath Madrid,5,1,8,4,5,9,0,1,0,0
11/08/2023,18:00,Amorebieta,Levante,1,1,3,2,8,2,0,3,0,0
12/08/2023,18:00,Racing Santander,Eibar,4,0,8,3,4,6,2,3,0,0
12/08/2023,21:00,Elche,Ferrol,0,1,1,2,4,4,0,2,0,0
13/08/2023,18:30,Albacete,Espanyol,1,1,6,3,7,4,3,3,0,0
19/08/2023,16:00,Eibar,Elche,2,1,5,3,6,4,1,2,0,0
19/08/2023,18:00,Espanyol,Racing Santander,2,0,6,2,6,7,1,2,0,0
19/08/2023,18:30,Levante,Burgos,3,2,11,8,4,4,4,3,0,0
25/08/2023,20:30,Cartagena,Levante,0,1,3,5,2,12,4,6,0,0
26/08/2023,20:30,Elche,Villarreal B,1,0,8,3,4,4,2,0,0,0
27/08/2023,18:30,Mirandes,Espanyol,0,1,1,4,4,7,4,2,0,0
28/08/2023,20:30,Racing Santander,Huesca,0,0,0,0,12,6,5,5,0,0
02/09/2023,17:30,Levante,Oviedo,1,1,4,2,4,2,3,3,0,1
02/09/2023,20:00,Elche,Racing Santander,1,1,6,6,8,1,0,3,1,0
03/09/2023,17:30,Espanyol,Amorebieta,3,2,7,4,4,3,3,1,0,0
08/09/2023,20:00,Levante,Espanyol,1,4,3,10,5,3,0,0,1,0
10/09/2023,15:15,Racing Santander,Amorebieta,1,0,4,2,4,4,4,2,0,0
10/09/2023,20:00,Valladolid,Elche,1,1,5,3,7,6,6,2,1,1
15/09/2023,20:30,Zaragoza,Racing Santander,1,1,2,4,6,6,2,5,0,0
16/09/2023,17:30,Alcorcon,Levante,0,2,1,5,3,6,6,3,1,0
17/09/2023,17:30,Elche,Leganes,1,0,5,3,8,4,5,3,0,0
17/09/2023,17:30,Espanyol,Eldense,3,3,5,3,12,0,3,4,0,1
23/09/2023,15:15,Levante,Eldense,2,0,7,2,5,2,1,2,0,0
23/09/2023,17:30,Burgos,Elche,4,0,9,1,4,1,3,1,0,0
23/09/2023,20:00,Racing Santander,Albacete,2,1,3,4,0,6,2,3,0,0
25/09/2023,20:00,Tenerife,Espanyol,1,0,6,2,6,10,3,3,0,0
29/09/2023,20:00,Leganes,Racing Santander,2,1,4,2,4,11,4,3,0,0
30/09/2023,17:30,Elche,Levante,0,0,4,2,8,7,1,1,0,0
02/10/2023,20:00,Espanyol,Ferrol,3,0,3,2,6,0,2,2,0,1
03/10/2023,18:00,Levante,Villarreal B,1,1,4,1,8,2,2,2,0,0
03/10/2023,20:30,Tenerife,Racing Santander,2,0,6,3,7,4,1,4,0,0
04/10/2023,20:30,Sp Gijon,Elche,2,0,8,1,6,3,0,0,0,0
05/10/2023,20:30,Cartagena,Espanyol,0,2,1,4,6,2,4,3,0,0
06/10/2023,20:00,Albacete,Levante,0,2,4,7,6,3,0,1,0,0
07/10/2023,17:30,Racing Santander,Sp Gijon,3,2,7,8,5,7,4,4,0,0
09/10/2023,18:00,Elche,Andorra,2,1,9,1,10,4,0,0,0,0
09/10/2023,20:00,Villarreal B,Espanyol,3,1,7,4,7,9,1,4,0,0
14/10/2023,17:30,Cartagena,Racing Santander,2,3,6,10,6,4,2,4,0,0
14/10/2023,20:00,Espanyol,Valladolid,2,0,3,3,0,5,3,3,0,0
15/10/2023,15:15,Eldense,Elche,1,1,2,2,6,5,4,3,0,0
16/10/2023,20:00,Levante,Ferrol,1,0,4,1,3,3,4,1,0,0
20/10/2023,20:00,Espanyol,Leganes,0,1,3,4,4,1,2,4,0,0
21/10/2023,17:30,Tenerife,Levante,0,0,4,1,3,3,3,2,0,0
22/10/2023,15:15,Huesca,Elche,0,1,1,3,4,1,3,3,0,0
22/10/2023,17:30,Racing Santander,Burgos,3,0,5,2,4,4,1,3,0,0
28/10/2023,17:30,Andorra,Levante,2,0,10,1,7,6,2,3,0,0
28/10/2023,17:30,Sp Gijon,Espanyol,2,0,3,4,4,7,6,3,0,0
28/10/2023,20:00,Elche,Tenerife,2,1,4,1,4,4,0,6,0,0
29/10/2023,20:00,Racing Santander,Ferrol,1,3,5,8,5,4,1,5,0,0
03/11/2023,20:00,Espanyol,Eibar,2,2,5,4,4,4,1,1,0,0
04/11/2023,17:30,Levante,Mirandes,2,2,5,4,2,6,4,3,2,0
04/11/2023,20:00,Albacete,Elche,1,1,5,3,6,3,4,6,0,1
05/11/2023,17:30,Alcorcon,Racing Santander,3,1,6,3,3,3,3,1,0,0
10/11/2023,19:30,Leganes,Levante,2,1,5,3,8,7,2,1,0,0
11/11/2023,15:15,Racing Santander,Valladolid,2,3,6,9,3,3,0,2,0,0
11/11/2023,17:30,Elche,Zaragoza,2,0,4,3,7,5,4,2,0,0
12/11/2023,17:30,Huesca,Espanyol,1,1,5,1,7,1,2,4,0,0
18/11/2023,20:00,Espanyol,Elche,2,0,5,3,8,5,3,2,0,0
20/11/2023,20:00,Levante,Racing Santander,2,4,5,5,8,5,2,1,0,0
25/11/2023,15:15,Racing Santander,Villarreal B,2,0,4,0,4,3,3,4,0,0
25/11/2023,20:00,Eibar,Levante,3,1,7,7,10,3,3,1,0,0
26/11/2023,15:15,Elche,Amorebieta,2,0,4,4,4,9,2,2,0,0
26/11/2023,20:00,Espanyol,Alcorcon,2,0,9,2,8,2,2,2,0,1
01/12/2023,19:30,Oviedo,Espanyol,2,0,5,2,7,4,5,3,0,0
02/12/2023,20:00,Levante,Valladolid,2,1,7,3,12,6,4,3,0,0
03/12/2023,15:15,Alcorcon,Elche,0,2,2,9,4,4,3,1,1,0
03/12/2023,17:30,Mirandes,Racing Santander,0,0,5,3,9,10,4,4,0,0
08/12/2023,20:00,Espanyol,Zaragoza,1,1,1,2,4,6,2,3,1,0
09/12/2023,17:30,Sp Gijon,Levante,0,0,3,2,5,3,7,4,1,0
10/12/2023,13:00,Elche,Cartagena,1,2,2,4,8,5,3,4,0,0
10/12/2023,15:15,Racing Santander,Oviedo,2,2,5,3,6,8,4,3,0,0
15/12/2023,19:30,Oviedo,Elche,3,2,6,5,5,2,2,4,0,0
16/12/2023,13:00,Eldense,Racing Santander,3,3,6,4,8,3,2,2,0,0
16/12/2023,15:15,Andorra,Espanyol,1,1,3,1,6,2,1,4,0,0
17/12/2023,15:15,Levante,Huesca,2,1,6,1,10,0,2,3,0,1
19/12/2023,18:00,Racing Santander,Andorra,2,0,12,3,6,4,5,4,0,1
19/12/2023,20:30,Elche,Mirandes,0,0,1,0,6,1,2,3,0,0
19/12/2023,20:30,Espanyol,Burgos,3,3,7,6,6,6,3,2,0,0
20/12/2023,18:00,Zaragoza,Levante,2,2,4,5,5,2,2,2,0,0
12/01/2024,19:30,Eibar,Racing Santander,2,0,6,2,2,6,2,1,0,0
13/01/2024,15:15,Levante,Albacete,3,2,8,4,5,3,1,0,0,0
13/01/2024,17:30,Tenerife,Elche,0,1,2,3,4,2,4,2,0,0
13/01/2024,20:00,Ferrol,Espanyol,0,0,1,1,5,8,2,3,0,0
20/01/2024,17:30,Espanyol,Villarreal B,2,1,4,3,5,8,2,2,0,0
21/01/2024,13:00,Racing Santander,Cartagena,0,2,3,4,8,1,3,3,2,0
21/01/2024,15:15,Mirandes,Levante,1,1,3,2,6,3,2,3,0,0
21/01/2024,20:00,Elche,Valladolid,0,0,2,1,3,2,2,2,0,0
27/01/2024,20:00,Levante,Tenerife,0,0,3,0,2,4,1,3,0,1
28/01/2024,13:00,Eldense,Espanyol,3,2,5,1,7,3,2,2,0,0
28/01/2024,15:15,Andorra,Elche,0,1,5,6,4,5,3,3,0,0
29/01/2024,19:30,Valladolid,Racing Santander,3,1,7,4,3,2,2,2,1,0
02/02/2024,19:30,Elche,Burgos,2,0,8,2,5,6,2,0,0,0
04/02/2024,15:15,Amorebieta,Racing Santander,0,1,3,1,4,0,3,3,0,0
04/02/2024,17:30,Espanyol,Levante,2,1,3,5,5,6,3,3,0,0
09/02/2024,19:30,Levante,Leganes,0,0,3,2,6,3,1,6,0,0
10/02/2024,15:15,Amorebieta,Elche,1,0,2,4,0,5,0,0,0,0
10/02/2024,20:00,Racing Santander,Espanyol,2,0,5,1,7,3,1,0,0,0
17/02/2024,20:00,Espanyol,Mirandes,3,0,7,0,7,3,2,3,0,0
18/02/2024,13:00,Albacete,Racing Santander,2,0,6,1,8,5,2,4,0,0
18/02/2024,15:15,Ferrol,Levante,0,0,1,3,1,4,1,3,1,0
18/02/2024,20:00,Elche,Eibar,0,0,5,3,9,3,4,4,0,0
24/02/2024,15:15,Racing Santander,Leganes,2,1,3,5,5,5,1,4,0,0
24/02/2024,17:30,Eibar,Espanyol,2,3,4,4,6,3,1,2,0,0
25/02/2024,17:30,Cartagena,Elche,0,1,3,6,4,13,2,0,0,0
02/03/2024,15:15,Espanyol,Huesca,0,0,3,1,4,1,2,5,0,0
02/03/2024,15:15,Ferrol,Racing Santander,2,2,7,3,7,4,3,6,0,1
02/03/2024,17:30,Oviedo,Levante,3,2,6,3,13,5,0,0,0,0
04/03/2024,19:30,Elche,Alcorcon,3,0,6,1,5,0,1,3,0,0
10/03/2024,13:00,Racing Santander,Tenerife,4,2,8,3,8,3,3,5,0,1
10/03/2024,15:15,Levante,Sp Gijon,1,0,3,2,7,4,2,1,1,0
10/03/2024,15:15,Villarreal B,Elche,0,1,6,3,8,4,2,5,0,0
10/03/2024,20:00,Alcorcon,Espanyol,1,1,5,2,4,6,2,4,1,1
13/03/2024,18:00,Levante,Andorra,0,0,2,3,7,4,2,1,0,0
16/03/2024,13:00,Burgos,Levante,1,1,11,2,7,8,4,3,0,0
16/03/2024,17:30,Oviedo,Racing Santander,1,1,6,5,8,6,2,3,1,1
17/03/2024,17:30,Elche,Albacete,3,2,7,2,9,3,2,2,0,0
17/03/2024,17:30,Zaragoza,Espanyol,0,1,2,1,8,3,0,4,0,0
23/03/2024,20:00,Espanyol,Tenerife,1,1,8,2,10,2,4,4,0,0
24/03/2024,17:30,Levante,Elche,3,2,3,7,2,3,3,2,0,0
24/03/2024,20:00,Racing Santander,Eldense,2,1,10,6,11,6,1,5,0,0
29/03/2024,19:30,Burgos,Espanyol,0,0,5,2,5,7,4,3,0,0
30/03/2024,13:00,Valladolid,Levante,0,0,3,2,5,4,1,2,0,0
30/03/2024,17:30,Sp Gijon,Racing Santander,2,3,5,3,0,4,6,5,1,0
31/03/2024,15:15,Ferrol,Elche,1,0,4,3,0,7,2,5,0,0
05/04/2024,19:30,Elche,Oviedo,0,2,6,4,9,4,2,5,0,0
06/04/2024,17:30,Levante,Zaragoza,2,1,3,6,7,3,2,3,0,0
07/04/2024,17:30,Espanyol,Albacete,2,1,5,4,5,8,2,3,1,0
08/04/2024,19:30,Racing Santander,Alcorcon,0,1,10,4,13,3,2,8,0,2
12/04/2024,19:30,Leganes,Espanyol,0,0,3,1,3,0,4,2,0,0
13/04/2024,20:00,Levante,Amorebieta,1,2,9,3,5,0,0,1,0,0
14/04/2024,17:30,Burgos,Racing Santander,2,1,6,3,10,2,4,2,0,0
14/04/2024,17:30,Zaragoza,Elche,1,1,3,3,8,2,2,1,0,0
20/04/2024,15:15,Racing Santander,Levante,0,0,7,5,3,3,1,0,0,0
20/04/2024,17:30,Elche,Sp Gijon,2,1,3,4,1,7,2,5,0,0
21/04/2024,13:00,Espanyol,Andorra,1,1,4,6,6,2,5,3,0,0
26/04/2024,19:30,Andorra,Racing Santander,1,1,8,4,9,5,1,3,0,0
27/04/2024,17:30,Elche,Espanyol,2,2,3,4,6,4,2,4,0,0
28/04/2024,17:30,Levante,Cartagena,0,1,3,3,3,2,1,2,0,0
03/05/2024,19:30,Villarreal B,Levante,0,3,3,5,9,4,1,1,0,0
04/05/2024,17:30,Racing Santander,Elche,3,1,7,5,5,6,3,2,1,0
05/05/2024,15:15,Espanyol,Sp Gijon,0,0,2,0,8,3,4,4,0,0
11/05/2024,13:00,Racing Santander,Mirandes,1,0,7,0,10,3,3,4,0,0
11/05/2024,17:30,Valladolid,Espanyol,0,0,2,1,3,4,4,8,0,1
11/05/2024,20:00,Levante,Eibar,2,2,5,2,6,5,3,3,0,1
12/05/2024,20:00,Elche,Huesca,0,3,4,3,3,2,1,3,0,0
17/05/2024,19:30,Mirandes,Elche,1,1,4,4,5,7,4,2,0,0
18/05/2024,15:15,Huesca,Racing Santander,0,3,4,5,6,4,1,0,0,0
18/05/2024,20:00,Eldense,Levante,0,0,4,2,5,1,0,2,0,0
20/05/2024,19:30,Espanyol,Oviedo,2,1,2,4,2,7,2,1,0,0
26/05/2024,17:30,Amorebieta,Espanyol,0,0,3,3,3,2,1,0,0,0
26/05/2024,17:30,Elche,Eldense,1,2,4,3,5,2,1,3,0,0
26/05/2024,17:30,Levante,Alcorcon,2,2,4,6,12,6,3,1,0,0
26/05/2024,17:30,Racing Santander,Zaragoza,0,2,6,5,9,4,5,6,0,0
02/06/2024,15:15,Huesca,Levante,0,0,3,4,3,6,1,0,0,0
02/06/2024,17:30,Espanyol,Cartagena,3,0,5,1,8,3,1,0,0,0
02/06/2024,17:30,Leganes,Elche,2,0,5,1,2,3,1,4,0,0
02/06/2024,17:30,Villarreal B,Racing Santander,1,0,5,2,3,4,5,2,0,0
17/08/2024,16:00,Ferrol,Malaga,2,2,5,2,3,3,1,3,0,0
17/08/2024,18:00,La Coruna,Oviedo,0,1,7,4,3,5,3,4,0,0
18/08/2024,16:00,Racing Santander,Almeria,2,2,5,9,5,7,3,2,0,0
18/08/2024,16:00,Sp Gijon,Levante,1,2,1,5,7,1,2,2,0,0
18/08/2024,18:30,Elche,Huesca,0,1,3,3,3,1,3,2,0,0
23/08/2024,18:00,Racing Santander,Eibar,2,2,6,3,7,5,3,2,0,0
23/08/2024,20:30,Huesca,La Coruna,2,1,4,4,3,11,4,0,0,0
24/08/2024,18:00,Levante,Cadiz,1,1,6,8,6,4,2,5,0,0
24/08/2024,20:30,Malaga,Mirandes,1,1,3,3,2,2,2,3,0,0
25/08/2024,18:00,Albacete,Elche,1,0,2,4,0,8,2,1,0,0
30/08/2024,20:30,Oviedo,Racing Santander,1,3,3,5,4,4,2,2,0,0
31/08/2024,20:30,Malaga,Albacete,2,1,6,7,8,1,3,4,1,0
01/09/2024,16:00,La Coruna,Ferrol,1,0,2,1,9,7,3,1,0,0
02/09/2024,18:00,Eibar,Levante,2,2,10,5,10,2,2,2,0,0
02/09/2024,20:30,Elche,Cordoba,3,1,5,2,5,4,0,2,0,0
06/09/2024,20:00,Tenerife,Racing Santander,0,1,3,2,4,5,3,4,0,1
07/09/2024,15:15,Granada,La Coruna,1,1,2,4,4,6,3,0,0,0
07/09/2024,20:00,Cordoba,Malaga,0,0,3,0,8,1,0,0,0,0
08/09/2024,15:15,Cartagena,Levante,0,1,3,8,5,5,0,1,0,0
08/09/2024,17:30,Zaragoza,Elche,3,0,9,3,6,3,1,6,0,1
13/09/2024,19:30,Cordoba,La Coruna,2,0,6,5,6,4,0,0,0,0
14/09/2024,15:15,Levante,Eldense,3,1,6,3,10,2,2,7,0,2
14/09/2024,17:30,Malaga,Huesca,1,0,3,2,2,3,3,3,0,0
14/09/2024,17:30,Racing Santander,Sp Gijon,1,0,3,2,5,4,2,5,0,0
15/09/2024,20:00,Elche,Granada,2,2,3,3,3,6,1,4,0,0
20/09/2024,19:30,Granada,Malaga,2,2,6,5,5,7,3,5,0,0
21/09/2024,17:30,La Coruna,Burgos,0,2,3,4,10,5,1,1,0,0
21/09/2024,20:00,Zaragoza,Levante,2,1,6,4,4,8,1,2,0,0
22/09/2024,15:15,Castellon,Racing Santander,0,1,10,8,7,3,1,2,0,0
22/09/2024,17:30,Elche,Mirandes,1,0,9,3,5,0,2,3,0,0
27/09/2024,19:30,Albacete,La Coruna,2,5,7,7,10,3,3,2,0,0
28/09/2024,20:00,Malaga,Elche,0,3,0,8,4,5,5,4,0,0
29/09/2024,13:00,Levante,Almeria,4,2,8,4,5,3,1,1,0,0
30/09/2024,19:30,Racing Santander,Cartagena,1,2,3,2,6,1,0,4,0,0
05/10/2024,13:00,Ferrol,Elche,1,0,1,4,5,5,4,4,0,0
05/10/2024,17:30,Zaragoza,Racing Santander,2,3,8,6,11,1,3,6,0,1
06/10/2024,13:00,La Coruna,Malaga,0,0,6,5,5,5,0,1,0,0
06/10/2024,17:30,Levante,Oviedo,0,0,1,1,1,9,3,3,0,0
12/10/2024,17:30,Cadiz,Malaga,2,2,9,7,6,4,1,0,0,0
13/10/2024,15:15,Racing Santander,Levante,1,0,2,2,7,3,2,4,0,0
13/10/2024,20:00,Elche,La Coruna,0,0,1,5,4,3,2,2,0,0
19/10/2024,15:15,La Coruna,Eldense,1,1,7,2,16,4,3,4,0,0
19/10/2024,15:15,Malaga,Oviedo,0,0,4,7,6,6,2,3,0,1
19/10/2024,17:30,Castellon,Levante,2,0,5,4,4,6,2,3,0,0
20/10/2024,13:00,Cadiz,Racing Santander,0,1,4,2,4,9,6,3,0,0
20/10/2024,17:30,Elche,Sp Gijon,2,1,4,2,4,4,0,7,0,0
23/10/2024,20:00,Cartagena,Elche,0,0,2,3,3,5,1,0,0,0
23/10/2024,20:00,Racing Santander,Cordoba,2,0,7,4,7,2,2,5,0,1
24/10/2024,18:00,Levante,La Coruna,2,1,6,3,6,5,2,2,0,0
24/10/2024,20:00,Tenerife,Malaga,0,0,4,1,5,4,5,3,0,0
27/10/2024,13:00,Malaga,Eibar,1,0,5,5,0,6,1,4,0,0
27/10/2024,15:15,Elche,Burgos,1,0,9,3,12,3,2,2,0,0
27/10/2024,15:15,La Coruna,Racing Santander,1,2,3,7,10,3,2,0,0,0
27/10/2024,20:00,Granada,Levante,1,2,5,9,3,7,1,0,0,0
02/11/2024,13:00,Eibar,Elche,0,2,6,3,3,6,3,0,0,0
02/11/2024,15:15,Cartagena,La Coruna,1,5,4,13,10,3,2,1,0,0
02/11/2024,17:30,Racing Santander,Albacete,1,1,8,4,3,6,0,0,0,0
08/11/2024,19:30,Elche,Almeria,1,2,4,7,4,1,3,7,0,0
09/11/2024,20:00,Malaga,Cartagena,1,0,6,2,8,2,3,3,0,0
10/11/2024,15:15,Ferrol,Racing Santander,1,2,1,4,5,2,2,3,0,0
11/11/2024,19:30,La Coruna,Eibar,1,0,4,4,7,6,1,2,0,0
16/11/2024,17:30,Levante,Elche,1,1,2,10,5,5,3,4,0,0
16/11/2024,17:30,Racing Santander,Burgos,2,0,3,5,1,7,1,5,1,0
17/11/2024,17:30,Almeria,La Coruna,2,1,6,5,7,4,0,1,0,0
17/11/2024,20:00,Zaragoza,Malaga,0,0,8,2,5,5,4,4,0,1
22/11/2024,19:30,Ferrol,Levante,0,0,3,2,6,4,2,2,0,0
23/11/2024,20:00,Malaga,Racing Santander,0,0,6,7,3,2,2,3,0,0
24/11/2024,15:15,La Coruna,Sp Gijon,1,1,3,6,1,8,1,1,0,0
24/11/2024,20:00,Elche,Oviedo,4,0,10,1,6,0,3,4,0,0
27/11/2024,18:00,Levante,Malaga,4,2,8,4,7,3,2,1,0,0
30/11/2024,17:30,Cadiz,La Coruna,2,4,5,6,5,3,5,4,0,1
30/11/2024,17:30,Racing Santander,Mirandes,0,1,2,4,11,3,2,4,0,1
30/11/2024,20:00,Tenerife,Elche,1,1,2,2,2,6,5,6,1,1
01/12/2024,13:00,Castellon,Malaga,2,0,8,2,3,3,2,3,0,0
01/12/2024,17:30,Levante,Burgos,3,1,3,3,3,0,0,0,0,0
06/12/2024,19:30,Mirandes,Levante,2,1,3,2,2,4,3,3,0,0
07/12/2024,13:00,Elche,Cadiz,2,1,6,4,4,1,2,4,0,1
07/12/2024,15:15,Granada,Racing Santander,3,0,6,3,2,4,6,4,0,0
07/12/2024,17:30,La Coruna,Zaragoza,1,1,2,4,2,5,5,3,0,0
08/12/2024,15:15,Malaga,Almeria,1,1,1,8,3,10,2,6,0,0
14/12/2024,13:00,Levante,Cordoba,2,2,3,4,5,5,0,3,0,0
14/12/2024,17:30,Eldense,Elche,0,0,1,1,3,5,3,2,0,0
15/12/2024,15:15,Burgos,Malaga,0,0,3,1,6,7,2,1,0,0
15/12/2024,17:30,Racing Santander,Huesca,0,1,7,4,7,1,2,3,0,0
17/12/2024,18:00,Albacete,Levante,0,0,2,4,3,5,1,3,0,0
18/12/2024,20:15,Malaga,Eldense,3,0,6,4,3,2,1,7,0,1
19/12/2024,18:00,Elche,Racing Santander,3,0,8,3,8,5,1,1,0,1
19/12/2024,20:15,La Coruna,Castellon,5,1,12,3,7,0,1,2,0,0
21/12/2024,17:30,Sp Gijon,Malaga,1,3,8,5,10,2,3,2,0,0
22/12/2024,15:15,Castellon,Elche,0,2,3,3,4,3,1,2,0,0
22/12/2024,17:30,Racing Santander,Eldense,2,2,5,5,3,5,1,2,0,0
22/12/2024,20:00,La Coruna,Mirandes,0,4,2,7,5,2,1,3,1,0
22/12/2024,20:00,Levante,Huesca,1,1,5,2,10,2,2,1,0,0
07/01/2025,20:30,Tenerife,Levante,0,3,2,5,3,5,0,1,1,0
11/01/2025,15:15,Albacete,Racing Santander,2,2,3,9,4,5,4,3,1,0
11/01/2025,17:30,Malaga,La Coruna,1,1,1,4,5,4,2,1,0,0
12/01/2025,15:15,Cadiz,Levante,0,0,3,1,2,2,5,2,1,0
12/01/2025,15:15,Elche,Zaragoza,1,0,5,1,7,0,5,5,0,0
18/01/2025,17:30,Sp Gijon,Elche,1,1,3,3,4,5,3,0,0,1
18/01/2025,20:00,Levante,Granada,3,1,7,3,2,6,3,4,0,0
19/01/2025,13:00,Burgos,La Coruna,0,1,3,3,5,1,3,2,0,0
19/01/2025,15:15,Racing Santander,Ferrol,6,0,10,2,4,1,2,1,0,0
20/01/2025,19:30,Mirandes,Malaga,3,2,8,4,8,1,2,2,0,0
24/01/2025,19:30,Elche,Eibar,2,0,5,2,7,2,0,2,0,1
25/01/2025,15:15,Cordoba,Racing Santander,1,2,4,5,4,0,3,2,0,0
25/01/2025,17:30,La Coruna,Levante,1,2,4,4,9,5,2,4,0,0
26/01/2025,17:30,Malaga,Zaragoza,1,2,4,5,4,8,0,0,0,0
29/01/2025,20:00,Tenerife,La Coruna,0,0,3,1,10,4,1,2,0,0
01/02/2025,13:00,Mirandes,Elche,3,0,6,6,4,3,2,8,0,1
01/02/2025,20:00,Racing Santander,Malaga,2,1,6,2,8,4,4,4,0,0
02/02/2025,15:15,Eibar,La Coruna,0,1,5,2,12,1,1,0,0,0
03/02/2025,19:30,Levante,Ferrol,0,1,8,3,11,2,1,1,0,0
08/02/2025,17:30,Malaga,Levante,1,1,3,5,8,5,1,2,1,0
09/02/2025,13:00,Elche,Tenerife,2,0,3,2,3,6,1,0,0,0
09/02/2025,15:15,Burgos,Racing Santander,2,1,2,2,3,3,6,5,0,1
09/02/2025,17:30,La Coruna,Almeria,3,1,6,8,3,8,2,3,0,0
15/02/2025,15:15,Cartagena,Malaga,0,1,3,7,6,5,0,0,0,0
15/02/2025,17:30,Racing Santander,Cadiz,2,3,3,9,5,3,3,5,0,0
16/02/2025,13:00,Levante,Sp Gijon,0,0,5,2,8,2,3,2,0,0
16/02/2025,15:15,Eldense,La Coruna,2,0,7,2,8,1,0,1,0,0
17/02/2025,19:30,Almeria,Elche,1,1,3,5,4,3,4,1,1,0
21/02/2025,19:30,Malaga,Tenerife,1,0,3,4,9,0,2,3,0,0
22/02/2025,15:15,Eibar,Racing Santander,2,2,5,4,2,3,4,1,0,0
23/02/2025,13:00,La Coruna,Huesca,0,0,6,2,7,0,1,4,0,0
23/02/2025,15:15,Elche,Cartagena,2,1,10,1,10,3,2,3,0,0
23/02/2025,17:30,Levante,Mirandes,1,0,1,2,5,5,4,0,1,1
01/03/2025,20:00,Almeria,Malaga,2,2,6,3,7,3,1,4,0,0
02/03/2025,15:15,Oviedo,La Coruna,1,2,3,3,6,7,3,2,0,0
02/03/2025,17:30,Eldense,Levante,1,2,2,4,5,7,4,1,0,0
02/03/2025,20:00,Racing Santander,Elche,2,0,4,1,5,9,3,2,0,0
07/03/2025,20:00,La Coruna,Cordoba,1,1,4,4,4,3,1,3,0,0
08/03/2025,17:30,Elche,Castellon,3,1,7,3,2,7,1,1,0,0
08/03/2025,17:30,Sp Gijon,Racing Santander,1,1,4,4,6,6,4,3,0,0
09/03/2025,15:15,Malaga,Cadiz,0,2,1,2,6,4,0,2,0,0
09/03/2025,17:30,Levante,Cartagena,3,0,8,1,3,4,1,3,0,0
14/03/2025,19:30,Oviedo,Elche,1,1,1,5,4,3,1,2,0,0
15/03/2025,15:15,Albacete,Malaga,2,0,3,4,3,8,2,2,2,1
16/03/2025,15:15,Huesca,Levante,1,2,5,2,4,3,4,2,0,0
16/03/2025,15:15,Racing Santander,Tenerife,2,1,4,4,4,7,3,7,0,1
17/03/2025,19:30,Castellon,La Coruna,2,2,5,5,4,2,4,1,0,0
22/03/2025,15:15,Elche,Eldense,2,0,6,1,5,4,0,2,0,0
22/03/2025,17:30,Malaga,Ferrol,2,0,6,1,2,2,3,2,0,0
22/03/2025,17:30,Mirandes,Racing Santander,2,1,7,6,6,2,4,4,0,0
23/03/2025,13:00,Levante,Castellon,3,2,3,3,4,3,0,4,0,0
23/03/2025,17:30,La Coruna,Cartagena,2,2,3,4,2,6,1,3,1,0
29/03/2025,15:15,Ferrol,La Coruna,0,1,2,3,7,3,4,1,0,0
29/03/2025,17:30,Racing Santander,Zaragoza,2,0,5,1,9,4,3,4,1,0
29/03/2025,20:00,Almeria,Levante,1,0,3,2,10,4,1,5,0,0
30/03/2025,13:00,Cordoba,Elche,1,2,7,4,11,2,5,0,0,1
30/03/2025,15:15,Oviedo,Malaga,2,1,6,3,4,8,1,0,0,0
06/04/2025,15:15,Levante,Racing Santander,3,1,5,4,4,6,5,1,0,0
06/04/2025,17:30,Malaga,Cordoba,0,1,2,4,5,10,3,6,0,0
06/04/2025,20:00,La Coruna,Cadiz,1,0,7,6,9,6,0,0,0,0
07/04/2025,19:30,Elche,Ferrol,1,0,3,2,3,4,1,1,0,0
11/04/2025,19:30,Cordoba,Levante,2,2,5,4,8,2,1,3,0,0
12/04/2025,17:30,Cadiz,Elche,0,1,6,4,4,5,4,2,0,0
13/04/2025,15:15,Racing Santander,Castellon,1,1,4,6,8,9,2,4,0,0
13/04/2025,17:30,Mirandes,La Coruna,2,2,4,5,5,3,4,4,0,0
14/04/2025,19:30,Huesca,Malaga,1,0,3,1,8,2,3,3,0,0
19/04/2025,15:15,Huesca,Racing Santander,1,3,2,9,2,8,7,3,3,0
19/04/2025,17:30,Levante,Zaragoza,5,2,7,4,3,6,0,2,0,0
20/04/2025,17:30,Elche,Albacete,2,2,7,6,5,5,2,1,0,0
20/04/2025,20:00,La Coruna,Tenerife,0,0,0,4,8,7,2,2,0,0
21/04/2025,19:30,Eibar,Malaga,2,2,5,6,2,7,3,1,0,0
26/04/2025,15:15,Oviedo,Levante,1,0,2,2,3,4,3,0,0,0
26/04/2025,17:30,Granada,Elche,1,1,2,3,4,2,2,5,0,0
27/04/2025,15:15,Racing Santander,La Coruna,2,1,3,2,2,8,1,4,0,1
27/04/2025,17:30,Malaga,Castellon,1,0,3,2,3,6,5,3,0,0
03/05/2025,17:30,Malaga,Granada,1,0,6,0,8,4,2,2,0,0
03/05/2025,20:00,Burgos,Elche,0,1,3,3,6,4,5,3,0,0
04/05/2025,13:00,Levante,Tenerife,1,1,2,2,3,1,3,5,0,1
04/05/2025,17:30,Cartagena,Racing Santander,1,0,2,6,5,7,2,2,0,0
04/05/2025,20:00,La Coruna,Albacete,5,1,9,4,6,6,0,2,0,0
10/05/2025,15:15,Sp Gijon,La Coruna,2,1,4,1,5,4,2,1,0,0
10/05/2025,17:30,Elche,Levante,1,3,6,5,12,3,3,2,0,0
11/05/2025,13:00,Racing Santander,Oviedo,1,1,3,3,7,3,3,3,0,0
11/05/2025,17:30,Eldense,Malaga,1,0,5,1,5,3,2,0,1,1
16/05/2025,19:30,Levante,Albacete,1,0,7,4,7,6,1,3,0,1
17/05/2025,15:15,La Coruna,Granada,2,3,3,7,3,4,1,2,1,0
17/05/2025,17:30,Huesca,Elche,2,1,7,3,7,0,5,3,0,1
17/05/2025,20:00,Malaga,Sp Gijon,2,1,6,4,9,3,4,2,0,0
18/05/2025,20:00,Almeria,Racing Santander,2,0,6,2,4,7,1,1,0,0
25/05/2025,17:30,Burgos,Levante,2,3,4,7,4,5,0,2,0,0
25/05/2025,17:30,Elche,Malaga,2,0,5,2,9,1,2,1,0,0
25/05/2025,17:30,Eldense,Racing Santander,3,3,5,9,5,3,6,4,0,0
25/05/2025,17:30,Zaragoza,La Coruna,1,0,3,1,4,6,4,1,0,0
31/05/2025,17:30,Malaga,Burgos,2,2,6,6,9,4,0,0,0,0
01/06/2025,17:30,La Coruna,Elche,0,4,0,6,2,0,2,2,0,0
01/06/2025,17:30,Levante,Eibar,1,0,6,3,4,8,0,2,0,0
01/06/2025,17:30,Racing Santander,Granada,2,1,10,3,5,1,4,4,0,1
16/08/2025,16:00,Racing Santander,Castellon,3,1,5,8,3,12,3,0,0,1
16/08/2025,18:30,Malaga,Eibar,1,1,4,3,8,4,2,2,0,0
16/08/2025,20:30,Granada,La Coruna,1,3,2,7,7,1,3,2,1,0
24/08/2025,16:00,La Coruna,Burgos,0,0,2,1,2,6,2,1,0,0
24/08/2025,20:30,Malaga,Sociedad B,1,0,5,4,6,2,2,2,0,0
25/08/2025,18:30,Albacete,Racing Santander,2,3,2,6,2,10,1,3,0,0
30/08/2025,16:00,Racing Santander,Ceuta,4,1,9,1,5,1,0,1,0,1
31/08/2025,18:30,Las Palmas,Malaga,0,1,6,1,7,3,2,4,0,0
01/09/2025,20:30,Leganes,La Coruna,2,2,7,6,4,3,4,3,0,0
06/09/2025,15:15,La Coruna,Sp Gijon,1,0,6,3,6,3,3,1,0,0
06/09/2025,20:00,Malaga,Granada,2,2,3,7,2,1,2,1,0,0
07/09/2025,17:30,Almeria,Racing Santander,2,3,5,7,5,3,3,3,1,0
13/09/2025,15:15,Mirandes,La Coruna,1,5,6,9,1,6,2,3,0,0
13/09/2025,17:30,Huesca,Malaga,1,0,3,3,4,3,4,2,0,0
14/09/2025,15:15,Racing Santander,Cultural Leonesa,2,4,8,5,11,1,0,2,0,0
19/09/2025,19:30,La Coruna,Huesca,4,0,6,0,6,3,1,2,0,0
21/09/2025,17:30,Malaga,Cadiz,0,1,5,3,5,2,1,2,0,0
21/09/2025,20:00,Cordoba,Racing Santander,2,2,5,6,12,1,2,3,1,0
27/09/2025,17:30,Eibar,La Coruna,1,1,10,3,6,2,4,5,0,0
27/09/2025,17:30,Racing Santander,Andorra,1,2,6,4,15,3,3,3,0,0
28/09/2025,15:15,Burgos,Malaga,2,1,3,2,0,3,5,4,0,1
04/10/2025,15:15,La Coruna,Almeria,1,1,4,3,4,2,4,3,0,0
05/10/2025,17:30,Racing Santander,Malaga,3,0,8,5,11,3,2,0,0,1
12/10/2025,15:15,Sp Gijon,Racing Santander,2,1,4,3,4,6,1,5,1,1
12/10/2025,20:00,Malaga,La Coruna,3,0,6,5,1,9,1,3,0,0
19/10/2025,13:00,Leganes,Malaga,2,0,8,5,7,5,1,0,0,0
19/10/2025,17:30,Racing Santander,La Coruna,2,1,6,5,6,6,3,1,0,0
25/10/2025,20:00,Mirandes,Racing Santander,1,3,3,7,5,4,5,2,0,0
26/10/2025,13:00,Malaga,Andorra,4,1,7,5,2,7,2,3,1,0
26/10/2025,20:00,La Coruna,Valladolid,1,1,4,5,4,5,3,3,0,1
31/10/2025,19:30,Racing Santander,Sociedad B,1,0,1,4,5,8,5,1,0,0
02/11/2025,17:30,Castellon,Malaga,2,1,6,1,7,4,6,3,1,0
02/11/2025,20:00,Zaragoza,La Coruna,0,2,3,6,2,8,1,1,0,0
08/11/2025,17:30,La Coruna,Cultural Leonesa,3,0,3,5,1,1,1,0,0,0
08/11/2025,20:00,Malaga,Cordoba,2,2,7,6,2,2,3,3,0,1
09/11/2025,13:00,Las Palmas,Racing Santander,3,1,7,2,5,5,5,1,1,0
15/11/2025,20:00,Racing Santander,Granada,2,2,5,5,7,4,5,5,0,0
16/11/2025,17:30,Cordoba,La Coruna,1,3,6,3,6,5,5,5,1,0
17/11/2025,19:30,Cultural Leonesa,Malaga,1,0,1,3,1,9,0,2,0,1
23/11/2025,13:00,La Coruna,Ceuta,2,1,7,4,4,4,3,0,0,0
23/11/2025,17:30,Burgos,Racing Santander,0,2,1,4,6,3,4,5,0,0
23/11/2025,20:00,Malaga,Mirandes,3,2,11,6,2,1,1,3,0,0
29/11/2025,17:30,Albacete,La Coruna,0,2,3,3,9,5,1,1,0,0
29/11/2025,20:00,Valladolid,Malaga,1,1,6,3,7,2,5,2,1,0
30/11/2025,15:15,Racing Santander,Eibar,4,0,8,6,3,5,0,3,0,0
07/12/2025,13:00,Cadiz,Racing Santander,2,3,5,8,5,7,6,4,0,0
07/12/2025,17:30,La Coruna,Castellon,1,3,3,5,3,9,3,6,1,0
08/12/2025,19:30,Malaga,Zaragoza,1,1,7,5,8,4,4,4,0,1
13/12/2025,17:30,Racing Santander,Leganes,1,1,7,4,7,7,4,3,0,0
13/12/2025,20:00,La Coruna,Sociedad B,0,3,9,3,6,3,0,4,0,0
14/12/2025,15:15,Albacete,Malaga,1,3,5,5,6,5,3,1,0,0
20/12/2025,13:00,Andorra,La Coruna,1,0,4,1,1,4,3,4,0,0
20/12/2025,15:15,Huesca,Racing Santander,1,1,3,3,8,3,5,2,0,0
21/12/2025,13:00,Malaga,Almeria,2,1,7,5,1,2,5,4,0,0
03/01/2026,17:30,Valladolid,Racing Santander,1,1,1,2,4,0,8,2,1,0
04/01/2026,13:00,Sp Gijon,Malaga,1,3,3,7,5,5,2,4,1,0
04/01/2026,20:00,La Coruna,Cadiz,2,2,5,2,8,4,4,3,0,0
10/01/2026,17:30,Las Palmas,La Coruna,1,1,6,3,7,3,2,2,0,0
10/01/2026,20:00,Racing Santander,Zaragoza,2,3,6,8,13,3,3,4,0,1
11/01/2026,15:15,Malaga,Ceuta,2,1,8,2,6,6,4,2,0,0
17/01/2026,20:00,Almeria,La Coruna,1,2,3,6,2,2,4,3,0,0
18/01/2026,15:15,Racing Santander,Las Palmas,4,1,7,5,4,2,2,4,0,0
18/01/2026,20:00,Cordoba,Malaga,0,1,7,5,8,4,1,1,0,0
23/01/2026,19:30,Malaga,Burgos,3,0,7,2,1,3,3,5,0,0
25/01/2026,20:00,La Coruna,Racing Santander,0,1,1,1,7,5,3,4,0,1
31/01/2026,17:30,Cultural Leonesa,La Coruna,0,1,2,5,4,7,4,2,0,0
01/02/2026,20:00,Granada,Racing Santander,1,0,6,2,5,4,5,4,0,0
02/02/2026,19:30,Mirandes,Malaga,2,1,5,3,7,6,4,3,0,0
08/02/2026,15:15,La Coruna,Albacete,2,1,1,4,4,1,3,2,0,0
08/02/2026,20:00,Malaga,Cultural Leonesa,2,1,8,3,8,2,2,6,0,0
09/02/2026,19:30,Racing Santander,Mirandes,1,0,7,2,7,3,4,6,1,1
15/02/2026,15:15,Eibar,Racing Santander,2,1,4,3,5,5,5,2,0,1
15/02/2026,20:00,Castellon,La Coruna,2,0,3,1,4,3,3,3,0,0
16/02/2026,19:30,Sociedad B,Malaga,2,1,8,4,5,1,5,4,1,0
21/02/2026,15:15,La Coruna,Eibar,1,0,5,2,6,3,6,1,1,0
22/02/2026,17:30,Racing Santander,Burgos,1,0,3,1,5,7,3,2,0,0
22/02/2026,20:00,Malaga,Albacete,1,0,8,2,4,3,2,1,0,0
28/02/2026,17:30,Granada,Malaga,0,1,1,5,4,4,3,2,0,0
28/02/2026,20:00,Castellon,Racing Santander,1,3,3,7,3,3,2,2,1,0
01/03/2026,13:00,Sociedad B,La Coruna,2,3,4,4,5,2,3,1,1,0
07/03/2026,20:00,Malaga,Valladolid,3,3,6,6,0,9,4,4,1,0
08/03/2026,17:30,Racing Santander,Cordoba,4,3,8,9,6,7,2,3,0,0
08/03/2026,20:00,La Coruna,Granada,0,2,3,5,10,4,0,0,0,0
14/03/2026,15:15,Cultural Leonesa,Racing Santander,1,2,6,3,6,3,3,1,0,0
14/03/2026,20:00,Ceuta,La Coruna,1,2,5,5,3,4,2,4,0,0
15/03/2026,17:30,Malaga,Huesca,5,3,10,5,2,5,3,1,0,0
21/03/2026,15:15,Racing Santander,Albacete,0,4,5,5,6,5,4,5,1,0
21/03/2026,17:30,Cadiz,Malaga,0,3,1,6,4,2,2,0,0,0
21/03/2026,20:00,La Coruna,Zaragoza,2,1,4,4,7,1,3,3,0,0
28/03/2026,17:30,Malaga,Leganes,0,0,6,3,9,5,0,3,0,0
28/03/2026,20:00,Sp Gijon,La Coruna,1,1,2,2,7,12,1,3,0,0
29/03/2026,17:30,Zaragoza,Racing Santander,2,0,7,2,6,7,3,3,0,0
31/03/2026,19:00,La Coruna,Cordoba,2,0,4,2,2,8,1,1,0,0
01/04/2026,18:00,Andorra,Malaga,3,3,8,6,8,5,4,3,0,0
01/04/2026,20:30,Racing Santander,Sp Gijon,3,1,7,5,3,7,4,2,0,0
04/04/2026,17:30,La Coruna,Malaga,1,1,6,1,11,9,2,4,0,0
05/04/2026,15:15,Andorra,Racing Santander,6,2,9,3,6,2,1,4,0,1
11/04/2026,17:30,Malaga,Las Palmas,2,0,5,3,5,5,1,1,0,0
12/04/2026,15:15,Huesca,La Coruna,1,1,2,3,6,9,2,2,1,0
12/04/2026,20:00,Racing Santander,Almeria,5,1,13,3,8,0,4,2,1,1
17/04/2026,19:30,Sociedad B,Racing Santander,1,3,3,7,2,2,5,3,0,0
19/04/2026,20:00,Almeria,Malaga,3,2,6,4,3,5,2,3,1,1
20/04/2026,19:30,La Coruna,Mirandes,3,1,4,6,1,5,2,4,0,0
25/04/2026,17:30,Burgos,La Coruna,1,1,4,4,7,3,3,3,1,0
25/04/2026,20:00,Malaga,Castellon,2,3,7,8,1,3,2,4,0,0
26/04/2026,20:00,Ceuta,Racing Santander,0,0,0,9,1,9,3,3,0,0
01/05/2026,17:30,La Coruna,Leganes,2,1,6,6,9,2,4,2,0,0
02/05/2026,20:00,Eibar,Malaga,2,4,5,8,2,6,2,3,0,0
03/05/2026,13:00,Racing Santander,Huesca,4,2,15,4,12,3,0,3,0,1
08/05/2026,19:30,Cadiz,La Coruna,0,1,1,8,3,9,1,3,0,0
09/05/2026,20:00,Malaga,Sp Gijon,2,1,7,2,9,1,1,5,1,1
10/05/2026,15:15,Leganes,Racing Santander,1,2,4,5,5,3,6,2,0,0
16/05/2026,15:15,Ceuta,Malaga,1,4,6,8,5,1,4,2,0,0
16/05/2026,17:30,Racing Santander,Valladolid,4,1,8,2,6,2,1,0,0,1
17/05/2026,13:00,La Coruna,Andorra,2,1,7,4,2,1,2,4,0,0
24/05/2026,17:30,Malaga,Racing Santander,1,1,6,8,5,7,1,5,0,0
24/05/2026,17:30,Valladolid,La Coruna,0,2,2,3,6,3,5,1,1,0
31/05/2026,17:30,La Coruna,Las Palmas,1,2,3,2,1,5,1,0,0,0
31/05/2026,17:30,Racing Santander,Cadiz,4,1,8,3,3,3,0,0,0,0
31/05/2026,17:30,Zaragoza,Malaga,0,2,2,7,3,6,1,1,0,0
